[2025-08-16T12:41:43.744+0000] {processor.py:161} INFO - Started process (PID=53) to work on /opt/airflow/dags/steam_pipeline_dag.py
[2025-08-16T12:41:43.745+0000] {processor.py:830} INFO - Processing file /opt/airflow/dags/steam_pipeline_dag.py for tasks to queue
[2025-08-16T12:41:43.748+0000] {logging_mixin.py:188} INFO - [2025-08-16T12:41:43.747+0000] {dagbag.py:545} INFO - Filling up the DagBag from /opt/airflow/dags/steam_pipeline_dag.py
[2025-08-16T12:41:43.822+0000] {logging_mixin.py:188} INFO - [2025-08-16T12:41:43.813+0000] {dagbag.py:355} ERROR - Failed to import: /opt/airflow/dags/steam_pipeline_dag.py
Traceback (most recent call last):
  File "/home/airflow/.local/lib/python3.12/site-packages/airflow/models/dagbag.py", line 351, in parse
    loader.exec_module(new_module)
  File "<frozen importlib._bootstrap_external>", line 995, in exec_module
  File "<frozen importlib._bootstrap>", line 488, in _call_with_frames_removed
  File "/opt/airflow/dags/steam_pipeline_dag.py", line 13, in <module>
    from etl.bronze_extract import extract_app
  File "/opt/airflow/etl/bronze_extract.py", line 3, in <module>
    from tqdm import tqdm
ModuleNotFoundError: No module named 'tqdm'
[2025-08-16T12:41:43.825+0000] {processor.py:842} WARNING - No viable dags retrieved from /opt/airflow/dags/steam_pipeline_dag.py
[2025-08-16T12:41:43.843+0000] {processor.py:183} INFO - Processing /opt/airflow/dags/steam_pipeline_dag.py took 0.104 seconds
[2025-08-16T12:42:14.912+0000] {processor.py:161} INFO - Started process (PID=131) to work on /opt/airflow/dags/steam_pipeline_dag.py
[2025-08-16T12:42:14.913+0000] {processor.py:830} INFO - Processing file /opt/airflow/dags/steam_pipeline_dag.py for tasks to queue
[2025-08-16T12:42:14.915+0000] {logging_mixin.py:188} INFO - [2025-08-16T12:42:14.914+0000] {dagbag.py:545} INFO - Filling up the DagBag from /opt/airflow/dags/steam_pipeline_dag.py
[2025-08-16T12:42:14.982+0000] {logging_mixin.py:188} INFO - [2025-08-16T12:42:14.972+0000] {dagbag.py:355} ERROR - Failed to import: /opt/airflow/dags/steam_pipeline_dag.py
Traceback (most recent call last):
  File "/home/airflow/.local/lib/python3.12/site-packages/airflow/models/dagbag.py", line 351, in parse
    loader.exec_module(new_module)
  File "<frozen importlib._bootstrap_external>", line 995, in exec_module
  File "<frozen importlib._bootstrap>", line 488, in _call_with_frames_removed
  File "/opt/airflow/dags/steam_pipeline_dag.py", line 13, in <module>
    from etl.bronze_extract import extract_app
  File "/opt/airflow/etl/bronze_extract.py", line 3, in <module>
    from tqdm import tqdm
ModuleNotFoundError: No module named 'tqdm'
[2025-08-16T12:42:14.987+0000] {processor.py:842} WARNING - No viable dags retrieved from /opt/airflow/dags/steam_pipeline_dag.py
[2025-08-16T12:42:15.007+0000] {processor.py:183} INFO - Processing /opt/airflow/dags/steam_pipeline_dag.py took 0.101 seconds
[2025-08-16T12:42:45.762+0000] {processor.py:161} INFO - Started process (PID=132) to work on /opt/airflow/dags/steam_pipeline_dag.py
[2025-08-16T12:42:45.764+0000] {processor.py:830} INFO - Processing file /opt/airflow/dags/steam_pipeline_dag.py for tasks to queue
[2025-08-16T12:42:45.766+0000] {logging_mixin.py:188} INFO - [2025-08-16T12:42:45.765+0000] {dagbag.py:545} INFO - Filling up the DagBag from /opt/airflow/dags/steam_pipeline_dag.py
[2025-08-16T12:42:45.823+0000] {logging_mixin.py:188} INFO - [2025-08-16T12:42:45.815+0000] {dagbag.py:355} ERROR - Failed to import: /opt/airflow/dags/steam_pipeline_dag.py
Traceback (most recent call last):
  File "/home/airflow/.local/lib/python3.12/site-packages/airflow/models/dagbag.py", line 351, in parse
    loader.exec_module(new_module)
  File "<frozen importlib._bootstrap_external>", line 995, in exec_module
  File "<frozen importlib._bootstrap>", line 488, in _call_with_frames_removed
  File "/opt/airflow/dags/steam_pipeline_dag.py", line 13, in <module>
    from etl.bronze_extract import extract_app
  File "/opt/airflow/etl/bronze_extract.py", line 3, in <module>
    from tqdm import tqdm
ModuleNotFoundError: No module named 'tqdm'
[2025-08-16T12:42:45.826+0000] {processor.py:842} WARNING - No viable dags retrieved from /opt/airflow/dags/steam_pipeline_dag.py
[2025-08-16T12:42:45.843+0000] {processor.py:183} INFO - Processing /opt/airflow/dags/steam_pipeline_dag.py took 0.086 seconds
[2025-08-16T12:43:16.790+0000] {processor.py:161} INFO - Started process (PID=133) to work on /opt/airflow/dags/steam_pipeline_dag.py
[2025-08-16T12:43:16.791+0000] {processor.py:830} INFO - Processing file /opt/airflow/dags/steam_pipeline_dag.py for tasks to queue
[2025-08-16T12:43:16.793+0000] {logging_mixin.py:188} INFO - [2025-08-16T12:43:16.793+0000] {dagbag.py:545} INFO - Filling up the DagBag from /opt/airflow/dags/steam_pipeline_dag.py
[2025-08-16T12:43:16.854+0000] {logging_mixin.py:188} INFO - [2025-08-16T12:43:16.848+0000] {dagbag.py:355} ERROR - Failed to import: /opt/airflow/dags/steam_pipeline_dag.py
Traceback (most recent call last):
  File "/home/airflow/.local/lib/python3.12/site-packages/airflow/models/dagbag.py", line 351, in parse
    loader.exec_module(new_module)
  File "<frozen importlib._bootstrap_external>", line 995, in exec_module
  File "<frozen importlib._bootstrap>", line 488, in _call_with_frames_removed
  File "/opt/airflow/dags/steam_pipeline_dag.py", line 13, in <module>
    from etl.bronze_extract import extract_app
  File "/opt/airflow/etl/bronze_extract.py", line 3, in <module>
    from tqdm import tqdm
ModuleNotFoundError: No module named 'tqdm'
[2025-08-16T12:43:16.857+0000] {processor.py:842} WARNING - No viable dags retrieved from /opt/airflow/dags/steam_pipeline_dag.py
[2025-08-16T12:43:16.871+0000] {processor.py:183} INFO - Processing /opt/airflow/dags/steam_pipeline_dag.py took 0.087 seconds
[2025-08-16T12:43:47.243+0000] {processor.py:161} INFO - Started process (PID=134) to work on /opt/airflow/dags/steam_pipeline_dag.py
[2025-08-16T12:43:47.244+0000] {processor.py:830} INFO - Processing file /opt/airflow/dags/steam_pipeline_dag.py for tasks to queue
[2025-08-16T12:43:47.248+0000] {logging_mixin.py:188} INFO - [2025-08-16T12:43:47.248+0000] {dagbag.py:545} INFO - Filling up the DagBag from /opt/airflow/dags/steam_pipeline_dag.py
[2025-08-16T12:43:47.334+0000] {logging_mixin.py:188} INFO - [2025-08-16T12:43:47.326+0000] {dagbag.py:355} ERROR - Failed to import: /opt/airflow/dags/steam_pipeline_dag.py
Traceback (most recent call last):
  File "/home/airflow/.local/lib/python3.12/site-packages/airflow/models/dagbag.py", line 351, in parse
    loader.exec_module(new_module)
  File "<frozen importlib._bootstrap_external>", line 995, in exec_module
  File "<frozen importlib._bootstrap>", line 488, in _call_with_frames_removed
  File "/opt/airflow/dags/steam_pipeline_dag.py", line 13, in <module>
    from etl.bronze_extract import extract_app
  File "/opt/airflow/etl/bronze_extract.py", line 3, in <module>
    from tqdm import tqdm
ModuleNotFoundError: No module named 'tqdm'
[2025-08-16T12:43:47.337+0000] {processor.py:842} WARNING - No viable dags retrieved from /opt/airflow/dags/steam_pipeline_dag.py
[2025-08-16T12:43:47.356+0000] {processor.py:183} INFO - Processing /opt/airflow/dags/steam_pipeline_dag.py took 0.119 seconds
[2025-08-16T12:44:17.959+0000] {processor.py:161} INFO - Started process (PID=135) to work on /opt/airflow/dags/steam_pipeline_dag.py
[2025-08-16T12:44:17.960+0000] {processor.py:830} INFO - Processing file /opt/airflow/dags/steam_pipeline_dag.py for tasks to queue
[2025-08-16T12:44:17.962+0000] {logging_mixin.py:188} INFO - [2025-08-16T12:44:17.962+0000] {dagbag.py:545} INFO - Filling up the DagBag from /opt/airflow/dags/steam_pipeline_dag.py
[2025-08-16T12:44:18.128+0000] {logging_mixin.py:188} INFO - [2025-08-16T12:44:18.115+0000] {dagbag.py:355} ERROR - Failed to import: /opt/airflow/dags/steam_pipeline_dag.py
Traceback (most recent call last):
  File "/home/airflow/.local/lib/python3.12/site-packages/airflow/models/dagbag.py", line 351, in parse
    loader.exec_module(new_module)
  File "<frozen importlib._bootstrap_external>", line 995, in exec_module
  File "<frozen importlib._bootstrap>", line 488, in _call_with_frames_removed
  File "/opt/airflow/dags/steam_pipeline_dag.py", line 13, in <module>
    from etl.bronze_extract import extract_app
  File "/opt/airflow/etl/bronze_extract.py", line 3, in <module>
    from tqdm import tqdm
ModuleNotFoundError: No module named 'tqdm'
[2025-08-16T12:44:18.132+0000] {processor.py:842} WARNING - No viable dags retrieved from /opt/airflow/dags/steam_pipeline_dag.py
[2025-08-16T12:44:18.152+0000] {processor.py:183} INFO - Processing /opt/airflow/dags/steam_pipeline_dag.py took 0.201 seconds
[2025-08-16T12:44:49.211+0000] {processor.py:161} INFO - Started process (PID=136) to work on /opt/airflow/dags/steam_pipeline_dag.py
[2025-08-16T12:44:49.213+0000] {processor.py:830} INFO - Processing file /opt/airflow/dags/steam_pipeline_dag.py for tasks to queue
[2025-08-16T12:44:49.215+0000] {logging_mixin.py:188} INFO - [2025-08-16T12:44:49.215+0000] {dagbag.py:545} INFO - Filling up the DagBag from /opt/airflow/dags/steam_pipeline_dag.py
[2025-08-16T12:44:49.282+0000] {logging_mixin.py:188} INFO - [2025-08-16T12:44:49.273+0000] {dagbag.py:355} ERROR - Failed to import: /opt/airflow/dags/steam_pipeline_dag.py
Traceback (most recent call last):
  File "/home/airflow/.local/lib/python3.12/site-packages/airflow/models/dagbag.py", line 351, in parse
    loader.exec_module(new_module)
  File "<frozen importlib._bootstrap_external>", line 995, in exec_module
  File "<frozen importlib._bootstrap>", line 488, in _call_with_frames_removed
  File "/opt/airflow/dags/steam_pipeline_dag.py", line 13, in <module>
    from etl.bronze_extract import extract_app
  File "/opt/airflow/etl/bronze_extract.py", line 3, in <module>
    from tqdm import tqdm
ModuleNotFoundError: No module named 'tqdm'
[2025-08-16T12:44:49.285+0000] {processor.py:842} WARNING - No viable dags retrieved from /opt/airflow/dags/steam_pipeline_dag.py
[2025-08-16T12:44:49.302+0000] {processor.py:183} INFO - Processing /opt/airflow/dags/steam_pipeline_dag.py took 0.097 seconds
[2025-08-16T12:45:19.568+0000] {processor.py:161} INFO - Started process (PID=137) to work on /opt/airflow/dags/steam_pipeline_dag.py
[2025-08-16T12:45:19.569+0000] {processor.py:830} INFO - Processing file /opt/airflow/dags/steam_pipeline_dag.py for tasks to queue
[2025-08-16T12:45:19.572+0000] {logging_mixin.py:188} INFO - [2025-08-16T12:45:19.571+0000] {dagbag.py:545} INFO - Filling up the DagBag from /opt/airflow/dags/steam_pipeline_dag.py
[2025-08-16T12:45:19.645+0000] {logging_mixin.py:188} INFO - [2025-08-16T12:45:19.638+0000] {dagbag.py:355} ERROR - Failed to import: /opt/airflow/dags/steam_pipeline_dag.py
Traceback (most recent call last):
  File "/home/airflow/.local/lib/python3.12/site-packages/airflow/models/dagbag.py", line 351, in parse
    loader.exec_module(new_module)
  File "<frozen importlib._bootstrap_external>", line 995, in exec_module
  File "<frozen importlib._bootstrap>", line 488, in _call_with_frames_removed
  File "/opt/airflow/dags/steam_pipeline_dag.py", line 13, in <module>
    from etl.bronze_extract import extract_app
  File "/opt/airflow/etl/bronze_extract.py", line 3, in <module>
    from tqdm import tqdm
ModuleNotFoundError: No module named 'tqdm'
[2025-08-16T12:45:19.647+0000] {processor.py:842} WARNING - No viable dags retrieved from /opt/airflow/dags/steam_pipeline_dag.py
[2025-08-16T12:45:19.666+0000] {processor.py:183} INFO - Processing /opt/airflow/dags/steam_pipeline_dag.py took 0.106 seconds
[2025-08-16T12:45:50.675+0000] {processor.py:161} INFO - Started process (PID=138) to work on /opt/airflow/dags/steam_pipeline_dag.py
[2025-08-16T12:45:50.676+0000] {processor.py:830} INFO - Processing file /opt/airflow/dags/steam_pipeline_dag.py for tasks to queue
[2025-08-16T12:45:50.679+0000] {logging_mixin.py:188} INFO - [2025-08-16T12:45:50.678+0000] {dagbag.py:545} INFO - Filling up the DagBag from /opt/airflow/dags/steam_pipeline_dag.py
[2025-08-16T12:45:50.735+0000] {logging_mixin.py:188} INFO - [2025-08-16T12:45:50.727+0000] {dagbag.py:355} ERROR - Failed to import: /opt/airflow/dags/steam_pipeline_dag.py
Traceback (most recent call last):
  File "/home/airflow/.local/lib/python3.12/site-packages/airflow/models/dagbag.py", line 351, in parse
    loader.exec_module(new_module)
  File "<frozen importlib._bootstrap_external>", line 995, in exec_module
  File "<frozen importlib._bootstrap>", line 488, in _call_with_frames_removed
  File "/opt/airflow/dags/steam_pipeline_dag.py", line 13, in <module>
    from etl.bronze_extract import extract_app
  File "/opt/airflow/etl/bronze_extract.py", line 3, in <module>
    from tqdm import tqdm
ModuleNotFoundError: No module named 'tqdm'
[2025-08-16T12:45:50.737+0000] {processor.py:842} WARNING - No viable dags retrieved from /opt/airflow/dags/steam_pipeline_dag.py
[2025-08-16T12:45:50.755+0000] {processor.py:183} INFO - Processing /opt/airflow/dags/steam_pipeline_dag.py took 0.085 seconds
[2025-08-16T12:46:21.527+0000] {processor.py:161} INFO - Started process (PID=139) to work on /opt/airflow/dags/steam_pipeline_dag.py
[2025-08-16T12:46:21.529+0000] {processor.py:830} INFO - Processing file /opt/airflow/dags/steam_pipeline_dag.py for tasks to queue
[2025-08-16T12:46:21.532+0000] {logging_mixin.py:188} INFO - [2025-08-16T12:46:21.531+0000] {dagbag.py:545} INFO - Filling up the DagBag from /opt/airflow/dags/steam_pipeline_dag.py
[2025-08-16T12:46:21.626+0000] {logging_mixin.py:188} INFO - [2025-08-16T12:46:21.615+0000] {dagbag.py:355} ERROR - Failed to import: /opt/airflow/dags/steam_pipeline_dag.py
Traceback (most recent call last):
  File "/home/airflow/.local/lib/python3.12/site-packages/airflow/models/dagbag.py", line 351, in parse
    loader.exec_module(new_module)
  File "<frozen importlib._bootstrap_external>", line 995, in exec_module
  File "<frozen importlib._bootstrap>", line 488, in _call_with_frames_removed
  File "/opt/airflow/dags/steam_pipeline_dag.py", line 13, in <module>
    from etl.bronze_extract import extract_app
  File "/opt/airflow/etl/bronze_extract.py", line 3, in <module>
    from tqdm import tqdm
ModuleNotFoundError: No module named 'tqdm'
[2025-08-16T12:46:21.630+0000] {processor.py:842} WARNING - No viable dags retrieved from /opt/airflow/dags/steam_pipeline_dag.py
[2025-08-16T12:46:21.659+0000] {processor.py:183} INFO - Processing /opt/airflow/dags/steam_pipeline_dag.py took 0.143 seconds
[2025-08-16T12:46:51.773+0000] {processor.py:161} INFO - Started process (PID=140) to work on /opt/airflow/dags/steam_pipeline_dag.py
[2025-08-16T12:46:51.774+0000] {processor.py:830} INFO - Processing file /opt/airflow/dags/steam_pipeline_dag.py for tasks to queue
[2025-08-16T12:46:51.776+0000] {logging_mixin.py:188} INFO - [2025-08-16T12:46:51.776+0000] {dagbag.py:545} INFO - Filling up the DagBag from /opt/airflow/dags/steam_pipeline_dag.py
[2025-08-16T12:46:51.825+0000] {logging_mixin.py:188} INFO - [2025-08-16T12:46:51.817+0000] {dagbag.py:355} ERROR - Failed to import: /opt/airflow/dags/steam_pipeline_dag.py
Traceback (most recent call last):
  File "/home/airflow/.local/lib/python3.12/site-packages/airflow/models/dagbag.py", line 351, in parse
    loader.exec_module(new_module)
  File "<frozen importlib._bootstrap_external>", line 995, in exec_module
  File "<frozen importlib._bootstrap>", line 488, in _call_with_frames_removed
  File "/opt/airflow/dags/steam_pipeline_dag.py", line 13, in <module>
    from etl.bronze_extract import extract_app
  File "/opt/airflow/etl/bronze_extract.py", line 3, in <module>
    from tqdm import tqdm
ModuleNotFoundError: No module named 'tqdm'
[2025-08-16T12:46:51.828+0000] {processor.py:842} WARNING - No viable dags retrieved from /opt/airflow/dags/steam_pipeline_dag.py
[2025-08-16T12:46:51.851+0000] {processor.py:183} INFO - Processing /opt/airflow/dags/steam_pipeline_dag.py took 0.083 seconds
[2025-08-16T12:47:22.575+0000] {processor.py:161} INFO - Started process (PID=141) to work on /opt/airflow/dags/steam_pipeline_dag.py
[2025-08-16T12:47:22.577+0000] {processor.py:830} INFO - Processing file /opt/airflow/dags/steam_pipeline_dag.py for tasks to queue
[2025-08-16T12:47:22.580+0000] {logging_mixin.py:188} INFO - [2025-08-16T12:47:22.579+0000] {dagbag.py:545} INFO - Filling up the DagBag from /opt/airflow/dags/steam_pipeline_dag.py
[2025-08-16T12:47:22.648+0000] {logging_mixin.py:188} INFO - [2025-08-16T12:47:22.640+0000] {dagbag.py:355} ERROR - Failed to import: /opt/airflow/dags/steam_pipeline_dag.py
Traceback (most recent call last):
  File "/home/airflow/.local/lib/python3.12/site-packages/airflow/models/dagbag.py", line 351, in parse
    loader.exec_module(new_module)
  File "<frozen importlib._bootstrap_external>", line 995, in exec_module
  File "<frozen importlib._bootstrap>", line 488, in _call_with_frames_removed
  File "/opt/airflow/dags/steam_pipeline_dag.py", line 13, in <module>
    from etl.bronze_extract import extract_app
  File "/opt/airflow/etl/bronze_extract.py", line 3, in <module>
    from tqdm import tqdm
ModuleNotFoundError: No module named 'tqdm'
[2025-08-16T12:47:22.653+0000] {processor.py:842} WARNING - No viable dags retrieved from /opt/airflow/dags/steam_pipeline_dag.py
[2025-08-16T12:47:22.680+0000] {processor.py:183} INFO - Processing /opt/airflow/dags/steam_pipeline_dag.py took 0.112 seconds
[2025-08-16T12:47:53.599+0000] {processor.py:161} INFO - Started process (PID=142) to work on /opt/airflow/dags/steam_pipeline_dag.py
[2025-08-16T12:47:53.600+0000] {processor.py:830} INFO - Processing file /opt/airflow/dags/steam_pipeline_dag.py for tasks to queue
[2025-08-16T12:47:53.602+0000] {logging_mixin.py:188} INFO - [2025-08-16T12:47:53.602+0000] {dagbag.py:545} INFO - Filling up the DagBag from /opt/airflow/dags/steam_pipeline_dag.py
[2025-08-16T12:47:53.672+0000] {logging_mixin.py:188} INFO - [2025-08-16T12:47:53.662+0000] {dagbag.py:355} ERROR - Failed to import: /opt/airflow/dags/steam_pipeline_dag.py
Traceback (most recent call last):
  File "/home/airflow/.local/lib/python3.12/site-packages/airflow/models/dagbag.py", line 351, in parse
    loader.exec_module(new_module)
  File "<frozen importlib._bootstrap_external>", line 995, in exec_module
  File "<frozen importlib._bootstrap>", line 488, in _call_with_frames_removed
  File "/opt/airflow/dags/steam_pipeline_dag.py", line 13, in <module>
    from etl.bronze_extract import extract_app
  File "/opt/airflow/etl/bronze_extract.py", line 3, in <module>
    from tqdm import tqdm
ModuleNotFoundError: No module named 'tqdm'
[2025-08-16T12:47:53.677+0000] {processor.py:842} WARNING - No viable dags retrieved from /opt/airflow/dags/steam_pipeline_dag.py
[2025-08-16T12:47:53.699+0000] {processor.py:183} INFO - Processing /opt/airflow/dags/steam_pipeline_dag.py took 0.106 seconds
[2025-08-16T12:48:24.359+0000] {processor.py:161} INFO - Started process (PID=143) to work on /opt/airflow/dags/steam_pipeline_dag.py
[2025-08-16T12:48:24.361+0000] {processor.py:830} INFO - Processing file /opt/airflow/dags/steam_pipeline_dag.py for tasks to queue
[2025-08-16T12:48:24.364+0000] {logging_mixin.py:188} INFO - [2025-08-16T12:48:24.363+0000] {dagbag.py:545} INFO - Filling up the DagBag from /opt/airflow/dags/steam_pipeline_dag.py
[2025-08-16T12:48:24.443+0000] {logging_mixin.py:188} INFO - [2025-08-16T12:48:24.435+0000] {dagbag.py:355} ERROR - Failed to import: /opt/airflow/dags/steam_pipeline_dag.py
Traceback (most recent call last):
  File "/home/airflow/.local/lib/python3.12/site-packages/airflow/models/dagbag.py", line 351, in parse
    loader.exec_module(new_module)
  File "<frozen importlib._bootstrap_external>", line 995, in exec_module
  File "<frozen importlib._bootstrap>", line 488, in _call_with_frames_removed
  File "/opt/airflow/dags/steam_pipeline_dag.py", line 13, in <module>
    from etl.bronze_extract import extract_app
  File "/opt/airflow/etl/bronze_extract.py", line 3, in <module>
    from tqdm import tqdm
ModuleNotFoundError: No module named 'tqdm'
[2025-08-16T12:48:24.446+0000] {processor.py:842} WARNING - No viable dags retrieved from /opt/airflow/dags/steam_pipeline_dag.py
[2025-08-16T12:48:24.470+0000] {processor.py:183} INFO - Processing /opt/airflow/dags/steam_pipeline_dag.py took 0.120 seconds
[2025-08-16T12:48:55.037+0000] {processor.py:161} INFO - Started process (PID=144) to work on /opt/airflow/dags/steam_pipeline_dag.py
[2025-08-16T12:48:55.038+0000] {processor.py:830} INFO - Processing file /opt/airflow/dags/steam_pipeline_dag.py for tasks to queue
[2025-08-16T12:48:55.040+0000] {logging_mixin.py:188} INFO - [2025-08-16T12:48:55.039+0000] {dagbag.py:545} INFO - Filling up the DagBag from /opt/airflow/dags/steam_pipeline_dag.py
[2025-08-16T12:48:55.104+0000] {logging_mixin.py:188} INFO - [2025-08-16T12:48:55.078+0000] {dagbag.py:355} ERROR - Failed to import: /opt/airflow/dags/steam_pipeline_dag.py
Traceback (most recent call last):
  File "/home/airflow/.local/lib/python3.12/site-packages/airflow/models/dagbag.py", line 351, in parse
    loader.exec_module(new_module)
  File "<frozen importlib._bootstrap_external>", line 995, in exec_module
  File "<frozen importlib._bootstrap>", line 488, in _call_with_frames_removed
  File "/opt/airflow/dags/steam_pipeline_dag.py", line 13, in <module>
    from etl.bronze_extract import extract_app
  File "/opt/airflow/etl/bronze_extract.py", line 3, in <module>
    from tqdm import tqdm
ModuleNotFoundError: No module named 'tqdm'
[2025-08-16T12:48:55.110+0000] {processor.py:842} WARNING - No viable dags retrieved from /opt/airflow/dags/steam_pipeline_dag.py
[2025-08-16T12:48:55.127+0000] {processor.py:183} INFO - Processing /opt/airflow/dags/steam_pipeline_dag.py took 0.095 seconds
[2025-08-16T12:49:25.614+0000] {processor.py:161} INFO - Started process (PID=145) to work on /opt/airflow/dags/steam_pipeline_dag.py
[2025-08-16T12:49:25.614+0000] {processor.py:830} INFO - Processing file /opt/airflow/dags/steam_pipeline_dag.py for tasks to queue
[2025-08-16T12:49:25.617+0000] {logging_mixin.py:188} INFO - [2025-08-16T12:49:25.617+0000] {dagbag.py:545} INFO - Filling up the DagBag from /opt/airflow/dags/steam_pipeline_dag.py
[2025-08-16T12:49:25.685+0000] {logging_mixin.py:188} INFO - [2025-08-16T12:49:25.671+0000] {dagbag.py:355} ERROR - Failed to import: /opt/airflow/dags/steam_pipeline_dag.py
Traceback (most recent call last):
  File "/home/airflow/.local/lib/python3.12/site-packages/airflow/models/dagbag.py", line 351, in parse
    loader.exec_module(new_module)
  File "<frozen importlib._bootstrap_external>", line 995, in exec_module
  File "<frozen importlib._bootstrap>", line 488, in _call_with_frames_removed
  File "/opt/airflow/dags/steam_pipeline_dag.py", line 13, in <module>
    from etl.bronze_extract import extract_app
  File "/opt/airflow/etl/bronze_extract.py", line 3, in <module>
    from tqdm import tqdm
ModuleNotFoundError: No module named 'tqdm'
[2025-08-16T12:49:25.687+0000] {processor.py:842} WARNING - No viable dags retrieved from /opt/airflow/dags/steam_pipeline_dag.py
[2025-08-16T12:49:25.705+0000] {processor.py:183} INFO - Processing /opt/airflow/dags/steam_pipeline_dag.py took 0.096 seconds
[2025-08-16T12:49:55.882+0000] {processor.py:161} INFO - Started process (PID=155) to work on /opt/airflow/dags/steam_pipeline_dag.py
[2025-08-16T12:49:55.883+0000] {processor.py:830} INFO - Processing file /opt/airflow/dags/steam_pipeline_dag.py for tasks to queue
[2025-08-16T12:49:55.886+0000] {logging_mixin.py:188} INFO - [2025-08-16T12:49:55.885+0000] {dagbag.py:545} INFO - Filling up the DagBag from /opt/airflow/dags/steam_pipeline_dag.py
[2025-08-16T12:49:55.949+0000] {logging_mixin.py:188} INFO - [2025-08-16T12:49:55.943+0000] {dagbag.py:355} ERROR - Failed to import: /opt/airflow/dags/steam_pipeline_dag.py
Traceback (most recent call last):
  File "/home/airflow/.local/lib/python3.12/site-packages/airflow/models/dagbag.py", line 351, in parse
    loader.exec_module(new_module)
  File "<frozen importlib._bootstrap_external>", line 995, in exec_module
  File "<frozen importlib._bootstrap>", line 488, in _call_with_frames_removed
  File "/opt/airflow/dags/steam_pipeline_dag.py", line 13, in <module>
    from etl.bronze_extract import extract_app
  File "/opt/airflow/etl/bronze_extract.py", line 3, in <module>
    from tqdm import tqdm
ModuleNotFoundError: No module named 'tqdm'
[2025-08-16T12:49:55.951+0000] {processor.py:842} WARNING - No viable dags retrieved from /opt/airflow/dags/steam_pipeline_dag.py
[2025-08-16T12:49:55.976+0000] {processor.py:183} INFO - Processing /opt/airflow/dags/steam_pipeline_dag.py took 0.100 seconds
[2025-08-16T12:50:26.517+0000] {processor.py:161} INFO - Started process (PID=156) to work on /opt/airflow/dags/steam_pipeline_dag.py
[2025-08-16T12:50:26.518+0000] {processor.py:830} INFO - Processing file /opt/airflow/dags/steam_pipeline_dag.py for tasks to queue
[2025-08-16T12:50:26.520+0000] {logging_mixin.py:188} INFO - [2025-08-16T12:50:26.520+0000] {dagbag.py:545} INFO - Filling up the DagBag from /opt/airflow/dags/steam_pipeline_dag.py
[2025-08-16T12:50:26.575+0000] {logging_mixin.py:188} INFO - [2025-08-16T12:50:26.569+0000] {dagbag.py:355} ERROR - Failed to import: /opt/airflow/dags/steam_pipeline_dag.py
Traceback (most recent call last):
  File "/home/airflow/.local/lib/python3.12/site-packages/airflow/models/dagbag.py", line 351, in parse
    loader.exec_module(new_module)
  File "<frozen importlib._bootstrap_external>", line 995, in exec_module
  File "<frozen importlib._bootstrap>", line 488, in _call_with_frames_removed
  File "/opt/airflow/dags/steam_pipeline_dag.py", line 13, in <module>
    from etl.bronze_extract import extract_app
  File "/opt/airflow/etl/bronze_extract.py", line 3, in <module>
    from tqdm import tqdm
ModuleNotFoundError: No module named 'tqdm'
[2025-08-16T12:50:26.577+0000] {processor.py:842} WARNING - No viable dags retrieved from /opt/airflow/dags/steam_pipeline_dag.py
[2025-08-16T12:50:26.593+0000] {processor.py:183} INFO - Processing /opt/airflow/dags/steam_pipeline_dag.py took 0.081 seconds
[2025-08-16T12:50:57.656+0000] {processor.py:161} INFO - Started process (PID=157) to work on /opt/airflow/dags/steam_pipeline_dag.py
[2025-08-16T12:50:57.657+0000] {processor.py:830} INFO - Processing file /opt/airflow/dags/steam_pipeline_dag.py for tasks to queue
[2025-08-16T12:50:57.659+0000] {logging_mixin.py:188} INFO - [2025-08-16T12:50:57.659+0000] {dagbag.py:545} INFO - Filling up the DagBag from /opt/airflow/dags/steam_pipeline_dag.py
[2025-08-16T12:50:57.720+0000] {logging_mixin.py:188} INFO - [2025-08-16T12:50:57.711+0000] {dagbag.py:355} ERROR - Failed to import: /opt/airflow/dags/steam_pipeline_dag.py
Traceback (most recent call last):
  File "/home/airflow/.local/lib/python3.12/site-packages/airflow/models/dagbag.py", line 351, in parse
    loader.exec_module(new_module)
  File "<frozen importlib._bootstrap_external>", line 995, in exec_module
  File "<frozen importlib._bootstrap>", line 488, in _call_with_frames_removed
  File "/opt/airflow/dags/steam_pipeline_dag.py", line 13, in <module>
    from etl.bronze_extract import extract_app
  File "/opt/airflow/etl/bronze_extract.py", line 3, in <module>
    from tqdm import tqdm
ModuleNotFoundError: No module named 'tqdm'
[2025-08-16T12:50:57.724+0000] {processor.py:842} WARNING - No viable dags retrieved from /opt/airflow/dags/steam_pipeline_dag.py
[2025-08-16T12:50:57.738+0000] {processor.py:183} INFO - Processing /opt/airflow/dags/steam_pipeline_dag.py took 0.086 seconds
[2025-08-16T12:51:28.319+0000] {processor.py:161} INFO - Started process (PID=158) to work on /opt/airflow/dags/steam_pipeline_dag.py
[2025-08-16T12:51:28.320+0000] {processor.py:830} INFO - Processing file /opt/airflow/dags/steam_pipeline_dag.py for tasks to queue
[2025-08-16T12:51:28.322+0000] {logging_mixin.py:188} INFO - [2025-08-16T12:51:28.322+0000] {dagbag.py:545} INFO - Filling up the DagBag from /opt/airflow/dags/steam_pipeline_dag.py
[2025-08-16T12:51:28.384+0000] {logging_mixin.py:188} INFO - [2025-08-16T12:51:28.370+0000] {dagbag.py:355} ERROR - Failed to import: /opt/airflow/dags/steam_pipeline_dag.py
Traceback (most recent call last):
  File "/home/airflow/.local/lib/python3.12/site-packages/airflow/models/dagbag.py", line 351, in parse
    loader.exec_module(new_module)
  File "<frozen importlib._bootstrap_external>", line 995, in exec_module
  File "<frozen importlib._bootstrap>", line 488, in _call_with_frames_removed
  File "/opt/airflow/dags/steam_pipeline_dag.py", line 13, in <module>
    from etl.bronze_extract import extract_app
  File "/opt/airflow/etl/bronze_extract.py", line 3, in <module>
    from tqdm import tqdm
ModuleNotFoundError: No module named 'tqdm'
[2025-08-16T12:51:28.387+0000] {processor.py:842} WARNING - No viable dags retrieved from /opt/airflow/dags/steam_pipeline_dag.py
[2025-08-16T12:51:28.412+0000] {processor.py:183} INFO - Processing /opt/airflow/dags/steam_pipeline_dag.py took 0.099 seconds
[2025-08-16T12:51:58.648+0000] {processor.py:161} INFO - Started process (PID=159) to work on /opt/airflow/dags/steam_pipeline_dag.py
[2025-08-16T12:51:58.649+0000] {processor.py:830} INFO - Processing file /opt/airflow/dags/steam_pipeline_dag.py for tasks to queue
[2025-08-16T12:51:58.651+0000] {logging_mixin.py:188} INFO - [2025-08-16T12:51:58.651+0000] {dagbag.py:545} INFO - Filling up the DagBag from /opt/airflow/dags/steam_pipeline_dag.py
[2025-08-16T12:51:58.718+0000] {logging_mixin.py:188} INFO - [2025-08-16T12:51:58.708+0000] {dagbag.py:355} ERROR - Failed to import: /opt/airflow/dags/steam_pipeline_dag.py
Traceback (most recent call last):
  File "/home/airflow/.local/lib/python3.12/site-packages/airflow/models/dagbag.py", line 351, in parse
    loader.exec_module(new_module)
  File "<frozen importlib._bootstrap_external>", line 995, in exec_module
  File "<frozen importlib._bootstrap>", line 488, in _call_with_frames_removed
  File "/opt/airflow/dags/steam_pipeline_dag.py", line 13, in <module>
    from etl.bronze_extract import extract_app
  File "/opt/airflow/etl/bronze_extract.py", line 3, in <module>
    from tqdm import tqdm
ModuleNotFoundError: No module named 'tqdm'
[2025-08-16T12:51:58.722+0000] {processor.py:842} WARNING - No viable dags retrieved from /opt/airflow/dags/steam_pipeline_dag.py
[2025-08-16T12:51:58.743+0000] {processor.py:183} INFO - Processing /opt/airflow/dags/steam_pipeline_dag.py took 0.103 seconds
[2025-08-16T12:52:29.856+0000] {processor.py:161} INFO - Started process (PID=160) to work on /opt/airflow/dags/steam_pipeline_dag.py
[2025-08-16T12:52:29.857+0000] {processor.py:830} INFO - Processing file /opt/airflow/dags/steam_pipeline_dag.py for tasks to queue
[2025-08-16T12:52:29.859+0000] {logging_mixin.py:188} INFO - [2025-08-16T12:52:29.859+0000] {dagbag.py:545} INFO - Filling up the DagBag from /opt/airflow/dags/steam_pipeline_dag.py
[2025-08-16T12:52:29.917+0000] {logging_mixin.py:188} INFO - [2025-08-16T12:52:29.909+0000] {dagbag.py:355} ERROR - Failed to import: /opt/airflow/dags/steam_pipeline_dag.py
Traceback (most recent call last):
  File "/home/airflow/.local/lib/python3.12/site-packages/airflow/models/dagbag.py", line 351, in parse
    loader.exec_module(new_module)
  File "<frozen importlib._bootstrap_external>", line 995, in exec_module
  File "<frozen importlib._bootstrap>", line 488, in _call_with_frames_removed
  File "/opt/airflow/dags/steam_pipeline_dag.py", line 13, in <module>
    from etl.bronze_extract import extract_app
  File "/opt/airflow/etl/bronze_extract.py", line 3, in <module>
    from tqdm import tqdm
ModuleNotFoundError: No module named 'tqdm'
[2025-08-16T12:52:29.920+0000] {processor.py:842} WARNING - No viable dags retrieved from /opt/airflow/dags/steam_pipeline_dag.py
[2025-08-16T12:52:29.935+0000] {processor.py:183} INFO - Processing /opt/airflow/dags/steam_pipeline_dag.py took 0.084 seconds
[2025-08-16T12:53:00.395+0000] {processor.py:161} INFO - Started process (PID=161) to work on /opt/airflow/dags/steam_pipeline_dag.py
[2025-08-16T12:53:00.396+0000] {processor.py:830} INFO - Processing file /opt/airflow/dags/steam_pipeline_dag.py for tasks to queue
[2025-08-16T12:53:00.397+0000] {logging_mixin.py:188} INFO - [2025-08-16T12:53:00.397+0000] {dagbag.py:545} INFO - Filling up the DagBag from /opt/airflow/dags/steam_pipeline_dag.py
[2025-08-16T12:53:00.449+0000] {logging_mixin.py:188} INFO - [2025-08-16T12:53:00.443+0000] {dagbag.py:355} ERROR - Failed to import: /opt/airflow/dags/steam_pipeline_dag.py
Traceback (most recent call last):
  File "/home/airflow/.local/lib/python3.12/site-packages/airflow/models/dagbag.py", line 351, in parse
    loader.exec_module(new_module)
  File "<frozen importlib._bootstrap_external>", line 995, in exec_module
  File "<frozen importlib._bootstrap>", line 488, in _call_with_frames_removed
  File "/opt/airflow/dags/steam_pipeline_dag.py", line 13, in <module>
    from etl.bronze_extract import extract_app
  File "/opt/airflow/etl/bronze_extract.py", line 3, in <module>
    from tqdm import tqdm
ModuleNotFoundError: No module named 'tqdm'
[2025-08-16T12:53:00.452+0000] {processor.py:842} WARNING - No viable dags retrieved from /opt/airflow/dags/steam_pipeline_dag.py
[2025-08-16T12:53:00.471+0000] {processor.py:183} INFO - Processing /opt/airflow/dags/steam_pipeline_dag.py took 0.082 seconds
[2025-08-16T12:53:30.576+0000] {processor.py:161} INFO - Started process (PID=162) to work on /opt/airflow/dags/steam_pipeline_dag.py
[2025-08-16T12:53:30.578+0000] {processor.py:830} INFO - Processing file /opt/airflow/dags/steam_pipeline_dag.py for tasks to queue
[2025-08-16T12:53:30.580+0000] {logging_mixin.py:188} INFO - [2025-08-16T12:53:30.580+0000] {dagbag.py:545} INFO - Filling up the DagBag from /opt/airflow/dags/steam_pipeline_dag.py
[2025-08-16T12:53:30.646+0000] {logging_mixin.py:188} INFO - [2025-08-16T12:53:30.637+0000] {dagbag.py:355} ERROR - Failed to import: /opt/airflow/dags/steam_pipeline_dag.py
Traceback (most recent call last):
  File "/home/airflow/.local/lib/python3.12/site-packages/airflow/models/dagbag.py", line 351, in parse
    loader.exec_module(new_module)
  File "<frozen importlib._bootstrap_external>", line 995, in exec_module
  File "<frozen importlib._bootstrap>", line 488, in _call_with_frames_removed
  File "/opt/airflow/dags/steam_pipeline_dag.py", line 13, in <module>
    from etl.bronze_extract import extract_app
  File "/opt/airflow/etl/bronze_extract.py", line 3, in <module>
    from tqdm import tqdm
ModuleNotFoundError: No module named 'tqdm'
[2025-08-16T12:53:30.648+0000] {processor.py:842} WARNING - No viable dags retrieved from /opt/airflow/dags/steam_pipeline_dag.py
[2025-08-16T12:53:30.673+0000] {processor.py:183} INFO - Processing /opt/airflow/dags/steam_pipeline_dag.py took 0.101 seconds
[2025-08-16T12:54:01.552+0000] {processor.py:161} INFO - Started process (PID=163) to work on /opt/airflow/dags/steam_pipeline_dag.py
[2025-08-16T12:54:01.554+0000] {processor.py:830} INFO - Processing file /opt/airflow/dags/steam_pipeline_dag.py for tasks to queue
[2025-08-16T12:54:01.556+0000] {logging_mixin.py:188} INFO - [2025-08-16T12:54:01.556+0000] {dagbag.py:545} INFO - Filling up the DagBag from /opt/airflow/dags/steam_pipeline_dag.py
[2025-08-16T12:54:01.613+0000] {logging_mixin.py:188} INFO - [2025-08-16T12:54:01.606+0000] {dagbag.py:355} ERROR - Failed to import: /opt/airflow/dags/steam_pipeline_dag.py
Traceback (most recent call last):
  File "/home/airflow/.local/lib/python3.12/site-packages/airflow/models/dagbag.py", line 351, in parse
    loader.exec_module(new_module)
  File "<frozen importlib._bootstrap_external>", line 995, in exec_module
  File "<frozen importlib._bootstrap>", line 488, in _call_with_frames_removed
  File "/opt/airflow/dags/steam_pipeline_dag.py", line 13, in <module>
    from etl.bronze_extract import extract_app
  File "/opt/airflow/etl/bronze_extract.py", line 3, in <module>
    from tqdm import tqdm
ModuleNotFoundError: No module named 'tqdm'
[2025-08-16T12:54:01.616+0000] {processor.py:842} WARNING - No viable dags retrieved from /opt/airflow/dags/steam_pipeline_dag.py
[2025-08-16T12:54:01.640+0000] {processor.py:183} INFO - Processing /opt/airflow/dags/steam_pipeline_dag.py took 0.095 seconds
[2025-08-16T12:54:32.856+0000] {processor.py:161} INFO - Started process (PID=164) to work on /opt/airflow/dags/steam_pipeline_dag.py
[2025-08-16T12:54:32.858+0000] {processor.py:830} INFO - Processing file /opt/airflow/dags/steam_pipeline_dag.py for tasks to queue
[2025-08-16T12:54:32.860+0000] {logging_mixin.py:188} INFO - [2025-08-16T12:54:32.859+0000] {dagbag.py:545} INFO - Filling up the DagBag from /opt/airflow/dags/steam_pipeline_dag.py
[2025-08-16T12:54:32.918+0000] {logging_mixin.py:188} INFO - [2025-08-16T12:54:32.909+0000] {dagbag.py:355} ERROR - Failed to import: /opt/airflow/dags/steam_pipeline_dag.py
Traceback (most recent call last):
  File "/home/airflow/.local/lib/python3.12/site-packages/airflow/models/dagbag.py", line 351, in parse
    loader.exec_module(new_module)
  File "<frozen importlib._bootstrap_external>", line 995, in exec_module
  File "<frozen importlib._bootstrap>", line 488, in _call_with_frames_removed
  File "/opt/airflow/dags/steam_pipeline_dag.py", line 13, in <module>
    from etl.bronze_extract import extract_app
  File "/opt/airflow/etl/bronze_extract.py", line 3, in <module>
    from tqdm import tqdm
ModuleNotFoundError: No module named 'tqdm'
[2025-08-16T12:54:32.920+0000] {processor.py:842} WARNING - No viable dags retrieved from /opt/airflow/dags/steam_pipeline_dag.py
[2025-08-16T12:54:32.939+0000] {processor.py:183} INFO - Processing /opt/airflow/dags/steam_pipeline_dag.py took 0.089 seconds
[2025-08-16T12:55:03.535+0000] {processor.py:161} INFO - Started process (PID=165) to work on /opt/airflow/dags/steam_pipeline_dag.py
[2025-08-16T12:55:03.536+0000] {processor.py:830} INFO - Processing file /opt/airflow/dags/steam_pipeline_dag.py for tasks to queue
[2025-08-16T12:55:03.539+0000] {logging_mixin.py:188} INFO - [2025-08-16T12:55:03.538+0000] {dagbag.py:545} INFO - Filling up the DagBag from /opt/airflow/dags/steam_pipeline_dag.py
[2025-08-16T12:55:03.612+0000] {logging_mixin.py:188} INFO - [2025-08-16T12:55:03.580+0000] {dagbag.py:355} ERROR - Failed to import: /opt/airflow/dags/steam_pipeline_dag.py
Traceback (most recent call last):
  File "/home/airflow/.local/lib/python3.12/site-packages/airflow/models/dagbag.py", line 351, in parse
    loader.exec_module(new_module)
  File "<frozen importlib._bootstrap_external>", line 995, in exec_module
  File "<frozen importlib._bootstrap>", line 488, in _call_with_frames_removed
  File "/opt/airflow/dags/steam_pipeline_dag.py", line 13, in <module>
    from etl.bronze_extract import extract_app
  File "/opt/airflow/etl/bronze_extract.py", line 3, in <module>
    from tqdm import tqdm
ModuleNotFoundError: No module named 'tqdm'
[2025-08-16T12:55:03.617+0000] {processor.py:842} WARNING - No viable dags retrieved from /opt/airflow/dags/steam_pipeline_dag.py
[2025-08-16T12:55:03.635+0000] {processor.py:183} INFO - Processing /opt/airflow/dags/steam_pipeline_dag.py took 0.105 seconds
[2025-08-16T12:55:34.239+0000] {processor.py:161} INFO - Started process (PID=166) to work on /opt/airflow/dags/steam_pipeline_dag.py
[2025-08-16T12:55:34.240+0000] {processor.py:830} INFO - Processing file /opt/airflow/dags/steam_pipeline_dag.py for tasks to queue
[2025-08-16T12:55:34.243+0000] {logging_mixin.py:188} INFO - [2025-08-16T12:55:34.242+0000] {dagbag.py:545} INFO - Filling up the DagBag from /opt/airflow/dags/steam_pipeline_dag.py
[2025-08-16T12:55:34.306+0000] {logging_mixin.py:188} INFO - [2025-08-16T12:55:34.298+0000] {dagbag.py:355} ERROR - Failed to import: /opt/airflow/dags/steam_pipeline_dag.py
Traceback (most recent call last):
  File "/home/airflow/.local/lib/python3.12/site-packages/airflow/models/dagbag.py", line 351, in parse
    loader.exec_module(new_module)
  File "<frozen importlib._bootstrap_external>", line 995, in exec_module
  File "<frozen importlib._bootstrap>", line 488, in _call_with_frames_removed
  File "/opt/airflow/dags/steam_pipeline_dag.py", line 13, in <module>
    from etl.bronze_extract import extract_app
  File "/opt/airflow/etl/bronze_extract.py", line 3, in <module>
    from tqdm import tqdm
ModuleNotFoundError: No module named 'tqdm'
[2025-08-16T12:55:34.309+0000] {processor.py:842} WARNING - No viable dags retrieved from /opt/airflow/dags/steam_pipeline_dag.py
[2025-08-16T12:55:34.335+0000] {processor.py:183} INFO - Processing /opt/airflow/dags/steam_pipeline_dag.py took 0.102 seconds
[2025-08-16T12:56:05.073+0000] {processor.py:161} INFO - Started process (PID=167) to work on /opt/airflow/dags/steam_pipeline_dag.py
[2025-08-16T12:56:05.074+0000] {processor.py:830} INFO - Processing file /opt/airflow/dags/steam_pipeline_dag.py for tasks to queue
[2025-08-16T12:56:05.076+0000] {logging_mixin.py:188} INFO - [2025-08-16T12:56:05.076+0000] {dagbag.py:545} INFO - Filling up the DagBag from /opt/airflow/dags/steam_pipeline_dag.py
[2025-08-16T12:56:05.140+0000] {logging_mixin.py:188} INFO - [2025-08-16T12:56:05.133+0000] {dagbag.py:355} ERROR - Failed to import: /opt/airflow/dags/steam_pipeline_dag.py
Traceback (most recent call last):
  File "/home/airflow/.local/lib/python3.12/site-packages/airflow/models/dagbag.py", line 351, in parse
    loader.exec_module(new_module)
  File "<frozen importlib._bootstrap_external>", line 995, in exec_module
  File "<frozen importlib._bootstrap>", line 488, in _call_with_frames_removed
  File "/opt/airflow/dags/steam_pipeline_dag.py", line 13, in <module>
    from etl.bronze_extract import extract_app
  File "/opt/airflow/etl/bronze_extract.py", line 3, in <module>
    from tqdm import tqdm
ModuleNotFoundError: No module named 'tqdm'
[2025-08-16T12:56:05.143+0000] {processor.py:842} WARNING - No viable dags retrieved from /opt/airflow/dags/steam_pipeline_dag.py
[2025-08-16T12:56:05.161+0000] {processor.py:183} INFO - Processing /opt/airflow/dags/steam_pipeline_dag.py took 0.094 seconds
[2025-08-16T12:56:36.197+0000] {processor.py:161} INFO - Started process (PID=168) to work on /opt/airflow/dags/steam_pipeline_dag.py
[2025-08-16T12:56:36.199+0000] {processor.py:830} INFO - Processing file /opt/airflow/dags/steam_pipeline_dag.py for tasks to queue
[2025-08-16T12:56:36.201+0000] {logging_mixin.py:188} INFO - [2025-08-16T12:56:36.201+0000] {dagbag.py:545} INFO - Filling up the DagBag from /opt/airflow/dags/steam_pipeline_dag.py
[2025-08-16T12:56:36.246+0000] {logging_mixin.py:188} INFO - [2025-08-16T12:56:36.239+0000] {dagbag.py:355} ERROR - Failed to import: /opt/airflow/dags/steam_pipeline_dag.py
Traceback (most recent call last):
  File "/home/airflow/.local/lib/python3.12/site-packages/airflow/models/dagbag.py", line 351, in parse
    loader.exec_module(new_module)
  File "<frozen importlib._bootstrap_external>", line 995, in exec_module
  File "<frozen importlib._bootstrap>", line 488, in _call_with_frames_removed
  File "/opt/airflow/dags/steam_pipeline_dag.py", line 13, in <module>
    from etl.bronze_extract import extract_app
  File "/opt/airflow/etl/bronze_extract.py", line 3, in <module>
    from tqdm import tqdm
ModuleNotFoundError: No module named 'tqdm'
[2025-08-16T12:56:36.248+0000] {processor.py:842} WARNING - No viable dags retrieved from /opt/airflow/dags/steam_pipeline_dag.py
[2025-08-16T12:56:36.264+0000] {processor.py:183} INFO - Processing /opt/airflow/dags/steam_pipeline_dag.py took 0.075 seconds
[2025-08-16T12:57:06.470+0000] {processor.py:161} INFO - Started process (PID=169) to work on /opt/airflow/dags/steam_pipeline_dag.py
[2025-08-16T12:57:06.472+0000] {processor.py:830} INFO - Processing file /opt/airflow/dags/steam_pipeline_dag.py for tasks to queue
[2025-08-16T12:57:06.490+0000] {logging_mixin.py:188} INFO - [2025-08-16T12:57:06.489+0000] {dagbag.py:545} INFO - Filling up the DagBag from /opt/airflow/dags/steam_pipeline_dag.py
[2025-08-16T12:57:06.617+0000] {logging_mixin.py:188} INFO - [2025-08-16T12:57:06.601+0000] {dagbag.py:355} ERROR - Failed to import: /opt/airflow/dags/steam_pipeline_dag.py
Traceback (most recent call last):
  File "/home/airflow/.local/lib/python3.12/site-packages/airflow/models/dagbag.py", line 351, in parse
    loader.exec_module(new_module)
  File "<frozen importlib._bootstrap_external>", line 995, in exec_module
  File "<frozen importlib._bootstrap>", line 488, in _call_with_frames_removed
  File "/opt/airflow/dags/steam_pipeline_dag.py", line 13, in <module>
    from etl.bronze_extract import extract_app
  File "/opt/airflow/etl/bronze_extract.py", line 3, in <module>
    from tqdm import tqdm
ModuleNotFoundError: No module named 'tqdm'
[2025-08-16T12:57:06.621+0000] {processor.py:842} WARNING - No viable dags retrieved from /opt/airflow/dags/steam_pipeline_dag.py
[2025-08-16T12:57:06.637+0000] {processor.py:183} INFO - Processing /opt/airflow/dags/steam_pipeline_dag.py took 0.173 seconds
[2025-08-16T12:57:37.203+0000] {processor.py:161} INFO - Started process (PID=170) to work on /opt/airflow/dags/steam_pipeline_dag.py
[2025-08-16T12:57:37.205+0000] {processor.py:830} INFO - Processing file /opt/airflow/dags/steam_pipeline_dag.py for tasks to queue
[2025-08-16T12:57:37.207+0000] {logging_mixin.py:188} INFO - [2025-08-16T12:57:37.207+0000] {dagbag.py:545} INFO - Filling up the DagBag from /opt/airflow/dags/steam_pipeline_dag.py
[2025-08-16T12:57:37.285+0000] {logging_mixin.py:188} INFO - [2025-08-16T12:57:37.274+0000] {dagbag.py:355} ERROR - Failed to import: /opt/airflow/dags/steam_pipeline_dag.py
Traceback (most recent call last):
  File "/home/airflow/.local/lib/python3.12/site-packages/airflow/models/dagbag.py", line 351, in parse
    loader.exec_module(new_module)
  File "<frozen importlib._bootstrap_external>", line 995, in exec_module
  File "<frozen importlib._bootstrap>", line 488, in _call_with_frames_removed
  File "/opt/airflow/dags/steam_pipeline_dag.py", line 13, in <module>
    from etl.bronze_extract import extract_app
  File "/opt/airflow/etl/bronze_extract.py", line 3, in <module>
    from tqdm import tqdm
ModuleNotFoundError: No module named 'tqdm'
[2025-08-16T12:57:37.288+0000] {processor.py:842} WARNING - No viable dags retrieved from /opt/airflow/dags/steam_pipeline_dag.py
[2025-08-16T12:57:37.305+0000] {processor.py:183} INFO - Processing /opt/airflow/dags/steam_pipeline_dag.py took 0.110 seconds
[2025-08-16T12:58:08.164+0000] {processor.py:161} INFO - Started process (PID=171) to work on /opt/airflow/dags/steam_pipeline_dag.py
[2025-08-16T12:58:08.165+0000] {processor.py:830} INFO - Processing file /opt/airflow/dags/steam_pipeline_dag.py for tasks to queue
[2025-08-16T12:58:08.168+0000] {logging_mixin.py:188} INFO - [2025-08-16T12:58:08.167+0000] {dagbag.py:545} INFO - Filling up the DagBag from /opt/airflow/dags/steam_pipeline_dag.py
[2025-08-16T12:58:08.219+0000] {logging_mixin.py:188} INFO - [2025-08-16T12:58:08.211+0000] {dagbag.py:355} ERROR - Failed to import: /opt/airflow/dags/steam_pipeline_dag.py
Traceback (most recent call last):
  File "/home/airflow/.local/lib/python3.12/site-packages/airflow/models/dagbag.py", line 351, in parse
    loader.exec_module(new_module)
  File "<frozen importlib._bootstrap_external>", line 995, in exec_module
  File "<frozen importlib._bootstrap>", line 488, in _call_with_frames_removed
  File "/opt/airflow/dags/steam_pipeline_dag.py", line 13, in <module>
    from etl.bronze_extract import extract_app
  File "/opt/airflow/etl/bronze_extract.py", line 3, in <module>
    from tqdm import tqdm
ModuleNotFoundError: No module named 'tqdm'
[2025-08-16T12:58:08.222+0000] {processor.py:842} WARNING - No viable dags retrieved from /opt/airflow/dags/steam_pipeline_dag.py
[2025-08-16T12:58:08.240+0000] {processor.py:183} INFO - Processing /opt/airflow/dags/steam_pipeline_dag.py took 0.081 seconds
[2025-08-16T12:58:38.430+0000] {processor.py:161} INFO - Started process (PID=172) to work on /opt/airflow/dags/steam_pipeline_dag.py
[2025-08-16T12:58:38.431+0000] {processor.py:830} INFO - Processing file /opt/airflow/dags/steam_pipeline_dag.py for tasks to queue
[2025-08-16T12:58:38.433+0000] {logging_mixin.py:188} INFO - [2025-08-16T12:58:38.433+0000] {dagbag.py:545} INFO - Filling up the DagBag from /opt/airflow/dags/steam_pipeline_dag.py
[2025-08-16T12:58:38.477+0000] {logging_mixin.py:188} INFO - [2025-08-16T12:58:38.471+0000] {dagbag.py:355} ERROR - Failed to import: /opt/airflow/dags/steam_pipeline_dag.py
Traceback (most recent call last):
  File "/home/airflow/.local/lib/python3.12/site-packages/airflow/models/dagbag.py", line 351, in parse
    loader.exec_module(new_module)
  File "<frozen importlib._bootstrap_external>", line 995, in exec_module
  File "<frozen importlib._bootstrap>", line 488, in _call_with_frames_removed
  File "/opt/airflow/dags/steam_pipeline_dag.py", line 13, in <module>
    from etl.bronze_extract import extract_app
  File "/opt/airflow/etl/bronze_extract.py", line 3, in <module>
    from tqdm import tqdm
ModuleNotFoundError: No module named 'tqdm'
[2025-08-16T12:58:38.479+0000] {processor.py:842} WARNING - No viable dags retrieved from /opt/airflow/dags/steam_pipeline_dag.py
[2025-08-16T12:58:38.492+0000] {processor.py:183} INFO - Processing /opt/airflow/dags/steam_pipeline_dag.py took 0.067 seconds
[2025-08-16T12:59:08.654+0000] {processor.py:161} INFO - Started process (PID=173) to work on /opt/airflow/dags/steam_pipeline_dag.py
[2025-08-16T12:59:08.655+0000] {processor.py:830} INFO - Processing file /opt/airflow/dags/steam_pipeline_dag.py for tasks to queue
[2025-08-16T12:59:08.657+0000] {logging_mixin.py:188} INFO - [2025-08-16T12:59:08.657+0000] {dagbag.py:545} INFO - Filling up the DagBag from /opt/airflow/dags/steam_pipeline_dag.py
[2025-08-16T12:59:08.697+0000] {logging_mixin.py:188} INFO - [2025-08-16T12:59:08.691+0000] {dagbag.py:355} ERROR - Failed to import: /opt/airflow/dags/steam_pipeline_dag.py
Traceback (most recent call last):
  File "/home/airflow/.local/lib/python3.12/site-packages/airflow/models/dagbag.py", line 351, in parse
    loader.exec_module(new_module)
  File "<frozen importlib._bootstrap_external>", line 995, in exec_module
  File "<frozen importlib._bootstrap>", line 488, in _call_with_frames_removed
  File "/opt/airflow/dags/steam_pipeline_dag.py", line 13, in <module>
    from etl.bronze_extract import extract_app
  File "/opt/airflow/etl/bronze_extract.py", line 3, in <module>
    from tqdm import tqdm
ModuleNotFoundError: No module named 'tqdm'
[2025-08-16T12:59:08.699+0000] {processor.py:842} WARNING - No viable dags retrieved from /opt/airflow/dags/steam_pipeline_dag.py
[2025-08-16T12:59:08.714+0000] {processor.py:183} INFO - Processing /opt/airflow/dags/steam_pipeline_dag.py took 0.065 seconds
[2025-08-16T12:59:39.727+0000] {processor.py:161} INFO - Started process (PID=174) to work on /opt/airflow/dags/steam_pipeline_dag.py
[2025-08-16T12:59:39.730+0000] {processor.py:830} INFO - Processing file /opt/airflow/dags/steam_pipeline_dag.py for tasks to queue
[2025-08-16T12:59:39.732+0000] {logging_mixin.py:188} INFO - [2025-08-16T12:59:39.731+0000] {dagbag.py:545} INFO - Filling up the DagBag from /opt/airflow/dags/steam_pipeline_dag.py
[2025-08-16T12:59:39.792+0000] {logging_mixin.py:188} INFO - [2025-08-16T12:59:39.784+0000] {dagbag.py:355} ERROR - Failed to import: /opt/airflow/dags/steam_pipeline_dag.py
Traceback (most recent call last):
  File "/home/airflow/.local/lib/python3.12/site-packages/airflow/models/dagbag.py", line 351, in parse
    loader.exec_module(new_module)
  File "<frozen importlib._bootstrap_external>", line 995, in exec_module
  File "<frozen importlib._bootstrap>", line 488, in _call_with_frames_removed
  File "/opt/airflow/dags/steam_pipeline_dag.py", line 13, in <module>
    from etl.bronze_extract import extract_app
  File "/opt/airflow/etl/bronze_extract.py", line 3, in <module>
    from tqdm import tqdm
ModuleNotFoundError: No module named 'tqdm'
[2025-08-16T12:59:39.795+0000] {processor.py:842} WARNING - No viable dags retrieved from /opt/airflow/dags/steam_pipeline_dag.py
[2025-08-16T12:59:39.814+0000] {processor.py:183} INFO - Processing /opt/airflow/dags/steam_pipeline_dag.py took 0.092 seconds
[2025-08-16T13:00:10.023+0000] {processor.py:161} INFO - Started process (PID=175) to work on /opt/airflow/dags/steam_pipeline_dag.py
[2025-08-16T13:00:10.025+0000] {processor.py:830} INFO - Processing file /opt/airflow/dags/steam_pipeline_dag.py for tasks to queue
[2025-08-16T13:00:10.027+0000] {logging_mixin.py:188} INFO - [2025-08-16T13:00:10.027+0000] {dagbag.py:545} INFO - Filling up the DagBag from /opt/airflow/dags/steam_pipeline_dag.py
[2025-08-16T13:00:10.090+0000] {logging_mixin.py:188} INFO - [2025-08-16T13:00:10.083+0000] {dagbag.py:355} ERROR - Failed to import: /opt/airflow/dags/steam_pipeline_dag.py
Traceback (most recent call last):
  File "/home/airflow/.local/lib/python3.12/site-packages/airflow/models/dagbag.py", line 351, in parse
    loader.exec_module(new_module)
  File "<frozen importlib._bootstrap_external>", line 995, in exec_module
  File "<frozen importlib._bootstrap>", line 488, in _call_with_frames_removed
  File "/opt/airflow/dags/steam_pipeline_dag.py", line 13, in <module>
    from etl.bronze_extract import extract_app
  File "/opt/airflow/etl/bronze_extract.py", line 3, in <module>
    from tqdm import tqdm
ModuleNotFoundError: No module named 'tqdm'
[2025-08-16T13:00:10.093+0000] {processor.py:842} WARNING - No viable dags retrieved from /opt/airflow/dags/steam_pipeline_dag.py
[2025-08-16T13:00:10.112+0000] {processor.py:183} INFO - Processing /opt/airflow/dags/steam_pipeline_dag.py took 0.094 seconds
[2025-08-16T13:00:41.113+0000] {processor.py:161} INFO - Started process (PID=176) to work on /opt/airflow/dags/steam_pipeline_dag.py
[2025-08-16T13:00:41.114+0000] {processor.py:830} INFO - Processing file /opt/airflow/dags/steam_pipeline_dag.py for tasks to queue
[2025-08-16T13:00:41.116+0000] {logging_mixin.py:188} INFO - [2025-08-16T13:00:41.116+0000] {dagbag.py:545} INFO - Filling up the DagBag from /opt/airflow/dags/steam_pipeline_dag.py
[2025-08-16T13:00:41.183+0000] {logging_mixin.py:188} INFO - [2025-08-16T13:00:41.173+0000] {dagbag.py:355} ERROR - Failed to import: /opt/airflow/dags/steam_pipeline_dag.py
Traceback (most recent call last):
  File "/home/airflow/.local/lib/python3.12/site-packages/airflow/models/dagbag.py", line 351, in parse
    loader.exec_module(new_module)
  File "<frozen importlib._bootstrap_external>", line 995, in exec_module
  File "<frozen importlib._bootstrap>", line 488, in _call_with_frames_removed
  File "/opt/airflow/dags/steam_pipeline_dag.py", line 13, in <module>
    from etl.bronze_extract import extract_app
  File "/opt/airflow/etl/bronze_extract.py", line 3, in <module>
    from tqdm import tqdm
ModuleNotFoundError: No module named 'tqdm'
[2025-08-16T13:00:41.187+0000] {processor.py:842} WARNING - No viable dags retrieved from /opt/airflow/dags/steam_pipeline_dag.py
[2025-08-16T13:00:41.206+0000] {processor.py:183} INFO - Processing /opt/airflow/dags/steam_pipeline_dag.py took 0.099 seconds
[2025-08-16T13:01:11.477+0000] {processor.py:161} INFO - Started process (PID=177) to work on /opt/airflow/dags/steam_pipeline_dag.py
[2025-08-16T13:01:11.479+0000] {processor.py:830} INFO - Processing file /opt/airflow/dags/steam_pipeline_dag.py for tasks to queue
[2025-08-16T13:01:11.481+0000] {logging_mixin.py:188} INFO - [2025-08-16T13:01:11.481+0000] {dagbag.py:545} INFO - Filling up the DagBag from /opt/airflow/dags/steam_pipeline_dag.py
[2025-08-16T13:01:11.552+0000] {logging_mixin.py:188} INFO - [2025-08-16T13:01:11.542+0000] {dagbag.py:355} ERROR - Failed to import: /opt/airflow/dags/steam_pipeline_dag.py
Traceback (most recent call last):
  File "/home/airflow/.local/lib/python3.12/site-packages/airflow/models/dagbag.py", line 351, in parse
    loader.exec_module(new_module)
  File "<frozen importlib._bootstrap_external>", line 995, in exec_module
  File "<frozen importlib._bootstrap>", line 488, in _call_with_frames_removed
  File "/opt/airflow/dags/steam_pipeline_dag.py", line 13, in <module>
    from etl.bronze_extract import extract_app
  File "/opt/airflow/etl/bronze_extract.py", line 3, in <module>
    from tqdm import tqdm
ModuleNotFoundError: No module named 'tqdm'
[2025-08-16T13:01:11.555+0000] {processor.py:842} WARNING - No viable dags retrieved from /opt/airflow/dags/steam_pipeline_dag.py
[2025-08-16T13:01:11.574+0000] {processor.py:183} INFO - Processing /opt/airflow/dags/steam_pipeline_dag.py took 0.103 seconds
[2025-08-16T13:01:42.479+0000] {processor.py:161} INFO - Started process (PID=178) to work on /opt/airflow/dags/steam_pipeline_dag.py
[2025-08-16T13:01:42.480+0000] {processor.py:830} INFO - Processing file /opt/airflow/dags/steam_pipeline_dag.py for tasks to queue
[2025-08-16T13:01:42.483+0000] {logging_mixin.py:188} INFO - [2025-08-16T13:01:42.482+0000] {dagbag.py:545} INFO - Filling up the DagBag from /opt/airflow/dags/steam_pipeline_dag.py
[2025-08-16T13:01:42.556+0000] {logging_mixin.py:188} INFO - [2025-08-16T13:01:42.544+0000] {dagbag.py:355} ERROR - Failed to import: /opt/airflow/dags/steam_pipeline_dag.py
Traceback (most recent call last):
  File "/home/airflow/.local/lib/python3.12/site-packages/airflow/models/dagbag.py", line 351, in parse
    loader.exec_module(new_module)
  File "<frozen importlib._bootstrap_external>", line 995, in exec_module
  File "<frozen importlib._bootstrap>", line 488, in _call_with_frames_removed
  File "/opt/airflow/dags/steam_pipeline_dag.py", line 13, in <module>
    from etl.bronze_extract import extract_app
  File "/opt/airflow/etl/bronze_extract.py", line 3, in <module>
    from tqdm import tqdm
ModuleNotFoundError: No module named 'tqdm'
[2025-08-16T13:01:42.558+0000] {processor.py:842} WARNING - No viable dags retrieved from /opt/airflow/dags/steam_pipeline_dag.py
[2025-08-16T13:01:42.579+0000] {processor.py:183} INFO - Processing /opt/airflow/dags/steam_pipeline_dag.py took 0.106 seconds
[2025-08-16T13:02:12.930+0000] {processor.py:161} INFO - Started process (PID=179) to work on /opt/airflow/dags/steam_pipeline_dag.py
[2025-08-16T13:02:12.932+0000] {processor.py:830} INFO - Processing file /opt/airflow/dags/steam_pipeline_dag.py for tasks to queue
[2025-08-16T13:02:12.934+0000] {logging_mixin.py:188} INFO - [2025-08-16T13:02:12.934+0000] {dagbag.py:545} INFO - Filling up the DagBag from /opt/airflow/dags/steam_pipeline_dag.py
[2025-08-16T13:02:12.995+0000] {logging_mixin.py:188} INFO - [2025-08-16T13:02:12.986+0000] {dagbag.py:355} ERROR - Failed to import: /opt/airflow/dags/steam_pipeline_dag.py
Traceback (most recent call last):
  File "/home/airflow/.local/lib/python3.12/site-packages/airflow/models/dagbag.py", line 351, in parse
    loader.exec_module(new_module)
  File "<frozen importlib._bootstrap_external>", line 995, in exec_module
  File "<frozen importlib._bootstrap>", line 488, in _call_with_frames_removed
  File "/opt/airflow/dags/steam_pipeline_dag.py", line 13, in <module>
    from etl.bronze_extract import extract_app
  File "/opt/airflow/etl/bronze_extract.py", line 3, in <module>
    from tqdm import tqdm
ModuleNotFoundError: No module named 'tqdm'
[2025-08-16T13:02:12.998+0000] {processor.py:842} WARNING - No viable dags retrieved from /opt/airflow/dags/steam_pipeline_dag.py
[2025-08-16T13:02:13.018+0000] {processor.py:183} INFO - Processing /opt/airflow/dags/steam_pipeline_dag.py took 0.093 seconds
[2025-08-16T13:02:43.479+0000] {processor.py:161} INFO - Started process (PID=180) to work on /opt/airflow/dags/steam_pipeline_dag.py
[2025-08-16T13:02:43.480+0000] {processor.py:830} INFO - Processing file /opt/airflow/dags/steam_pipeline_dag.py for tasks to queue
[2025-08-16T13:02:43.482+0000] {logging_mixin.py:188} INFO - [2025-08-16T13:02:43.482+0000] {dagbag.py:545} INFO - Filling up the DagBag from /opt/airflow/dags/steam_pipeline_dag.py
[2025-08-16T13:02:43.547+0000] {logging_mixin.py:188} INFO - [2025-08-16T13:02:43.539+0000] {dagbag.py:355} ERROR - Failed to import: /opt/airflow/dags/steam_pipeline_dag.py
Traceback (most recent call last):
  File "/home/airflow/.local/lib/python3.12/site-packages/airflow/models/dagbag.py", line 351, in parse
    loader.exec_module(new_module)
  File "<frozen importlib._bootstrap_external>", line 995, in exec_module
  File "<frozen importlib._bootstrap>", line 488, in _call_with_frames_removed
  File "/opt/airflow/dags/steam_pipeline_dag.py", line 13, in <module>
    from etl.bronze_extract import extract_app
  File "/opt/airflow/etl/bronze_extract.py", line 3, in <module>
    from tqdm import tqdm
ModuleNotFoundError: No module named 'tqdm'
[2025-08-16T13:02:43.549+0000] {processor.py:842} WARNING - No viable dags retrieved from /opt/airflow/dags/steam_pipeline_dag.py
[2025-08-16T13:02:43.571+0000] {processor.py:183} INFO - Processing /opt/airflow/dags/steam_pipeline_dag.py took 0.098 seconds
[2025-08-16T13:03:13.563+0000] {processor.py:161} INFO - Started process (PID=181) to work on /opt/airflow/dags/steam_pipeline_dag.py
[2025-08-16T13:03:13.565+0000] {processor.py:830} INFO - Processing file /opt/airflow/dags/steam_pipeline_dag.py for tasks to queue
[2025-08-16T13:03:13.567+0000] {logging_mixin.py:188} INFO - [2025-08-16T13:03:13.566+0000] {dagbag.py:545} INFO - Filling up the DagBag from /opt/airflow/dags/steam_pipeline_dag.py
[2025-08-16T13:03:11.940+0000] {logging_mixin.py:188} INFO - [2025-08-16T13:03:11.933+0000] {dagbag.py:355} ERROR - Failed to import: /opt/airflow/dags/steam_pipeline_dag.py
Traceback (most recent call last):
  File "/home/airflow/.local/lib/python3.12/site-packages/airflow/models/dagbag.py", line 351, in parse
    loader.exec_module(new_module)
  File "<frozen importlib._bootstrap_external>", line 995, in exec_module
  File "<frozen importlib._bootstrap>", line 488, in _call_with_frames_removed
  File "/opt/airflow/dags/steam_pipeline_dag.py", line 13, in <module>
    from etl.bronze_extract import extract_app
  File "/opt/airflow/etl/bronze_extract.py", line 3, in <module>
    from tqdm import tqdm
ModuleNotFoundError: No module named 'tqdm'
[2025-08-16T13:03:11.944+0000] {processor.py:842} WARNING - No viable dags retrieved from /opt/airflow/dags/steam_pipeline_dag.py
[2025-08-16T13:03:11.964+0000] {processor.py:183} INFO - Processing /opt/airflow/dags/steam_pipeline_dag.py took 0.103 seconds
[2025-08-16T13:03:42.183+0000] {processor.py:161} INFO - Started process (PID=182) to work on /opt/airflow/dags/steam_pipeline_dag.py
[2025-08-16T13:03:42.185+0000] {processor.py:830} INFO - Processing file /opt/airflow/dags/steam_pipeline_dag.py for tasks to queue
[2025-08-16T13:03:42.187+0000] {logging_mixin.py:188} INFO - [2025-08-16T13:03:42.186+0000] {dagbag.py:545} INFO - Filling up the DagBag from /opt/airflow/dags/steam_pipeline_dag.py
[2025-08-16T13:03:42.235+0000] {logging_mixin.py:188} INFO - [2025-08-16T13:03:42.229+0000] {dagbag.py:355} ERROR - Failed to import: /opt/airflow/dags/steam_pipeline_dag.py
Traceback (most recent call last):
  File "/home/airflow/.local/lib/python3.12/site-packages/airflow/models/dagbag.py", line 351, in parse
    loader.exec_module(new_module)
  File "<frozen importlib._bootstrap_external>", line 995, in exec_module
  File "<frozen importlib._bootstrap>", line 488, in _call_with_frames_removed
  File "/opt/airflow/dags/steam_pipeline_dag.py", line 13, in <module>
    from etl.bronze_extract import extract_app
  File "/opt/airflow/etl/bronze_extract.py", line 3, in <module>
    from tqdm import tqdm
ModuleNotFoundError: No module named 'tqdm'
[2025-08-16T13:03:42.237+0000] {processor.py:842} WARNING - No viable dags retrieved from /opt/airflow/dags/steam_pipeline_dag.py
[2025-08-16T13:03:42.255+0000] {processor.py:183} INFO - Processing /opt/airflow/dags/steam_pipeline_dag.py took 0.078 seconds
[2025-08-16T13:04:12.952+0000] {processor.py:161} INFO - Started process (PID=183) to work on /opt/airflow/dags/steam_pipeline_dag.py
[2025-08-16T13:04:12.953+0000] {processor.py:830} INFO - Processing file /opt/airflow/dags/steam_pipeline_dag.py for tasks to queue
[2025-08-16T13:04:12.955+0000] {logging_mixin.py:188} INFO - [2025-08-16T13:04:12.955+0000] {dagbag.py:545} INFO - Filling up the DagBag from /opt/airflow/dags/steam_pipeline_dag.py
[2025-08-16T13:04:13.010+0000] {logging_mixin.py:188} INFO - [2025-08-16T13:04:12.999+0000] {dagbag.py:355} ERROR - Failed to import: /opt/airflow/dags/steam_pipeline_dag.py
Traceback (most recent call last):
  File "/home/airflow/.local/lib/python3.12/site-packages/airflow/models/dagbag.py", line 351, in parse
    loader.exec_module(new_module)
  File "<frozen importlib._bootstrap_external>", line 995, in exec_module
  File "<frozen importlib._bootstrap>", line 488, in _call_with_frames_removed
  File "/opt/airflow/dags/steam_pipeline_dag.py", line 13, in <module>
    from etl.bronze_extract import extract_app
  File "/opt/airflow/etl/bronze_extract.py", line 3, in <module>
    from tqdm import tqdm
ModuleNotFoundError: No module named 'tqdm'
[2025-08-16T13:04:13.012+0000] {processor.py:842} WARNING - No viable dags retrieved from /opt/airflow/dags/steam_pipeline_dag.py
[2025-08-16T13:04:13.032+0000] {processor.py:183} INFO - Processing /opt/airflow/dags/steam_pipeline_dag.py took 0.085 seconds
[2025-08-16T13:04:44.081+0000] {processor.py:161} INFO - Started process (PID=184) to work on /opt/airflow/dags/steam_pipeline_dag.py
[2025-08-16T13:04:44.082+0000] {processor.py:830} INFO - Processing file /opt/airflow/dags/steam_pipeline_dag.py for tasks to queue
[2025-08-16T13:04:44.084+0000] {logging_mixin.py:188} INFO - [2025-08-16T13:04:44.084+0000] {dagbag.py:545} INFO - Filling up the DagBag from /opt/airflow/dags/steam_pipeline_dag.py
[2025-08-16T13:04:44.172+0000] {logging_mixin.py:188} INFO - [2025-08-16T13:04:44.134+0000] {dagbag.py:355} ERROR - Failed to import: /opt/airflow/dags/steam_pipeline_dag.py
Traceback (most recent call last):
  File "/home/airflow/.local/lib/python3.12/site-packages/airflow/models/dagbag.py", line 351, in parse
    loader.exec_module(new_module)
  File "<frozen importlib._bootstrap_external>", line 995, in exec_module
  File "<frozen importlib._bootstrap>", line 488, in _call_with_frames_removed
  File "/opt/airflow/dags/steam_pipeline_dag.py", line 13, in <module>
    from etl.bronze_extract import extract_app
  File "/opt/airflow/etl/bronze_extract.py", line 3, in <module>
    from tqdm import tqdm
ModuleNotFoundError: No module named 'tqdm'
[2025-08-16T13:04:44.177+0000] {processor.py:842} WARNING - No viable dags retrieved from /opt/airflow/dags/steam_pipeline_dag.py
[2025-08-16T13:04:44.196+0000] {processor.py:183} INFO - Processing /opt/airflow/dags/steam_pipeline_dag.py took 0.121 seconds
[2025-08-16T13:05:14.907+0000] {processor.py:161} INFO - Started process (PID=185) to work on /opt/airflow/dags/steam_pipeline_dag.py
[2025-08-16T13:05:14.908+0000] {processor.py:830} INFO - Processing file /opt/airflow/dags/steam_pipeline_dag.py for tasks to queue
[2025-08-16T13:05:14.910+0000] {logging_mixin.py:188} INFO - [2025-08-16T13:05:14.910+0000] {dagbag.py:545} INFO - Filling up the DagBag from /opt/airflow/dags/steam_pipeline_dag.py
[2025-08-16T13:05:14.977+0000] {logging_mixin.py:188} INFO - [2025-08-16T13:05:14.963+0000] {dagbag.py:355} ERROR - Failed to import: /opt/airflow/dags/steam_pipeline_dag.py
Traceback (most recent call last):
  File "/home/airflow/.local/lib/python3.12/site-packages/airflow/models/dagbag.py", line 351, in parse
    loader.exec_module(new_module)
  File "<frozen importlib._bootstrap_external>", line 995, in exec_module
  File "<frozen importlib._bootstrap>", line 488, in _call_with_frames_removed
  File "/opt/airflow/dags/steam_pipeline_dag.py", line 13, in <module>
    from etl.bronze_extract import extract_app
  File "/opt/airflow/etl/bronze_extract.py", line 3, in <module>
    from tqdm import tqdm
ModuleNotFoundError: No module named 'tqdm'
[2025-08-16T13:05:14.981+0000] {processor.py:842} WARNING - No viable dags retrieved from /opt/airflow/dags/steam_pipeline_dag.py
[2025-08-16T13:05:14.997+0000] {processor.py:183} INFO - Processing /opt/airflow/dags/steam_pipeline_dag.py took 0.095 seconds
[2025-08-16T13:05:46.239+0000] {processor.py:161} INFO - Started process (PID=186) to work on /opt/airflow/dags/steam_pipeline_dag.py
[2025-08-16T13:05:46.240+0000] {processor.py:830} INFO - Processing file /opt/airflow/dags/steam_pipeline_dag.py for tasks to queue
[2025-08-16T13:05:46.242+0000] {logging_mixin.py:188} INFO - [2025-08-16T13:05:46.242+0000] {dagbag.py:545} INFO - Filling up the DagBag from /opt/airflow/dags/steam_pipeline_dag.py
[2025-08-16T13:05:46.320+0000] {logging_mixin.py:188} INFO - [2025-08-16T13:05:46.308+0000] {dagbag.py:355} ERROR - Failed to import: /opt/airflow/dags/steam_pipeline_dag.py
Traceback (most recent call last):
  File "/home/airflow/.local/lib/python3.12/site-packages/airflow/models/dagbag.py", line 351, in parse
    loader.exec_module(new_module)
  File "<frozen importlib._bootstrap_external>", line 995, in exec_module
  File "<frozen importlib._bootstrap>", line 488, in _call_with_frames_removed
  File "/opt/airflow/dags/steam_pipeline_dag.py", line 13, in <module>
    from etl.bronze_extract import extract_app
  File "/opt/airflow/etl/bronze_extract.py", line 3, in <module>
    from tqdm import tqdm
ModuleNotFoundError: No module named 'tqdm'
[2025-08-16T13:05:46.324+0000] {processor.py:842} WARNING - No viable dags retrieved from /opt/airflow/dags/steam_pipeline_dag.py
[2025-08-16T13:05:46.347+0000] {processor.py:183} INFO - Processing /opt/airflow/dags/steam_pipeline_dag.py took 0.115 seconds
[2025-08-16T13:06:17.095+0000] {processor.py:161} INFO - Started process (PID=187) to work on /opt/airflow/dags/steam_pipeline_dag.py
[2025-08-16T13:06:17.097+0000] {processor.py:830} INFO - Processing file /opt/airflow/dags/steam_pipeline_dag.py for tasks to queue
[2025-08-16T13:06:17.099+0000] {logging_mixin.py:188} INFO - [2025-08-16T13:06:17.098+0000] {dagbag.py:545} INFO - Filling up the DagBag from /opt/airflow/dags/steam_pipeline_dag.py
[2025-08-16T13:06:17.173+0000] {logging_mixin.py:188} INFO - [2025-08-16T13:06:17.168+0000] {dagbag.py:355} ERROR - Failed to import: /opt/airflow/dags/steam_pipeline_dag.py
Traceback (most recent call last):
  File "/home/airflow/.local/lib/python3.12/site-packages/airflow/models/dagbag.py", line 351, in parse
    loader.exec_module(new_module)
  File "<frozen importlib._bootstrap_external>", line 995, in exec_module
  File "<frozen importlib._bootstrap>", line 488, in _call_with_frames_removed
  File "/opt/airflow/dags/steam_pipeline_dag.py", line 13, in <module>
    from etl.bronze_extract import extract_app
  File "/opt/airflow/etl/bronze_extract.py", line 3, in <module>
    from tqdm import tqdm
ModuleNotFoundError: No module named 'tqdm'
[2025-08-16T13:06:17.175+0000] {processor.py:842} WARNING - No viable dags retrieved from /opt/airflow/dags/steam_pipeline_dag.py
[2025-08-16T13:06:17.190+0000] {processor.py:183} INFO - Processing /opt/airflow/dags/steam_pipeline_dag.py took 0.099 seconds
[2025-08-16T13:06:47.739+0000] {processor.py:161} INFO - Started process (PID=188) to work on /opt/airflow/dags/steam_pipeline_dag.py
[2025-08-16T13:06:47.740+0000] {processor.py:830} INFO - Processing file /opt/airflow/dags/steam_pipeline_dag.py for tasks to queue
[2025-08-16T13:06:47.741+0000] {logging_mixin.py:188} INFO - [2025-08-16T13:06:47.741+0000] {dagbag.py:545} INFO - Filling up the DagBag from /opt/airflow/dags/steam_pipeline_dag.py
[2025-08-16T13:06:47.781+0000] {logging_mixin.py:188} INFO - [2025-08-16T13:06:47.774+0000] {dagbag.py:355} ERROR - Failed to import: /opt/airflow/dags/steam_pipeline_dag.py
Traceback (most recent call last):
  File "/home/airflow/.local/lib/python3.12/site-packages/airflow/models/dagbag.py", line 351, in parse
    loader.exec_module(new_module)
  File "<frozen importlib._bootstrap_external>", line 995, in exec_module
  File "<frozen importlib._bootstrap>", line 488, in _call_with_frames_removed
  File "/opt/airflow/dags/steam_pipeline_dag.py", line 13, in <module>
    from etl.bronze_extract import extract_app
  File "/opt/airflow/etl/bronze_extract.py", line 3, in <module>
    from tqdm import tqdm
ModuleNotFoundError: No module named 'tqdm'
[2025-08-16T13:06:47.783+0000] {processor.py:842} WARNING - No viable dags retrieved from /opt/airflow/dags/steam_pipeline_dag.py
[2025-08-16T13:06:47.799+0000] {processor.py:183} INFO - Processing /opt/airflow/dags/steam_pipeline_dag.py took 0.065 seconds
[2025-08-16T13:07:17.986+0000] {processor.py:161} INFO - Started process (PID=189) to work on /opt/airflow/dags/steam_pipeline_dag.py
[2025-08-16T13:07:17.992+0000] {processor.py:830} INFO - Processing file /opt/airflow/dags/steam_pipeline_dag.py for tasks to queue
[2025-08-16T13:07:17.994+0000] {logging_mixin.py:188} INFO - [2025-08-16T13:07:17.994+0000] {dagbag.py:545} INFO - Filling up the DagBag from /opt/airflow/dags/steam_pipeline_dag.py
[2025-08-16T13:07:18.037+0000] {logging_mixin.py:188} INFO - [2025-08-16T13:07:18.031+0000] {dagbag.py:355} ERROR - Failed to import: /opt/airflow/dags/steam_pipeline_dag.py
Traceback (most recent call last):
  File "/home/airflow/.local/lib/python3.12/site-packages/airflow/models/dagbag.py", line 351, in parse
    loader.exec_module(new_module)
  File "<frozen importlib._bootstrap_external>", line 995, in exec_module
  File "<frozen importlib._bootstrap>", line 488, in _call_with_frames_removed
  File "/opt/airflow/dags/steam_pipeline_dag.py", line 13, in <module>
    from etl.bronze_extract import extract_app
  File "/opt/airflow/etl/bronze_extract.py", line 3, in <module>
    from tqdm import tqdm
ModuleNotFoundError: No module named 'tqdm'
[2025-08-16T13:07:18.039+0000] {processor.py:842} WARNING - No viable dags retrieved from /opt/airflow/dags/steam_pipeline_dag.py
[2025-08-16T13:07:18.054+0000] {processor.py:183} INFO - Processing /opt/airflow/dags/steam_pipeline_dag.py took 0.072 seconds
[2025-08-16T13:07:48.157+0000] {processor.py:161} INFO - Started process (PID=190) to work on /opt/airflow/dags/steam_pipeline_dag.py
[2025-08-16T13:07:48.165+0000] {processor.py:830} INFO - Processing file /opt/airflow/dags/steam_pipeline_dag.py for tasks to queue
[2025-08-16T13:07:48.168+0000] {logging_mixin.py:188} INFO - [2025-08-16T13:07:48.167+0000] {dagbag.py:545} INFO - Filling up the DagBag from /opt/airflow/dags/steam_pipeline_dag.py
[2025-08-16T13:07:48.227+0000] {logging_mixin.py:188} INFO - [2025-08-16T13:07:48.219+0000] {dagbag.py:355} ERROR - Failed to import: /opt/airflow/dags/steam_pipeline_dag.py
Traceback (most recent call last):
  File "/home/airflow/.local/lib/python3.12/site-packages/airflow/models/dagbag.py", line 351, in parse
    loader.exec_module(new_module)
  File "<frozen importlib._bootstrap_external>", line 995, in exec_module
  File "<frozen importlib._bootstrap>", line 488, in _call_with_frames_removed
  File "/opt/airflow/dags/steam_pipeline_dag.py", line 13, in <module>
    from etl.bronze_extract import extract_app
  File "/opt/airflow/etl/bronze_extract.py", line 3, in <module>
    from tqdm import tqdm
ModuleNotFoundError: No module named 'tqdm'
[2025-08-16T13:07:48.231+0000] {processor.py:842} WARNING - No viable dags retrieved from /opt/airflow/dags/steam_pipeline_dag.py
[2025-08-16T13:07:48.250+0000] {processor.py:183} INFO - Processing /opt/airflow/dags/steam_pipeline_dag.py took 0.099 seconds
[2025-08-16T13:08:18.404+0000] {processor.py:161} INFO - Started process (PID=191) to work on /opt/airflow/dags/steam_pipeline_dag.py
[2025-08-16T13:08:18.405+0000] {processor.py:830} INFO - Processing file /opt/airflow/dags/steam_pipeline_dag.py for tasks to queue
[2025-08-16T13:08:18.408+0000] {logging_mixin.py:188} INFO - [2025-08-16T13:08:18.408+0000] {dagbag.py:545} INFO - Filling up the DagBag from /opt/airflow/dags/steam_pipeline_dag.py
[2025-08-16T13:08:18.466+0000] {logging_mixin.py:188} INFO - [2025-08-16T13:08:18.455+0000] {dagbag.py:355} ERROR - Failed to import: /opt/airflow/dags/steam_pipeline_dag.py
Traceback (most recent call last):
  File "/home/airflow/.local/lib/python3.12/site-packages/airflow/models/dagbag.py", line 351, in parse
    loader.exec_module(new_module)
  File "<frozen importlib._bootstrap_external>", line 995, in exec_module
  File "<frozen importlib._bootstrap>", line 488, in _call_with_frames_removed
  File "/opt/airflow/dags/steam_pipeline_dag.py", line 13, in <module>
    from etl.bronze_extract import extract_app
  File "/opt/airflow/etl/bronze_extract.py", line 3, in <module>
    from tqdm import tqdm
ModuleNotFoundError: No module named 'tqdm'
[2025-08-16T13:08:18.469+0000] {processor.py:842} WARNING - No viable dags retrieved from /opt/airflow/dags/steam_pipeline_dag.py
[2025-08-16T13:08:18.486+0000] {processor.py:183} INFO - Processing /opt/airflow/dags/steam_pipeline_dag.py took 0.089 seconds
[2025-08-16T13:08:49.431+0000] {processor.py:161} INFO - Started process (PID=192) to work on /opt/airflow/dags/steam_pipeline_dag.py
[2025-08-16T13:08:49.432+0000] {processor.py:830} INFO - Processing file /opt/airflow/dags/steam_pipeline_dag.py for tasks to queue
[2025-08-16T13:08:49.434+0000] {logging_mixin.py:188} INFO - [2025-08-16T13:08:49.434+0000] {dagbag.py:545} INFO - Filling up the DagBag from /opt/airflow/dags/steam_pipeline_dag.py
[2025-08-16T13:08:49.491+0000] {logging_mixin.py:188} INFO - [2025-08-16T13:08:49.482+0000] {dagbag.py:355} ERROR - Failed to import: /opt/airflow/dags/steam_pipeline_dag.py
Traceback (most recent call last):
  File "/home/airflow/.local/lib/python3.12/site-packages/airflow/models/dagbag.py", line 351, in parse
    loader.exec_module(new_module)
  File "<frozen importlib._bootstrap_external>", line 995, in exec_module
  File "<frozen importlib._bootstrap>", line 488, in _call_with_frames_removed
  File "/opt/airflow/dags/steam_pipeline_dag.py", line 13, in <module>
    from etl.bronze_extract import extract_app
  File "/opt/airflow/etl/bronze_extract.py", line 3, in <module>
    from tqdm import tqdm
ModuleNotFoundError: No module named 'tqdm'
[2025-08-16T13:08:49.493+0000] {processor.py:842} WARNING - No viable dags retrieved from /opt/airflow/dags/steam_pipeline_dag.py
[2025-08-16T13:08:49.533+0000] {processor.py:183} INFO - Processing /opt/airflow/dags/steam_pipeline_dag.py took 0.107 seconds
[2025-08-16T13:09:20.127+0000] {processor.py:161} INFO - Started process (PID=193) to work on /opt/airflow/dags/steam_pipeline_dag.py
[2025-08-16T13:09:20.128+0000] {processor.py:830} INFO - Processing file /opt/airflow/dags/steam_pipeline_dag.py for tasks to queue
[2025-08-16T13:09:20.129+0000] {logging_mixin.py:188} INFO - [2025-08-16T13:09:20.129+0000] {dagbag.py:545} INFO - Filling up the DagBag from /opt/airflow/dags/steam_pipeline_dag.py
[2025-08-16T13:09:20.194+0000] {logging_mixin.py:188} INFO - [2025-08-16T13:09:20.184+0000] {dagbag.py:355} ERROR - Failed to import: /opt/airflow/dags/steam_pipeline_dag.py
Traceback (most recent call last):
  File "/home/airflow/.local/lib/python3.12/site-packages/airflow/models/dagbag.py", line 351, in parse
    loader.exec_module(new_module)
  File "<frozen importlib._bootstrap_external>", line 995, in exec_module
  File "<frozen importlib._bootstrap>", line 488, in _call_with_frames_removed
  File "/opt/airflow/dags/steam_pipeline_dag.py", line 13, in <module>
    from etl.bronze_extract import extract_app
  File "/opt/airflow/etl/bronze_extract.py", line 3, in <module>
    from tqdm import tqdm
ModuleNotFoundError: No module named 'tqdm'
[2025-08-16T13:09:20.196+0000] {processor.py:842} WARNING - No viable dags retrieved from /opt/airflow/dags/steam_pipeline_dag.py
[2025-08-16T13:09:20.213+0000] {processor.py:183} INFO - Processing /opt/airflow/dags/steam_pipeline_dag.py took 0.091 seconds
[2025-08-16T13:09:50.445+0000] {processor.py:161} INFO - Started process (PID=194) to work on /opt/airflow/dags/steam_pipeline_dag.py
[2025-08-16T13:09:50.446+0000] {processor.py:830} INFO - Processing file /opt/airflow/dags/steam_pipeline_dag.py for tasks to queue
[2025-08-16T13:09:50.449+0000] {logging_mixin.py:188} INFO - [2025-08-16T13:09:50.448+0000] {dagbag.py:545} INFO - Filling up the DagBag from /opt/airflow/dags/steam_pipeline_dag.py
[2025-08-16T13:09:50.512+0000] {logging_mixin.py:188} INFO - [2025-08-16T13:09:50.504+0000] {dagbag.py:355} ERROR - Failed to import: /opt/airflow/dags/steam_pipeline_dag.py
Traceback (most recent call last):
  File "/home/airflow/.local/lib/python3.12/site-packages/airflow/models/dagbag.py", line 351, in parse
    loader.exec_module(new_module)
  File "<frozen importlib._bootstrap_external>", line 995, in exec_module
  File "<frozen importlib._bootstrap>", line 488, in _call_with_frames_removed
  File "/opt/airflow/dags/steam_pipeline_dag.py", line 13, in <module>
    from etl.bronze_extract import extract_app
  File "/opt/airflow/etl/bronze_extract.py", line 3, in <module>
    from tqdm import tqdm
ModuleNotFoundError: No module named 'tqdm'
[2025-08-16T13:09:50.514+0000] {processor.py:842} WARNING - No viable dags retrieved from /opt/airflow/dags/steam_pipeline_dag.py
[2025-08-16T13:09:50.536+0000] {processor.py:183} INFO - Processing /opt/airflow/dags/steam_pipeline_dag.py took 0.097 seconds
[2025-08-16T13:10:21.531+0000] {processor.py:161} INFO - Started process (PID=195) to work on /opt/airflow/dags/steam_pipeline_dag.py
[2025-08-16T13:10:21.532+0000] {processor.py:830} INFO - Processing file /opt/airflow/dags/steam_pipeline_dag.py for tasks to queue
[2025-08-16T13:10:21.534+0000] {logging_mixin.py:188} INFO - [2025-08-16T13:10:21.534+0000] {dagbag.py:545} INFO - Filling up the DagBag from /opt/airflow/dags/steam_pipeline_dag.py
[2025-08-16T13:10:21.603+0000] {logging_mixin.py:188} INFO - [2025-08-16T13:10:21.592+0000] {dagbag.py:355} ERROR - Failed to import: /opt/airflow/dags/steam_pipeline_dag.py
Traceback (most recent call last):
  File "/home/airflow/.local/lib/python3.12/site-packages/airflow/models/dagbag.py", line 351, in parse
    loader.exec_module(new_module)
  File "<frozen importlib._bootstrap_external>", line 995, in exec_module
  File "<frozen importlib._bootstrap>", line 488, in _call_with_frames_removed
  File "/opt/airflow/dags/steam_pipeline_dag.py", line 13, in <module>
    from etl.bronze_extract import extract_app
  File "/opt/airflow/etl/bronze_extract.py", line 3, in <module>
    from tqdm import tqdm
ModuleNotFoundError: No module named 'tqdm'
[2025-08-16T13:10:21.607+0000] {processor.py:842} WARNING - No viable dags retrieved from /opt/airflow/dags/steam_pipeline_dag.py
[2025-08-16T13:10:21.624+0000] {processor.py:183} INFO - Processing /opt/airflow/dags/steam_pipeline_dag.py took 0.100 seconds
[2025-08-16T13:10:51.937+0000] {processor.py:161} INFO - Started process (PID=196) to work on /opt/airflow/dags/steam_pipeline_dag.py
[2025-08-16T13:10:51.938+0000] {processor.py:830} INFO - Processing file /opt/airflow/dags/steam_pipeline_dag.py for tasks to queue
[2025-08-16T13:10:51.941+0000] {logging_mixin.py:188} INFO - [2025-08-16T13:10:51.940+0000] {dagbag.py:545} INFO - Filling up the DagBag from /opt/airflow/dags/steam_pipeline_dag.py
[2025-08-16T13:10:52.116+0000] {logging_mixin.py:188} INFO - [2025-08-16T13:10:52.101+0000] {dagbag.py:355} ERROR - Failed to import: /opt/airflow/dags/steam_pipeline_dag.py
Traceback (most recent call last):
  File "/home/airflow/.local/lib/python3.12/site-packages/airflow/models/dagbag.py", line 351, in parse
    loader.exec_module(new_module)
  File "<frozen importlib._bootstrap_external>", line 995, in exec_module
  File "<frozen importlib._bootstrap>", line 488, in _call_with_frames_removed
  File "/opt/airflow/dags/steam_pipeline_dag.py", line 13, in <module>
    from etl.bronze_extract import extract_app
  File "/opt/airflow/etl/bronze_extract.py", line 3, in <module>
    from tqdm import tqdm
ModuleNotFoundError: No module named 'tqdm'
[2025-08-16T13:10:52.119+0000] {processor.py:842} WARNING - No viable dags retrieved from /opt/airflow/dags/steam_pipeline_dag.py
[2025-08-16T13:10:52.145+0000] {processor.py:183} INFO - Processing /opt/airflow/dags/steam_pipeline_dag.py took 0.214 seconds
[2025-08-16T13:11:22.503+0000] {processor.py:161} INFO - Started process (PID=197) to work on /opt/airflow/dags/steam_pipeline_dag.py
[2025-08-16T13:11:22.504+0000] {processor.py:830} INFO - Processing file /opt/airflow/dags/steam_pipeline_dag.py for tasks to queue
[2025-08-16T13:11:22.506+0000] {logging_mixin.py:188} INFO - [2025-08-16T13:11:22.505+0000] {dagbag.py:545} INFO - Filling up the DagBag from /opt/airflow/dags/steam_pipeline_dag.py
[2025-08-16T13:11:22.572+0000] {logging_mixin.py:188} INFO - [2025-08-16T13:11:22.564+0000] {dagbag.py:355} ERROR - Failed to import: /opt/airflow/dags/steam_pipeline_dag.py
Traceback (most recent call last):
  File "/home/airflow/.local/lib/python3.12/site-packages/airflow/models/dagbag.py", line 351, in parse
    loader.exec_module(new_module)
  File "<frozen importlib._bootstrap_external>", line 995, in exec_module
  File "<frozen importlib._bootstrap>", line 488, in _call_with_frames_removed
  File "/opt/airflow/dags/steam_pipeline_dag.py", line 13, in <module>
    from etl.bronze_extract import extract_app
  File "/opt/airflow/etl/bronze_extract.py", line 3, in <module>
    from tqdm import tqdm
ModuleNotFoundError: No module named 'tqdm'
[2025-08-16T13:11:22.576+0000] {processor.py:842} WARNING - No viable dags retrieved from /opt/airflow/dags/steam_pipeline_dag.py
[2025-08-16T13:11:22.593+0000] {processor.py:183} INFO - Processing /opt/airflow/dags/steam_pipeline_dag.py took 0.096 seconds
[2025-08-16T13:11:52.873+0000] {processor.py:161} INFO - Started process (PID=198) to work on /opt/airflow/dags/steam_pipeline_dag.py
[2025-08-16T13:11:52.874+0000] {processor.py:830} INFO - Processing file /opt/airflow/dags/steam_pipeline_dag.py for tasks to queue
[2025-08-16T13:11:52.876+0000] {logging_mixin.py:188} INFO - [2025-08-16T13:11:52.876+0000] {dagbag.py:545} INFO - Filling up the DagBag from /opt/airflow/dags/steam_pipeline_dag.py
[2025-08-16T13:11:52.933+0000] {logging_mixin.py:188} INFO - [2025-08-16T13:11:52.927+0000] {dagbag.py:355} ERROR - Failed to import: /opt/airflow/dags/steam_pipeline_dag.py
Traceback (most recent call last):
  File "/home/airflow/.local/lib/python3.12/site-packages/airflow/models/dagbag.py", line 351, in parse
    loader.exec_module(new_module)
  File "<frozen importlib._bootstrap_external>", line 995, in exec_module
  File "<frozen importlib._bootstrap>", line 488, in _call_with_frames_removed
  File "/opt/airflow/dags/steam_pipeline_dag.py", line 13, in <module>
    from etl.bronze_extract import extract_app
  File "/opt/airflow/etl/bronze_extract.py", line 3, in <module>
    from tqdm import tqdm
ModuleNotFoundError: No module named 'tqdm'
[2025-08-16T13:11:52.936+0000] {processor.py:842} WARNING - No viable dags retrieved from /opt/airflow/dags/steam_pipeline_dag.py
[2025-08-16T13:11:52.952+0000] {processor.py:183} INFO - Processing /opt/airflow/dags/steam_pipeline_dag.py took 0.084 seconds
[2025-08-16T13:12:23.755+0000] {processor.py:161} INFO - Started process (PID=199) to work on /opt/airflow/dags/steam_pipeline_dag.py
[2025-08-16T13:12:23.757+0000] {processor.py:830} INFO - Processing file /opt/airflow/dags/steam_pipeline_dag.py for tasks to queue
[2025-08-16T13:12:23.759+0000] {logging_mixin.py:188} INFO - [2025-08-16T13:12:23.759+0000] {dagbag.py:545} INFO - Filling up the DagBag from /opt/airflow/dags/steam_pipeline_dag.py
[2025-08-16T13:12:23.818+0000] {logging_mixin.py:188} INFO - [2025-08-16T13:12:23.812+0000] {dagbag.py:355} ERROR - Failed to import: /opt/airflow/dags/steam_pipeline_dag.py
Traceback (most recent call last):
  File "/home/airflow/.local/lib/python3.12/site-packages/airflow/models/dagbag.py", line 351, in parse
    loader.exec_module(new_module)
  File "<frozen importlib._bootstrap_external>", line 995, in exec_module
  File "<frozen importlib._bootstrap>", line 488, in _call_with_frames_removed
  File "/opt/airflow/dags/steam_pipeline_dag.py", line 13, in <module>
    from etl.bronze_extract import extract_app
  File "/opt/airflow/etl/bronze_extract.py", line 3, in <module>
    from tqdm import tqdm
ModuleNotFoundError: No module named 'tqdm'
[2025-08-16T13:12:23.826+0000] {processor.py:842} WARNING - No viable dags retrieved from /opt/airflow/dags/steam_pipeline_dag.py
[2025-08-16T13:12:23.846+0000] {processor.py:183} INFO - Processing /opt/airflow/dags/steam_pipeline_dag.py took 0.098 seconds
[2025-08-16T13:12:54.641+0000] {processor.py:161} INFO - Started process (PID=200) to work on /opt/airflow/dags/steam_pipeline_dag.py
[2025-08-16T13:12:54.643+0000] {processor.py:830} INFO - Processing file /opt/airflow/dags/steam_pipeline_dag.py for tasks to queue
[2025-08-16T13:12:54.645+0000] {logging_mixin.py:188} INFO - [2025-08-16T13:12:54.645+0000] {dagbag.py:545} INFO - Filling up the DagBag from /opt/airflow/dags/steam_pipeline_dag.py
[2025-08-16T13:12:54.718+0000] {logging_mixin.py:188} INFO - [2025-08-16T13:12:54.706+0000] {dagbag.py:355} ERROR - Failed to import: /opt/airflow/dags/steam_pipeline_dag.py
Traceback (most recent call last):
  File "/home/airflow/.local/lib/python3.12/site-packages/airflow/models/dagbag.py", line 351, in parse
    loader.exec_module(new_module)
  File "<frozen importlib._bootstrap_external>", line 995, in exec_module
  File "<frozen importlib._bootstrap>", line 488, in _call_with_frames_removed
  File "/opt/airflow/dags/steam_pipeline_dag.py", line 13, in <module>
    from etl.bronze_extract import extract_app
  File "/opt/airflow/etl/bronze_extract.py", line 3, in <module>
    from tqdm import tqdm
ModuleNotFoundError: No module named 'tqdm'
[2025-08-16T13:12:54.723+0000] {processor.py:842} WARNING - No viable dags retrieved from /opt/airflow/dags/steam_pipeline_dag.py
[2025-08-16T13:12:54.754+0000] {processor.py:183} INFO - Processing /opt/airflow/dags/steam_pipeline_dag.py took 0.119 seconds
[2025-08-16T13:13:25.900+0000] {processor.py:161} INFO - Started process (PID=201) to work on /opt/airflow/dags/steam_pipeline_dag.py
[2025-08-16T13:13:25.901+0000] {processor.py:830} INFO - Processing file /opt/airflow/dags/steam_pipeline_dag.py for tasks to queue
[2025-08-16T13:13:25.904+0000] {logging_mixin.py:188} INFO - [2025-08-16T13:13:25.903+0000] {dagbag.py:545} INFO - Filling up the DagBag from /opt/airflow/dags/steam_pipeline_dag.py
[2025-08-16T13:13:25.979+0000] {logging_mixin.py:188} INFO - [2025-08-16T13:13:25.967+0000] {dagbag.py:355} ERROR - Failed to import: /opt/airflow/dags/steam_pipeline_dag.py
Traceback (most recent call last):
  File "/home/airflow/.local/lib/python3.12/site-packages/airflow/models/dagbag.py", line 351, in parse
    loader.exec_module(new_module)
  File "<frozen importlib._bootstrap_external>", line 995, in exec_module
  File "<frozen importlib._bootstrap>", line 488, in _call_with_frames_removed
  File "/opt/airflow/dags/steam_pipeline_dag.py", line 13, in <module>
    from etl.bronze_extract import extract_app
  File "/opt/airflow/etl/bronze_extract.py", line 3, in <module>
    from tqdm import tqdm
ModuleNotFoundError: No module named 'tqdm'
[2025-08-16T13:13:25.982+0000] {processor.py:842} WARNING - No viable dags retrieved from /opt/airflow/dags/steam_pipeline_dag.py
[2025-08-16T13:13:26.005+0000] {processor.py:183} INFO - Processing /opt/airflow/dags/steam_pipeline_dag.py took 0.112 seconds
[2025-08-16T13:13:56.722+0000] {processor.py:161} INFO - Started process (PID=202) to work on /opt/airflow/dags/steam_pipeline_dag.py
[2025-08-16T13:13:56.725+0000] {processor.py:830} INFO - Processing file /opt/airflow/dags/steam_pipeline_dag.py for tasks to queue
[2025-08-16T13:13:56.730+0000] {logging_mixin.py:188} INFO - [2025-08-16T13:13:56.729+0000] {dagbag.py:545} INFO - Filling up the DagBag from /opt/airflow/dags/steam_pipeline_dag.py
[2025-08-16T13:13:56.870+0000] {logging_mixin.py:188} INFO - [2025-08-16T13:13:56.848+0000] {dagbag.py:355} ERROR - Failed to import: /opt/airflow/dags/steam_pipeline_dag.py
Traceback (most recent call last):
  File "/home/airflow/.local/lib/python3.12/site-packages/airflow/models/dagbag.py", line 351, in parse
    loader.exec_module(new_module)
  File "<frozen importlib._bootstrap_external>", line 995, in exec_module
  File "<frozen importlib._bootstrap>", line 488, in _call_with_frames_removed
  File "/opt/airflow/dags/steam_pipeline_dag.py", line 13, in <module>
    from etl.bronze_extract import extract_app
  File "/opt/airflow/etl/bronze_extract.py", line 3, in <module>
    from tqdm import tqdm
ModuleNotFoundError: No module named 'tqdm'
[2025-08-16T13:13:56.889+0000] {processor.py:842} WARNING - No viable dags retrieved from /opt/airflow/dags/steam_pipeline_dag.py
[2025-08-16T13:13:56.921+0000] {processor.py:183} INFO - Processing /opt/airflow/dags/steam_pipeline_dag.py took 0.210 seconds
[2025-08-16T13:14:27.973+0000] {processor.py:161} INFO - Started process (PID=203) to work on /opt/airflow/dags/steam_pipeline_dag.py
[2025-08-16T13:14:27.974+0000] {processor.py:830} INFO - Processing file /opt/airflow/dags/steam_pipeline_dag.py for tasks to queue
[2025-08-16T13:14:27.977+0000] {logging_mixin.py:188} INFO - [2025-08-16T13:14:27.976+0000] {dagbag.py:545} INFO - Filling up the DagBag from /opt/airflow/dags/steam_pipeline_dag.py
[2025-08-16T13:14:28.059+0000] {logging_mixin.py:188} INFO - [2025-08-16T13:14:28.052+0000] {dagbag.py:355} ERROR - Failed to import: /opt/airflow/dags/steam_pipeline_dag.py
Traceback (most recent call last):
  File "/home/airflow/.local/lib/python3.12/site-packages/airflow/models/dagbag.py", line 351, in parse
    loader.exec_module(new_module)
  File "<frozen importlib._bootstrap_external>", line 995, in exec_module
  File "<frozen importlib._bootstrap>", line 488, in _call_with_frames_removed
  File "/opt/airflow/dags/steam_pipeline_dag.py", line 13, in <module>
    from etl.bronze_extract import extract_app
  File "/opt/airflow/etl/bronze_extract.py", line 3, in <module>
    from tqdm import tqdm
ModuleNotFoundError: No module named 'tqdm'
[2025-08-16T13:14:28.062+0000] {processor.py:842} WARNING - No viable dags retrieved from /opt/airflow/dags/steam_pipeline_dag.py
[2025-08-16T13:14:28.084+0000] {processor.py:183} INFO - Processing /opt/airflow/dags/steam_pipeline_dag.py took 0.117 seconds
[2025-08-16T13:14:58.744+0000] {processor.py:161} INFO - Started process (PID=204) to work on /opt/airflow/dags/steam_pipeline_dag.py
[2025-08-16T13:14:58.746+0000] {processor.py:830} INFO - Processing file /opt/airflow/dags/steam_pipeline_dag.py for tasks to queue
[2025-08-16T13:14:58.748+0000] {logging_mixin.py:188} INFO - [2025-08-16T13:14:58.748+0000] {dagbag.py:545} INFO - Filling up the DagBag from /opt/airflow/dags/steam_pipeline_dag.py
[2025-08-16T13:14:58.849+0000] {logging_mixin.py:188} INFO - [2025-08-16T13:14:58.841+0000] {dagbag.py:355} ERROR - Failed to import: /opt/airflow/dags/steam_pipeline_dag.py
Traceback (most recent call last):
  File "/home/airflow/.local/lib/python3.12/site-packages/airflow/models/dagbag.py", line 351, in parse
    loader.exec_module(new_module)
  File "<frozen importlib._bootstrap_external>", line 995, in exec_module
  File "<frozen importlib._bootstrap>", line 488, in _call_with_frames_removed
  File "/opt/airflow/dags/steam_pipeline_dag.py", line 13, in <module>
    from etl.bronze_extract import extract_app
  File "/opt/airflow/etl/bronze_extract.py", line 3, in <module>
    from tqdm import tqdm
ModuleNotFoundError: No module named 'tqdm'
[2025-08-16T13:14:58.854+0000] {processor.py:842} WARNING - No viable dags retrieved from /opt/airflow/dags/steam_pipeline_dag.py
[2025-08-16T13:14:58.872+0000] {processor.py:183} INFO - Processing /opt/airflow/dags/steam_pipeline_dag.py took 0.133 seconds
[2025-08-16T13:15:29.131+0000] {processor.py:161} INFO - Started process (PID=205) to work on /opt/airflow/dags/steam_pipeline_dag.py
[2025-08-16T13:15:29.132+0000] {processor.py:830} INFO - Processing file /opt/airflow/dags/steam_pipeline_dag.py for tasks to queue
[2025-08-16T13:15:29.135+0000] {logging_mixin.py:188} INFO - [2025-08-16T13:15:29.134+0000] {dagbag.py:545} INFO - Filling up the DagBag from /opt/airflow/dags/steam_pipeline_dag.py
[2025-08-16T13:15:29.201+0000] {logging_mixin.py:188} INFO - [2025-08-16T13:15:29.193+0000] {dagbag.py:355} ERROR - Failed to import: /opt/airflow/dags/steam_pipeline_dag.py
Traceback (most recent call last):
  File "/home/airflow/.local/lib/python3.12/site-packages/airflow/models/dagbag.py", line 351, in parse
    loader.exec_module(new_module)
  File "<frozen importlib._bootstrap_external>", line 995, in exec_module
  File "<frozen importlib._bootstrap>", line 488, in _call_with_frames_removed
  File "/opt/airflow/dags/steam_pipeline_dag.py", line 13, in <module>
    from etl.bronze_extract import extract_app
  File "/opt/airflow/etl/bronze_extract.py", line 3, in <module>
    from tqdm import tqdm
ModuleNotFoundError: No module named 'tqdm'
[2025-08-16T13:15:29.204+0000] {processor.py:842} WARNING - No viable dags retrieved from /opt/airflow/dags/steam_pipeline_dag.py
[2025-08-16T13:15:29.227+0000] {processor.py:183} INFO - Processing /opt/airflow/dags/steam_pipeline_dag.py took 0.105 seconds
[2025-08-16T13:16:00.206+0000] {processor.py:161} INFO - Started process (PID=206) to work on /opt/airflow/dags/steam_pipeline_dag.py
[2025-08-16T13:16:00.207+0000] {processor.py:830} INFO - Processing file /opt/airflow/dags/steam_pipeline_dag.py for tasks to queue
[2025-08-16T13:16:00.209+0000] {logging_mixin.py:188} INFO - [2025-08-16T13:16:00.209+0000] {dagbag.py:545} INFO - Filling up the DagBag from /opt/airflow/dags/steam_pipeline_dag.py
[2025-08-16T13:16:00.262+0000] {logging_mixin.py:188} INFO - [2025-08-16T13:16:00.256+0000] {dagbag.py:355} ERROR - Failed to import: /opt/airflow/dags/steam_pipeline_dag.py
Traceback (most recent call last):
  File "/home/airflow/.local/lib/python3.12/site-packages/airflow/models/dagbag.py", line 351, in parse
    loader.exec_module(new_module)
  File "<frozen importlib._bootstrap_external>", line 995, in exec_module
  File "<frozen importlib._bootstrap>", line 488, in _call_with_frames_removed
  File "/opt/airflow/dags/steam_pipeline_dag.py", line 13, in <module>
    from etl.bronze_extract import extract_app
  File "/opt/airflow/etl/bronze_extract.py", line 3, in <module>
    from tqdm import tqdm
ModuleNotFoundError: No module named 'tqdm'
[2025-08-16T13:16:00.264+0000] {processor.py:842} WARNING - No viable dags retrieved from /opt/airflow/dags/steam_pipeline_dag.py
[2025-08-16T13:16:00.287+0000] {processor.py:183} INFO - Processing /opt/airflow/dags/steam_pipeline_dag.py took 0.088 seconds
[2025-08-16T13:16:31.073+0000] {processor.py:161} INFO - Started process (PID=207) to work on /opt/airflow/dags/steam_pipeline_dag.py
[2025-08-16T13:16:31.075+0000] {processor.py:830} INFO - Processing file /opt/airflow/dags/steam_pipeline_dag.py for tasks to queue
[2025-08-16T13:16:31.077+0000] {logging_mixin.py:188} INFO - [2025-08-16T13:16:31.077+0000] {dagbag.py:545} INFO - Filling up the DagBag from /opt/airflow/dags/steam_pipeline_dag.py
[2025-08-16T13:16:31.136+0000] {logging_mixin.py:188} INFO - [2025-08-16T13:16:31.128+0000] {dagbag.py:355} ERROR - Failed to import: /opt/airflow/dags/steam_pipeline_dag.py
Traceback (most recent call last):
  File "/home/airflow/.local/lib/python3.12/site-packages/airflow/models/dagbag.py", line 351, in parse
    loader.exec_module(new_module)
  File "<frozen importlib._bootstrap_external>", line 995, in exec_module
  File "<frozen importlib._bootstrap>", line 488, in _call_with_frames_removed
  File "/opt/airflow/dags/steam_pipeline_dag.py", line 13, in <module>
    from etl.bronze_extract import extract_app
  File "/opt/airflow/etl/bronze_extract.py", line 3, in <module>
    from tqdm import tqdm
ModuleNotFoundError: No module named 'tqdm'
[2025-08-16T13:16:31.138+0000] {processor.py:842} WARNING - No viable dags retrieved from /opt/airflow/dags/steam_pipeline_dag.py
[2025-08-16T13:16:31.156+0000] {processor.py:183} INFO - Processing /opt/airflow/dags/steam_pipeline_dag.py took 0.089 seconds
[2025-08-16T13:17:01.304+0000] {processor.py:161} INFO - Started process (PID=208) to work on /opt/airflow/dags/steam_pipeline_dag.py
[2025-08-16T13:17:01.305+0000] {processor.py:830} INFO - Processing file /opt/airflow/dags/steam_pipeline_dag.py for tasks to queue
[2025-08-16T13:17:01.307+0000] {logging_mixin.py:188} INFO - [2025-08-16T13:17:01.307+0000] {dagbag.py:545} INFO - Filling up the DagBag from /opt/airflow/dags/steam_pipeline_dag.py
[2025-08-16T13:17:01.366+0000] {logging_mixin.py:188} INFO - [2025-08-16T13:17:01.358+0000] {dagbag.py:355} ERROR - Failed to import: /opt/airflow/dags/steam_pipeline_dag.py
Traceback (most recent call last):
  File "/home/airflow/.local/lib/python3.12/site-packages/airflow/models/dagbag.py", line 351, in parse
    loader.exec_module(new_module)
  File "<frozen importlib._bootstrap_external>", line 995, in exec_module
  File "<frozen importlib._bootstrap>", line 488, in _call_with_frames_removed
  File "/opt/airflow/dags/steam_pipeline_dag.py", line 13, in <module>
    from etl.bronze_extract import extract_app
  File "/opt/airflow/etl/bronze_extract.py", line 3, in <module>
    from tqdm import tqdm
ModuleNotFoundError: No module named 'tqdm'
[2025-08-16T13:17:01.368+0000] {processor.py:842} WARNING - No viable dags retrieved from /opt/airflow/dags/steam_pipeline_dag.py
[2025-08-16T13:17:01.390+0000] {processor.py:183} INFO - Processing /opt/airflow/dags/steam_pipeline_dag.py took 0.092 seconds
[2025-08-16T13:17:31.989+0000] {processor.py:161} INFO - Started process (PID=209) to work on /opt/airflow/dags/steam_pipeline_dag.py
[2025-08-16T13:17:31.990+0000] {processor.py:830} INFO - Processing file /opt/airflow/dags/steam_pipeline_dag.py for tasks to queue
[2025-08-16T13:17:31.993+0000] {logging_mixin.py:188} INFO - [2025-08-16T13:17:31.992+0000] {dagbag.py:545} INFO - Filling up the DagBag from /opt/airflow/dags/steam_pipeline_dag.py
[2025-08-16T13:17:32.059+0000] {logging_mixin.py:188} INFO - [2025-08-16T13:17:32.043+0000] {dagbag.py:355} ERROR - Failed to import: /opt/airflow/dags/steam_pipeline_dag.py
Traceback (most recent call last):
  File "/home/airflow/.local/lib/python3.12/site-packages/airflow/models/dagbag.py", line 351, in parse
    loader.exec_module(new_module)
  File "<frozen importlib._bootstrap_external>", line 995, in exec_module
  File "<frozen importlib._bootstrap>", line 488, in _call_with_frames_removed
  File "/opt/airflow/dags/steam_pipeline_dag.py", line 13, in <module>
    from etl.bronze_extract import extract_app
  File "/opt/airflow/etl/bronze_extract.py", line 3, in <module>
    from tqdm import tqdm
ModuleNotFoundError: No module named 'tqdm'
[2025-08-16T13:17:32.065+0000] {processor.py:842} WARNING - No viable dags retrieved from /opt/airflow/dags/steam_pipeline_dag.py
[2025-08-16T13:17:32.084+0000] {processor.py:183} INFO - Processing /opt/airflow/dags/steam_pipeline_dag.py took 0.103 seconds
[2025-08-16T13:18:02.977+0000] {processor.py:161} INFO - Started process (PID=210) to work on /opt/airflow/dags/steam_pipeline_dag.py
[2025-08-16T13:18:02.979+0000] {processor.py:830} INFO - Processing file /opt/airflow/dags/steam_pipeline_dag.py for tasks to queue
[2025-08-16T13:18:02.981+0000] {logging_mixin.py:188} INFO - [2025-08-16T13:18:02.980+0000] {dagbag.py:545} INFO - Filling up the DagBag from /opt/airflow/dags/steam_pipeline_dag.py
[2025-08-16T13:18:03.034+0000] {logging_mixin.py:188} INFO - [2025-08-16T13:18:03.024+0000] {dagbag.py:355} ERROR - Failed to import: /opt/airflow/dags/steam_pipeline_dag.py
Traceback (most recent call last):
  File "/home/airflow/.local/lib/python3.12/site-packages/airflow/models/dagbag.py", line 351, in parse
    loader.exec_module(new_module)
  File "<frozen importlib._bootstrap_external>", line 995, in exec_module
  File "<frozen importlib._bootstrap>", line 488, in _call_with_frames_removed
  File "/opt/airflow/dags/steam_pipeline_dag.py", line 13, in <module>
    from etl.bronze_extract import extract_app
  File "/opt/airflow/etl/bronze_extract.py", line 3, in <module>
    from tqdm import tqdm
ModuleNotFoundError: No module named 'tqdm'
[2025-08-16T13:18:03.037+0000] {processor.py:842} WARNING - No viable dags retrieved from /opt/airflow/dags/steam_pipeline_dag.py
[2025-08-16T13:18:03.057+0000] {processor.py:183} INFO - Processing /opt/airflow/dags/steam_pipeline_dag.py took 0.085 seconds
[2025-08-16T13:18:33.279+0000] {processor.py:161} INFO - Started process (PID=211) to work on /opt/airflow/dags/steam_pipeline_dag.py
[2025-08-16T13:18:33.280+0000] {processor.py:830} INFO - Processing file /opt/airflow/dags/steam_pipeline_dag.py for tasks to queue
[2025-08-16T13:18:33.282+0000] {logging_mixin.py:188} INFO - [2025-08-16T13:18:33.281+0000] {dagbag.py:545} INFO - Filling up the DagBag from /opt/airflow/dags/steam_pipeline_dag.py
[2025-08-16T13:18:33.346+0000] {logging_mixin.py:188} INFO - [2025-08-16T13:18:33.338+0000] {dagbag.py:355} ERROR - Failed to import: /opt/airflow/dags/steam_pipeline_dag.py
Traceback (most recent call last):
  File "/home/airflow/.local/lib/python3.12/site-packages/airflow/models/dagbag.py", line 351, in parse
    loader.exec_module(new_module)
  File "<frozen importlib._bootstrap_external>", line 995, in exec_module
  File "<frozen importlib._bootstrap>", line 488, in _call_with_frames_removed
  File "/opt/airflow/dags/steam_pipeline_dag.py", line 13, in <module>
    from etl.bronze_extract import extract_app
  File "/opt/airflow/etl/bronze_extract.py", line 3, in <module>
    from tqdm import tqdm
ModuleNotFoundError: No module named 'tqdm'
[2025-08-16T13:18:33.350+0000] {processor.py:842} WARNING - No viable dags retrieved from /opt/airflow/dags/steam_pipeline_dag.py
[2025-08-16T13:18:33.370+0000] {processor.py:183} INFO - Processing /opt/airflow/dags/steam_pipeline_dag.py took 0.096 seconds
[2025-08-16T13:19:04.022+0000] {processor.py:161} INFO - Started process (PID=212) to work on /opt/airflow/dags/steam_pipeline_dag.py
[2025-08-16T13:19:04.023+0000] {processor.py:830} INFO - Processing file /opt/airflow/dags/steam_pipeline_dag.py for tasks to queue
[2025-08-16T13:19:04.025+0000] {logging_mixin.py:188} INFO - [2025-08-16T13:19:04.024+0000] {dagbag.py:545} INFO - Filling up the DagBag from /opt/airflow/dags/steam_pipeline_dag.py
[2025-08-16T13:19:04.071+0000] {logging_mixin.py:188} INFO - [2025-08-16T13:19:04.065+0000] {dagbag.py:355} ERROR - Failed to import: /opt/airflow/dags/steam_pipeline_dag.py
Traceback (most recent call last):
  File "/home/airflow/.local/lib/python3.12/site-packages/airflow/models/dagbag.py", line 351, in parse
    loader.exec_module(new_module)
  File "<frozen importlib._bootstrap_external>", line 995, in exec_module
  File "<frozen importlib._bootstrap>", line 488, in _call_with_frames_removed
  File "/opt/airflow/dags/steam_pipeline_dag.py", line 13, in <module>
    from etl.bronze_extract import extract_app
  File "/opt/airflow/etl/bronze_extract.py", line 3, in <module>
    from tqdm import tqdm
ModuleNotFoundError: No module named 'tqdm'
[2025-08-16T13:19:04.074+0000] {processor.py:842} WARNING - No viable dags retrieved from /opt/airflow/dags/steam_pipeline_dag.py
[2025-08-16T13:19:04.093+0000] {processor.py:183} INFO - Processing /opt/airflow/dags/steam_pipeline_dag.py took 0.075 seconds
[2025-08-16T13:19:34.225+0000] {processor.py:161} INFO - Started process (PID=213) to work on /opt/airflow/dags/steam_pipeline_dag.py
[2025-08-16T13:19:34.226+0000] {processor.py:830} INFO - Processing file /opt/airflow/dags/steam_pipeline_dag.py for tasks to queue
[2025-08-16T13:19:34.228+0000] {logging_mixin.py:188} INFO - [2025-08-16T13:19:34.227+0000] {dagbag.py:545} INFO - Filling up the DagBag from /opt/airflow/dags/steam_pipeline_dag.py
[2025-08-16T13:19:34.264+0000] {logging_mixin.py:188} INFO - [2025-08-16T13:19:34.259+0000] {dagbag.py:355} ERROR - Failed to import: /opt/airflow/dags/steam_pipeline_dag.py
Traceback (most recent call last):
  File "/home/airflow/.local/lib/python3.12/site-packages/airflow/models/dagbag.py", line 351, in parse
    loader.exec_module(new_module)
  File "<frozen importlib._bootstrap_external>", line 995, in exec_module
  File "<frozen importlib._bootstrap>", line 488, in _call_with_frames_removed
  File "/opt/airflow/dags/steam_pipeline_dag.py", line 13, in <module>
    from etl.bronze_extract import extract_app
  File "/opt/airflow/etl/bronze_extract.py", line 3, in <module>
    from tqdm import tqdm
ModuleNotFoundError: No module named 'tqdm'
[2025-08-16T13:19:34.266+0000] {processor.py:842} WARNING - No viable dags retrieved from /opt/airflow/dags/steam_pipeline_dag.py
[2025-08-16T13:19:34.281+0000] {processor.py:183} INFO - Processing /opt/airflow/dags/steam_pipeline_dag.py took 0.061 seconds
[2025-08-16T13:20:05.111+0000] {processor.py:161} INFO - Started process (PID=214) to work on /opt/airflow/dags/steam_pipeline_dag.py
[2025-08-16T13:20:05.113+0000] {processor.py:830} INFO - Processing file /opt/airflow/dags/steam_pipeline_dag.py for tasks to queue
[2025-08-16T13:20:05.116+0000] {logging_mixin.py:188} INFO - [2025-08-16T13:20:05.115+0000] {dagbag.py:545} INFO - Filling up the DagBag from /opt/airflow/dags/steam_pipeline_dag.py
[2025-08-16T13:20:05.182+0000] {logging_mixin.py:188} INFO - [2025-08-16T13:20:05.174+0000] {dagbag.py:355} ERROR - Failed to import: /opt/airflow/dags/steam_pipeline_dag.py
Traceback (most recent call last):
  File "/home/airflow/.local/lib/python3.12/site-packages/airflow/models/dagbag.py", line 351, in parse
    loader.exec_module(new_module)
  File "<frozen importlib._bootstrap_external>", line 995, in exec_module
  File "<frozen importlib._bootstrap>", line 488, in _call_with_frames_removed
  File "/opt/airflow/dags/steam_pipeline_dag.py", line 13, in <module>
    from etl.bronze_extract import extract_app
  File "/opt/airflow/etl/bronze_extract.py", line 3, in <module>
    from tqdm import tqdm
ModuleNotFoundError: No module named 'tqdm'
[2025-08-16T13:20:05.185+0000] {processor.py:842} WARNING - No viable dags retrieved from /opt/airflow/dags/steam_pipeline_dag.py
[2025-08-16T13:20:05.219+0000] {processor.py:183} INFO - Processing /opt/airflow/dags/steam_pipeline_dag.py took 0.115 seconds
[2025-08-16T13:20:35.483+0000] {processor.py:161} INFO - Started process (PID=215) to work on /opt/airflow/dags/steam_pipeline_dag.py
[2025-08-16T13:20:35.484+0000] {processor.py:830} INFO - Processing file /opt/airflow/dags/steam_pipeline_dag.py for tasks to queue
[2025-08-16T13:20:35.487+0000] {logging_mixin.py:188} INFO - [2025-08-16T13:20:35.486+0000] {dagbag.py:545} INFO - Filling up the DagBag from /opt/airflow/dags/steam_pipeline_dag.py
[2025-08-16T13:20:35.552+0000] {logging_mixin.py:188} INFO - [2025-08-16T13:20:35.544+0000] {dagbag.py:355} ERROR - Failed to import: /opt/airflow/dags/steam_pipeline_dag.py
Traceback (most recent call last):
  File "/home/airflow/.local/lib/python3.12/site-packages/airflow/models/dagbag.py", line 351, in parse
    loader.exec_module(new_module)
  File "<frozen importlib._bootstrap_external>", line 995, in exec_module
  File "<frozen importlib._bootstrap>", line 488, in _call_with_frames_removed
  File "/opt/airflow/dags/steam_pipeline_dag.py", line 13, in <module>
    from etl.bronze_extract import extract_app
  File "/opt/airflow/etl/bronze_extract.py", line 3, in <module>
    from tqdm import tqdm
ModuleNotFoundError: No module named 'tqdm'
[2025-08-16T13:20:35.555+0000] {processor.py:842} WARNING - No viable dags retrieved from /opt/airflow/dags/steam_pipeline_dag.py
[2025-08-16T13:20:35.573+0000] {processor.py:183} INFO - Processing /opt/airflow/dags/steam_pipeline_dag.py took 0.095 seconds
[2025-08-16T13:21:06.095+0000] {processor.py:161} INFO - Started process (PID=216) to work on /opt/airflow/dags/steam_pipeline_dag.py
[2025-08-16T13:21:06.096+0000] {processor.py:830} INFO - Processing file /opt/airflow/dags/steam_pipeline_dag.py for tasks to queue
[2025-08-16T13:21:06.099+0000] {logging_mixin.py:188} INFO - [2025-08-16T13:21:06.098+0000] {dagbag.py:545} INFO - Filling up the DagBag from /opt/airflow/dags/steam_pipeline_dag.py
[2025-08-16T13:21:06.168+0000] {logging_mixin.py:188} INFO - [2025-08-16T13:21:06.156+0000] {dagbag.py:355} ERROR - Failed to import: /opt/airflow/dags/steam_pipeline_dag.py
Traceback (most recent call last):
  File "/home/airflow/.local/lib/python3.12/site-packages/airflow/models/dagbag.py", line 351, in parse
    loader.exec_module(new_module)
  File "<frozen importlib._bootstrap_external>", line 995, in exec_module
  File "<frozen importlib._bootstrap>", line 488, in _call_with_frames_removed
  File "/opt/airflow/dags/steam_pipeline_dag.py", line 13, in <module>
    from etl.bronze_extract import extract_app
  File "/opt/airflow/etl/bronze_extract.py", line 3, in <module>
    from tqdm import tqdm
ModuleNotFoundError: No module named 'tqdm'
[2025-08-16T13:21:06.171+0000] {processor.py:842} WARNING - No viable dags retrieved from /opt/airflow/dags/steam_pipeline_dag.py
[2025-08-16T13:21:06.193+0000] {processor.py:183} INFO - Processing /opt/airflow/dags/steam_pipeline_dag.py took 0.105 seconds
[2025-08-16T13:21:36.771+0000] {processor.py:161} INFO - Started process (PID=217) to work on /opt/airflow/dags/steam_pipeline_dag.py
[2025-08-16T13:21:36.773+0000] {processor.py:830} INFO - Processing file /opt/airflow/dags/steam_pipeline_dag.py for tasks to queue
[2025-08-16T13:21:36.775+0000] {logging_mixin.py:188} INFO - [2025-08-16T13:21:36.775+0000] {dagbag.py:545} INFO - Filling up the DagBag from /opt/airflow/dags/steam_pipeline_dag.py
[2025-08-16T13:21:36.861+0000] {logging_mixin.py:188} INFO - [2025-08-16T13:21:36.849+0000] {dagbag.py:355} ERROR - Failed to import: /opt/airflow/dags/steam_pipeline_dag.py
Traceback (most recent call last):
  File "/home/airflow/.local/lib/python3.12/site-packages/airflow/models/dagbag.py", line 351, in parse
    loader.exec_module(new_module)
  File "<frozen importlib._bootstrap_external>", line 995, in exec_module
  File "<frozen importlib._bootstrap>", line 488, in _call_with_frames_removed
  File "/opt/airflow/dags/steam_pipeline_dag.py", line 13, in <module>
    from etl.bronze_extract import extract_app
  File "/opt/airflow/etl/bronze_extract.py", line 3, in <module>
    from tqdm import tqdm
ModuleNotFoundError: No module named 'tqdm'
[2025-08-16T13:21:36.867+0000] {processor.py:842} WARNING - No viable dags retrieved from /opt/airflow/dags/steam_pipeline_dag.py
[2025-08-16T13:21:36.897+0000] {processor.py:183} INFO - Processing /opt/airflow/dags/steam_pipeline_dag.py took 0.133 seconds
[2025-08-16T13:22:07.125+0000] {processor.py:161} INFO - Started process (PID=218) to work on /opt/airflow/dags/steam_pipeline_dag.py
[2025-08-16T13:22:07.126+0000] {processor.py:830} INFO - Processing file /opt/airflow/dags/steam_pipeline_dag.py for tasks to queue
[2025-08-16T13:22:07.128+0000] {logging_mixin.py:188} INFO - [2025-08-16T13:22:07.127+0000] {dagbag.py:545} INFO - Filling up the DagBag from /opt/airflow/dags/steam_pipeline_dag.py
[2025-08-16T13:22:07.171+0000] {logging_mixin.py:188} INFO - [2025-08-16T13:22:07.164+0000] {dagbag.py:355} ERROR - Failed to import: /opt/airflow/dags/steam_pipeline_dag.py
Traceback (most recent call last):
  File "/home/airflow/.local/lib/python3.12/site-packages/airflow/models/dagbag.py", line 351, in parse
    loader.exec_module(new_module)
  File "<frozen importlib._bootstrap_external>", line 995, in exec_module
  File "<frozen importlib._bootstrap>", line 488, in _call_with_frames_removed
  File "/opt/airflow/dags/steam_pipeline_dag.py", line 13, in <module>
    from etl.bronze_extract import extract_app
  File "/opt/airflow/etl/bronze_extract.py", line 3, in <module>
    from tqdm import tqdm
ModuleNotFoundError: No module named 'tqdm'
[2025-08-16T13:22:07.173+0000] {processor.py:842} WARNING - No viable dags retrieved from /opt/airflow/dags/steam_pipeline_dag.py
[2025-08-16T13:22:07.190+0000] {processor.py:183} INFO - Processing /opt/airflow/dags/steam_pipeline_dag.py took 0.071 seconds
[2025-08-16T13:22:38.086+0000] {processor.py:161} INFO - Started process (PID=219) to work on /opt/airflow/dags/steam_pipeline_dag.py
[2025-08-16T13:22:38.088+0000] {processor.py:830} INFO - Processing file /opt/airflow/dags/steam_pipeline_dag.py for tasks to queue
[2025-08-16T13:22:38.090+0000] {logging_mixin.py:188} INFO - [2025-08-16T13:22:38.090+0000] {dagbag.py:545} INFO - Filling up the DagBag from /opt/airflow/dags/steam_pipeline_dag.py
[2025-08-16T13:22:38.157+0000] {logging_mixin.py:188} INFO - [2025-08-16T13:22:38.147+0000] {dagbag.py:355} ERROR - Failed to import: /opt/airflow/dags/steam_pipeline_dag.py
Traceback (most recent call last):
  File "/home/airflow/.local/lib/python3.12/site-packages/airflow/models/dagbag.py", line 351, in parse
    loader.exec_module(new_module)
  File "<frozen importlib._bootstrap_external>", line 995, in exec_module
  File "<frozen importlib._bootstrap>", line 488, in _call_with_frames_removed
  File "/opt/airflow/dags/steam_pipeline_dag.py", line 13, in <module>
    from etl.bronze_extract import extract_app
  File "/opt/airflow/etl/bronze_extract.py", line 3, in <module>
    from tqdm import tqdm
ModuleNotFoundError: No module named 'tqdm'
[2025-08-16T13:22:38.161+0000] {processor.py:842} WARNING - No viable dags retrieved from /opt/airflow/dags/steam_pipeline_dag.py
[2025-08-16T13:22:38.180+0000] {processor.py:183} INFO - Processing /opt/airflow/dags/steam_pipeline_dag.py took 0.103 seconds
[2025-08-16T13:23:08.382+0000] {processor.py:161} INFO - Started process (PID=220) to work on /opt/airflow/dags/steam_pipeline_dag.py
[2025-08-16T13:23:08.433+0000] {processor.py:830} INFO - Processing file /opt/airflow/dags/steam_pipeline_dag.py for tasks to queue
[2025-08-16T13:23:08.440+0000] {logging_mixin.py:188} INFO - [2025-08-16T13:23:08.439+0000] {dagbag.py:545} INFO - Filling up the DagBag from /opt/airflow/dags/steam_pipeline_dag.py
[2025-08-16T13:23:08.536+0000] {logging_mixin.py:188} INFO - [2025-08-16T13:23:08.522+0000] {dagbag.py:355} ERROR - Failed to import: /opt/airflow/dags/steam_pipeline_dag.py
Traceback (most recent call last):
  File "/home/airflow/.local/lib/python3.12/site-packages/airflow/models/dagbag.py", line 351, in parse
    loader.exec_module(new_module)
  File "<frozen importlib._bootstrap_external>", line 995, in exec_module
  File "<frozen importlib._bootstrap>", line 488, in _call_with_frames_removed
  File "/opt/airflow/dags/steam_pipeline_dag.py", line 13, in <module>
    from etl.bronze_extract import extract_app
  File "/opt/airflow/etl/bronze_extract.py", line 3, in <module>
    from tqdm import tqdm
ModuleNotFoundError: No module named 'tqdm'
[2025-08-16T13:23:08.541+0000] {processor.py:842} WARNING - No viable dags retrieved from /opt/airflow/dags/steam_pipeline_dag.py
[2025-08-16T13:23:08.557+0000] {processor.py:183} INFO - Processing /opt/airflow/dags/steam_pipeline_dag.py took 0.181 seconds
[2025-08-16T13:23:38.618+0000] {processor.py:161} INFO - Started process (PID=221) to work on /opt/airflow/dags/steam_pipeline_dag.py
[2025-08-16T13:23:38.619+0000] {processor.py:830} INFO - Processing file /opt/airflow/dags/steam_pipeline_dag.py for tasks to queue
[2025-08-16T13:23:38.622+0000] {logging_mixin.py:188} INFO - [2025-08-16T13:23:38.621+0000] {dagbag.py:545} INFO - Filling up the DagBag from /opt/airflow/dags/steam_pipeline_dag.py
[2025-08-16T13:23:38.687+0000] {logging_mixin.py:188} INFO - [2025-08-16T13:23:38.676+0000] {dagbag.py:355} ERROR - Failed to import: /opt/airflow/dags/steam_pipeline_dag.py
Traceback (most recent call last):
  File "/home/airflow/.local/lib/python3.12/site-packages/airflow/models/dagbag.py", line 351, in parse
    loader.exec_module(new_module)
  File "<frozen importlib._bootstrap_external>", line 995, in exec_module
  File "<frozen importlib._bootstrap>", line 488, in _call_with_frames_removed
  File "/opt/airflow/dags/steam_pipeline_dag.py", line 13, in <module>
    from etl.bronze_extract import extract_app
  File "/opt/airflow/etl/bronze_extract.py", line 3, in <module>
    from tqdm import tqdm
ModuleNotFoundError: No module named 'tqdm'
[2025-08-16T13:23:38.690+0000] {processor.py:842} WARNING - No viable dags retrieved from /opt/airflow/dags/steam_pipeline_dag.py
[2025-08-16T13:23:38.712+0000] {processor.py:183} INFO - Processing /opt/airflow/dags/steam_pipeline_dag.py took 0.101 seconds
[2025-08-16T13:24:09.959+0000] {processor.py:161} INFO - Started process (PID=222) to work on /opt/airflow/dags/steam_pipeline_dag.py
[2025-08-16T13:24:09.960+0000] {processor.py:830} INFO - Processing file /opt/airflow/dags/steam_pipeline_dag.py for tasks to queue
[2025-08-16T13:24:09.964+0000] {logging_mixin.py:188} INFO - [2025-08-16T13:24:09.964+0000] {dagbag.py:545} INFO - Filling up the DagBag from /opt/airflow/dags/steam_pipeline_dag.py
[2025-08-16T13:24:10.046+0000] {logging_mixin.py:188} INFO - [2025-08-16T13:24:10.009+0000] {dagbag.py:355} ERROR - Failed to import: /opt/airflow/dags/steam_pipeline_dag.py
Traceback (most recent call last):
  File "/home/airflow/.local/lib/python3.12/site-packages/airflow/models/dagbag.py", line 351, in parse
    loader.exec_module(new_module)
  File "<frozen importlib._bootstrap_external>", line 995, in exec_module
  File "<frozen importlib._bootstrap>", line 488, in _call_with_frames_removed
  File "/opt/airflow/dags/steam_pipeline_dag.py", line 13, in <module>
    from etl.bronze_extract import extract_app
  File "/opt/airflow/etl/bronze_extract.py", line 3, in <module>
    from tqdm import tqdm
ModuleNotFoundError: No module named 'tqdm'
[2025-08-16T13:24:10.060+0000] {processor.py:842} WARNING - No viable dags retrieved from /opt/airflow/dags/steam_pipeline_dag.py
[2025-08-16T13:24:10.078+0000] {processor.py:183} INFO - Processing /opt/airflow/dags/steam_pipeline_dag.py took 0.125 seconds
[2025-08-16T13:24:41.252+0000] {processor.py:161} INFO - Started process (PID=223) to work on /opt/airflow/dags/steam_pipeline_dag.py
[2025-08-16T13:24:41.253+0000] {processor.py:830} INFO - Processing file /opt/airflow/dags/steam_pipeline_dag.py for tasks to queue
[2025-08-16T13:24:41.257+0000] {logging_mixin.py:188} INFO - [2025-08-16T13:24:41.256+0000] {dagbag.py:545} INFO - Filling up the DagBag from /opt/airflow/dags/steam_pipeline_dag.py
[2025-08-16T13:24:41.325+0000] {logging_mixin.py:188} INFO - [2025-08-16T13:24:41.313+0000] {dagbag.py:355} ERROR - Failed to import: /opt/airflow/dags/steam_pipeline_dag.py
Traceback (most recent call last):
  File "/home/airflow/.local/lib/python3.12/site-packages/airflow/models/dagbag.py", line 351, in parse
    loader.exec_module(new_module)
  File "<frozen importlib._bootstrap_external>", line 995, in exec_module
  File "<frozen importlib._bootstrap>", line 488, in _call_with_frames_removed
  File "/opt/airflow/dags/steam_pipeline_dag.py", line 13, in <module>
    from etl.bronze_extract import extract_app
  File "/opt/airflow/etl/bronze_extract.py", line 3, in <module>
    from tqdm import tqdm
ModuleNotFoundError: No module named 'tqdm'
[2025-08-16T13:24:41.330+0000] {processor.py:842} WARNING - No viable dags retrieved from /opt/airflow/dags/steam_pipeline_dag.py
[2025-08-16T13:24:41.357+0000] {processor.py:183} INFO - Processing /opt/airflow/dags/steam_pipeline_dag.py took 0.112 seconds
[2025-08-16T13:25:11.510+0000] {processor.py:161} INFO - Started process (PID=224) to work on /opt/airflow/dags/steam_pipeline_dag.py
[2025-08-16T13:25:11.511+0000] {processor.py:830} INFO - Processing file /opt/airflow/dags/steam_pipeline_dag.py for tasks to queue
[2025-08-16T13:25:11.513+0000] {logging_mixin.py:188} INFO - [2025-08-16T13:25:11.513+0000] {dagbag.py:545} INFO - Filling up the DagBag from /opt/airflow/dags/steam_pipeline_dag.py
[2025-08-16T13:25:11.567+0000] {logging_mixin.py:188} INFO - [2025-08-16T13:25:11.562+0000] {dagbag.py:355} ERROR - Failed to import: /opt/airflow/dags/steam_pipeline_dag.py
Traceback (most recent call last):
  File "/home/airflow/.local/lib/python3.12/site-packages/airflow/models/dagbag.py", line 351, in parse
    loader.exec_module(new_module)
  File "<frozen importlib._bootstrap_external>", line 995, in exec_module
  File "<frozen importlib._bootstrap>", line 488, in _call_with_frames_removed
  File "/opt/airflow/dags/steam_pipeline_dag.py", line 13, in <module>
    from etl.bronze_extract import extract_app
  File "/opt/airflow/etl/bronze_extract.py", line 3, in <module>
    from tqdm import tqdm
ModuleNotFoundError: No module named 'tqdm'
[2025-08-16T13:25:11.569+0000] {processor.py:842} WARNING - No viable dags retrieved from /opt/airflow/dags/steam_pipeline_dag.py
[2025-08-16T13:25:11.589+0000] {processor.py:183} INFO - Processing /opt/airflow/dags/steam_pipeline_dag.py took 0.085 seconds
[2025-08-16T13:25:41.909+0000] {processor.py:161} INFO - Started process (PID=225) to work on /opt/airflow/dags/steam_pipeline_dag.py
[2025-08-16T13:25:41.910+0000] {processor.py:830} INFO - Processing file /opt/airflow/dags/steam_pipeline_dag.py for tasks to queue
[2025-08-16T13:25:41.912+0000] {logging_mixin.py:188} INFO - [2025-08-16T13:25:41.912+0000] {dagbag.py:545} INFO - Filling up the DagBag from /opt/airflow/dags/steam_pipeline_dag.py
[2025-08-16T13:25:41.973+0000] {logging_mixin.py:188} INFO - [2025-08-16T13:25:41.964+0000] {dagbag.py:355} ERROR - Failed to import: /opt/airflow/dags/steam_pipeline_dag.py
Traceback (most recent call last):
  File "/home/airflow/.local/lib/python3.12/site-packages/airflow/models/dagbag.py", line 351, in parse
    loader.exec_module(new_module)
  File "<frozen importlib._bootstrap_external>", line 995, in exec_module
  File "<frozen importlib._bootstrap>", line 488, in _call_with_frames_removed
  File "/opt/airflow/dags/steam_pipeline_dag.py", line 13, in <module>
    from etl.bronze_extract import extract_app
  File "/opt/airflow/etl/bronze_extract.py", line 3, in <module>
    from tqdm import tqdm
ModuleNotFoundError: No module named 'tqdm'
[2025-08-16T13:25:41.976+0000] {processor.py:842} WARNING - No viable dags retrieved from /opt/airflow/dags/steam_pipeline_dag.py
[2025-08-16T13:25:41.994+0000] {processor.py:183} INFO - Processing /opt/airflow/dags/steam_pipeline_dag.py took 0.090 seconds
[2025-08-16T13:26:12.942+0000] {processor.py:161} INFO - Started process (PID=226) to work on /opt/airflow/dags/steam_pipeline_dag.py
[2025-08-16T13:26:12.944+0000] {processor.py:830} INFO - Processing file /opt/airflow/dags/steam_pipeline_dag.py for tasks to queue
[2025-08-16T13:26:12.946+0000] {logging_mixin.py:188} INFO - [2025-08-16T13:26:12.946+0000] {dagbag.py:545} INFO - Filling up the DagBag from /opt/airflow/dags/steam_pipeline_dag.py
[2025-08-16T13:26:13.017+0000] {logging_mixin.py:188} INFO - [2025-08-16T13:26:13.009+0000] {dagbag.py:355} ERROR - Failed to import: /opt/airflow/dags/steam_pipeline_dag.py
Traceback (most recent call last):
  File "/home/airflow/.local/lib/python3.12/site-packages/airflow/models/dagbag.py", line 351, in parse
    loader.exec_module(new_module)
  File "<frozen importlib._bootstrap_external>", line 995, in exec_module
  File "<frozen importlib._bootstrap>", line 488, in _call_with_frames_removed
  File "/opt/airflow/dags/steam_pipeline_dag.py", line 13, in <module>
    from etl.bronze_extract import extract_app
  File "/opt/airflow/etl/bronze_extract.py", line 3, in <module>
    from tqdm import tqdm
ModuleNotFoundError: No module named 'tqdm'
[2025-08-16T13:26:13.020+0000] {processor.py:842} WARNING - No viable dags retrieved from /opt/airflow/dags/steam_pipeline_dag.py
[2025-08-16T13:26:13.049+0000] {processor.py:183} INFO - Processing /opt/airflow/dags/steam_pipeline_dag.py took 0.112 seconds
[2025-08-16T13:26:43.804+0000] {processor.py:161} INFO - Started process (PID=227) to work on /opt/airflow/dags/steam_pipeline_dag.py
[2025-08-16T13:26:43.806+0000] {processor.py:830} INFO - Processing file /opt/airflow/dags/steam_pipeline_dag.py for tasks to queue
[2025-08-16T13:26:43.807+0000] {logging_mixin.py:188} INFO - [2025-08-16T13:26:43.807+0000] {dagbag.py:545} INFO - Filling up the DagBag from /opt/airflow/dags/steam_pipeline_dag.py
[2025-08-16T13:26:43.865+0000] {logging_mixin.py:188} INFO - [2025-08-16T13:26:43.855+0000] {dagbag.py:355} ERROR - Failed to import: /opt/airflow/dags/steam_pipeline_dag.py
Traceback (most recent call last):
  File "/home/airflow/.local/lib/python3.12/site-packages/airflow/models/dagbag.py", line 351, in parse
    loader.exec_module(new_module)
  File "<frozen importlib._bootstrap_external>", line 995, in exec_module
  File "<frozen importlib._bootstrap>", line 488, in _call_with_frames_removed
  File "/opt/airflow/dags/steam_pipeline_dag.py", line 13, in <module>
    from etl.bronze_extract import extract_app
  File "/opt/airflow/etl/bronze_extract.py", line 3, in <module>
    from tqdm import tqdm
ModuleNotFoundError: No module named 'tqdm'
[2025-08-16T13:26:43.868+0000] {processor.py:842} WARNING - No viable dags retrieved from /opt/airflow/dags/steam_pipeline_dag.py
[2025-08-16T13:26:43.886+0000] {processor.py:183} INFO - Processing /opt/airflow/dags/steam_pipeline_dag.py took 0.086 seconds
[2025-08-16T13:27:14.127+0000] {processor.py:161} INFO - Started process (PID=228) to work on /opt/airflow/dags/steam_pipeline_dag.py
[2025-08-16T13:27:14.128+0000] {processor.py:830} INFO - Processing file /opt/airflow/dags/steam_pipeline_dag.py for tasks to queue
[2025-08-16T13:27:14.130+0000] {logging_mixin.py:188} INFO - [2025-08-16T13:27:14.129+0000] {dagbag.py:545} INFO - Filling up the DagBag from /opt/airflow/dags/steam_pipeline_dag.py
[2025-08-16T13:27:14.179+0000] {logging_mixin.py:188} INFO - [2025-08-16T13:27:14.173+0000] {dagbag.py:355} ERROR - Failed to import: /opt/airflow/dags/steam_pipeline_dag.py
Traceback (most recent call last):
  File "/home/airflow/.local/lib/python3.12/site-packages/airflow/models/dagbag.py", line 351, in parse
    loader.exec_module(new_module)
  File "<frozen importlib._bootstrap_external>", line 995, in exec_module
  File "<frozen importlib._bootstrap>", line 488, in _call_with_frames_removed
  File "/opt/airflow/dags/steam_pipeline_dag.py", line 13, in <module>
    from etl.bronze_extract import extract_app
  File "/opt/airflow/etl/bronze_extract.py", line 3, in <module>
    from tqdm import tqdm
ModuleNotFoundError: No module named 'tqdm'
[2025-08-16T13:27:14.181+0000] {processor.py:842} WARNING - No viable dags retrieved from /opt/airflow/dags/steam_pipeline_dag.py
[2025-08-16T13:27:14.200+0000] {processor.py:183} INFO - Processing /opt/airflow/dags/steam_pipeline_dag.py took 0.078 seconds
[2025-08-16T13:27:45.274+0000] {processor.py:161} INFO - Started process (PID=229) to work on /opt/airflow/dags/steam_pipeline_dag.py
[2025-08-16T13:27:45.275+0000] {processor.py:830} INFO - Processing file /opt/airflow/dags/steam_pipeline_dag.py for tasks to queue
[2025-08-16T13:27:45.277+0000] {logging_mixin.py:188} INFO - [2025-08-16T13:27:45.277+0000] {dagbag.py:545} INFO - Filling up the DagBag from /opt/airflow/dags/steam_pipeline_dag.py
[2025-08-16T13:27:45.340+0000] {logging_mixin.py:188} INFO - [2025-08-16T13:27:45.327+0000] {dagbag.py:355} ERROR - Failed to import: /opt/airflow/dags/steam_pipeline_dag.py
Traceback (most recent call last):
  File "/home/airflow/.local/lib/python3.12/site-packages/airflow/models/dagbag.py", line 351, in parse
    loader.exec_module(new_module)
  File "<frozen importlib._bootstrap_external>", line 995, in exec_module
  File "<frozen importlib._bootstrap>", line 488, in _call_with_frames_removed
  File "/opt/airflow/dags/steam_pipeline_dag.py", line 13, in <module>
    from etl.bronze_extract import extract_app
  File "/opt/airflow/etl/bronze_extract.py", line 3, in <module>
    from tqdm import tqdm
ModuleNotFoundError: No module named 'tqdm'
[2025-08-16T13:27:45.344+0000] {processor.py:842} WARNING - No viable dags retrieved from /opt/airflow/dags/steam_pipeline_dag.py
[2025-08-16T13:27:45.360+0000] {processor.py:183} INFO - Processing /opt/airflow/dags/steam_pipeline_dag.py took 0.092 seconds
[2025-08-16T13:28:15.721+0000] {processor.py:161} INFO - Started process (PID=230) to work on /opt/airflow/dags/steam_pipeline_dag.py
[2025-08-16T13:28:15.722+0000] {processor.py:830} INFO - Processing file /opt/airflow/dags/steam_pipeline_dag.py for tasks to queue
[2025-08-16T13:28:15.724+0000] {logging_mixin.py:188} INFO - [2025-08-16T13:28:15.724+0000] {dagbag.py:545} INFO - Filling up the DagBag from /opt/airflow/dags/steam_pipeline_dag.py
[2025-08-16T13:28:15.774+0000] {logging_mixin.py:188} INFO - [2025-08-16T13:28:15.767+0000] {dagbag.py:355} ERROR - Failed to import: /opt/airflow/dags/steam_pipeline_dag.py
Traceback (most recent call last):
  File "/home/airflow/.local/lib/python3.12/site-packages/airflow/models/dagbag.py", line 351, in parse
    loader.exec_module(new_module)
  File "<frozen importlib._bootstrap_external>", line 995, in exec_module
  File "<frozen importlib._bootstrap>", line 488, in _call_with_frames_removed
  File "/opt/airflow/dags/steam_pipeline_dag.py", line 13, in <module>
    from etl.bronze_extract import extract_app
  File "/opt/airflow/etl/bronze_extract.py", line 3, in <module>
    from tqdm import tqdm
ModuleNotFoundError: No module named 'tqdm'
[2025-08-16T13:28:15.777+0000] {processor.py:842} WARNING - No viable dags retrieved from /opt/airflow/dags/steam_pipeline_dag.py
[2025-08-16T13:28:15.794+0000] {processor.py:183} INFO - Processing /opt/airflow/dags/steam_pipeline_dag.py took 0.078 seconds
[2025-08-16T13:28:46.048+0000] {processor.py:161} INFO - Started process (PID=231) to work on /opt/airflow/dags/steam_pipeline_dag.py
[2025-08-16T13:28:46.049+0000] {processor.py:830} INFO - Processing file /opt/airflow/dags/steam_pipeline_dag.py for tasks to queue
[2025-08-16T13:28:46.052+0000] {logging_mixin.py:188} INFO - [2025-08-16T13:28:46.051+0000] {dagbag.py:545} INFO - Filling up the DagBag from /opt/airflow/dags/steam_pipeline_dag.py
[2025-08-16T13:28:46.121+0000] {logging_mixin.py:188} INFO - [2025-08-16T13:28:46.114+0000] {dagbag.py:355} ERROR - Failed to import: /opt/airflow/dags/steam_pipeline_dag.py
Traceback (most recent call last):
  File "/home/airflow/.local/lib/python3.12/site-packages/airflow/models/dagbag.py", line 351, in parse
    loader.exec_module(new_module)
  File "<frozen importlib._bootstrap_external>", line 995, in exec_module
  File "<frozen importlib._bootstrap>", line 488, in _call_with_frames_removed
  File "/opt/airflow/dags/steam_pipeline_dag.py", line 13, in <module>
    from etl.bronze_extract import extract_app
  File "/opt/airflow/etl/bronze_extract.py", line 3, in <module>
    from tqdm import tqdm
ModuleNotFoundError: No module named 'tqdm'
[2025-08-16T13:28:46.126+0000] {processor.py:842} WARNING - No viable dags retrieved from /opt/airflow/dags/steam_pipeline_dag.py
[2025-08-16T13:28:46.152+0000] {processor.py:183} INFO - Processing /opt/airflow/dags/steam_pipeline_dag.py took 0.112 seconds
[2025-08-16T13:29:17.184+0000] {processor.py:161} INFO - Started process (PID=232) to work on /opt/airflow/dags/steam_pipeline_dag.py
[2025-08-16T13:29:17.185+0000] {processor.py:830} INFO - Processing file /opt/airflow/dags/steam_pipeline_dag.py for tasks to queue
[2025-08-16T13:29:17.187+0000] {logging_mixin.py:188} INFO - [2025-08-16T13:29:17.187+0000] {dagbag.py:545} INFO - Filling up the DagBag from /opt/airflow/dags/steam_pipeline_dag.py
[2025-08-16T13:29:17.256+0000] {logging_mixin.py:188} INFO - [2025-08-16T13:29:17.248+0000] {dagbag.py:355} ERROR - Failed to import: /opt/airflow/dags/steam_pipeline_dag.py
Traceback (most recent call last):
  File "/home/airflow/.local/lib/python3.12/site-packages/airflow/models/dagbag.py", line 351, in parse
    loader.exec_module(new_module)
  File "<frozen importlib._bootstrap_external>", line 995, in exec_module
  File "<frozen importlib._bootstrap>", line 488, in _call_with_frames_removed
  File "/opt/airflow/dags/steam_pipeline_dag.py", line 13, in <module>
    from etl.bronze_extract import extract_app
  File "/opt/airflow/etl/bronze_extract.py", line 3, in <module>
    from tqdm import tqdm
ModuleNotFoundError: No module named 'tqdm'
[2025-08-16T13:29:17.259+0000] {processor.py:842} WARNING - No viable dags retrieved from /opt/airflow/dags/steam_pipeline_dag.py
[2025-08-16T13:29:17.295+0000] {processor.py:183} INFO - Processing /opt/airflow/dags/steam_pipeline_dag.py took 0.117 seconds
[2025-08-16T13:29:48.104+0000] {processor.py:161} INFO - Started process (PID=233) to work on /opt/airflow/dags/steam_pipeline_dag.py
[2025-08-16T13:29:48.105+0000] {processor.py:830} INFO - Processing file /opt/airflow/dags/steam_pipeline_dag.py for tasks to queue
[2025-08-16T13:29:48.107+0000] {logging_mixin.py:188} INFO - [2025-08-16T13:29:48.107+0000] {dagbag.py:545} INFO - Filling up the DagBag from /opt/airflow/dags/steam_pipeline_dag.py
[2025-08-16T13:29:48.195+0000] {logging_mixin.py:188} INFO - [2025-08-16T13:29:48.186+0000] {dagbag.py:355} ERROR - Failed to import: /opt/airflow/dags/steam_pipeline_dag.py
Traceback (most recent call last):
  File "/home/airflow/.local/lib/python3.12/site-packages/airflow/models/dagbag.py", line 351, in parse
    loader.exec_module(new_module)
  File "<frozen importlib._bootstrap_external>", line 995, in exec_module
  File "<frozen importlib._bootstrap>", line 488, in _call_with_frames_removed
  File "/opt/airflow/dags/steam_pipeline_dag.py", line 13, in <module>
    from etl.bronze_extract import extract_app
  File "/opt/airflow/etl/bronze_extract.py", line 3, in <module>
    from tqdm import tqdm
ModuleNotFoundError: No module named 'tqdm'
[2025-08-16T13:29:48.198+0000] {processor.py:842} WARNING - No viable dags retrieved from /opt/airflow/dags/steam_pipeline_dag.py
[2025-08-16T13:29:48.218+0000] {processor.py:183} INFO - Processing /opt/airflow/dags/steam_pipeline_dag.py took 0.121 seconds
[2025-08-16T13:30:18.758+0000] {processor.py:161} INFO - Started process (PID=234) to work on /opt/airflow/dags/steam_pipeline_dag.py
[2025-08-16T13:30:18.760+0000] {processor.py:830} INFO - Processing file /opt/airflow/dags/steam_pipeline_dag.py for tasks to queue
[2025-08-16T13:30:18.762+0000] {logging_mixin.py:188} INFO - [2025-08-16T13:30:18.762+0000] {dagbag.py:545} INFO - Filling up the DagBag from /opt/airflow/dags/steam_pipeline_dag.py
[2025-08-16T13:30:18.858+0000] {logging_mixin.py:188} INFO - [2025-08-16T13:30:18.840+0000] {dagbag.py:355} ERROR - Failed to import: /opt/airflow/dags/steam_pipeline_dag.py
Traceback (most recent call last):
  File "/home/airflow/.local/lib/python3.12/site-packages/airflow/models/dagbag.py", line 351, in parse
    loader.exec_module(new_module)
  File "<frozen importlib._bootstrap_external>", line 995, in exec_module
  File "<frozen importlib._bootstrap>", line 488, in _call_with_frames_removed
  File "/opt/airflow/dags/steam_pipeline_dag.py", line 13, in <module>
    from etl.bronze_extract import extract_app
  File "/opt/airflow/etl/bronze_extract.py", line 3, in <module>
    from tqdm import tqdm
ModuleNotFoundError: No module named 'tqdm'
[2025-08-16T13:30:18.863+0000] {processor.py:842} WARNING - No viable dags retrieved from /opt/airflow/dags/steam_pipeline_dag.py
[2025-08-16T13:30:18.887+0000] {processor.py:183} INFO - Processing /opt/airflow/dags/steam_pipeline_dag.py took 0.135 seconds
[2025-08-16T13:30:49.619+0000] {processor.py:161} INFO - Started process (PID=235) to work on /opt/airflow/dags/steam_pipeline_dag.py
[2025-08-16T13:30:49.620+0000] {processor.py:830} INFO - Processing file /opt/airflow/dags/steam_pipeline_dag.py for tasks to queue
[2025-08-16T13:30:49.622+0000] {logging_mixin.py:188} INFO - [2025-08-16T13:30:49.622+0000] {dagbag.py:545} INFO - Filling up the DagBag from /opt/airflow/dags/steam_pipeline_dag.py
[2025-08-16T13:30:49.667+0000] {logging_mixin.py:188} INFO - [2025-08-16T13:30:49.661+0000] {dagbag.py:355} ERROR - Failed to import: /opt/airflow/dags/steam_pipeline_dag.py
Traceback (most recent call last):
  File "/home/airflow/.local/lib/python3.12/site-packages/airflow/models/dagbag.py", line 351, in parse
    loader.exec_module(new_module)
  File "<frozen importlib._bootstrap_external>", line 995, in exec_module
  File "<frozen importlib._bootstrap>", line 488, in _call_with_frames_removed
  File "/opt/airflow/dags/steam_pipeline_dag.py", line 13, in <module>
    from etl.bronze_extract import extract_app
  File "/opt/airflow/etl/bronze_extract.py", line 3, in <module>
    from tqdm import tqdm
ModuleNotFoundError: No module named 'tqdm'
[2025-08-16T13:30:49.669+0000] {processor.py:842} WARNING - No viable dags retrieved from /opt/airflow/dags/steam_pipeline_dag.py
[2025-08-16T13:30:49.692+0000] {processor.py:183} INFO - Processing /opt/airflow/dags/steam_pipeline_dag.py took 0.080 seconds
[2025-08-16T13:31:20.628+0000] {processor.py:161} INFO - Started process (PID=236) to work on /opt/airflow/dags/steam_pipeline_dag.py
[2025-08-16T13:31:20.630+0000] {processor.py:830} INFO - Processing file /opt/airflow/dags/steam_pipeline_dag.py for tasks to queue
[2025-08-16T13:31:20.632+0000] {logging_mixin.py:188} INFO - [2025-08-16T13:31:20.631+0000] {dagbag.py:545} INFO - Filling up the DagBag from /opt/airflow/dags/steam_pipeline_dag.py
[2025-08-16T13:31:20.683+0000] {logging_mixin.py:188} INFO - [2025-08-16T13:31:20.677+0000] {dagbag.py:355} ERROR - Failed to import: /opt/airflow/dags/steam_pipeline_dag.py
Traceback (most recent call last):
  File "/home/airflow/.local/lib/python3.12/site-packages/airflow/models/dagbag.py", line 351, in parse
    loader.exec_module(new_module)
  File "<frozen importlib._bootstrap_external>", line 995, in exec_module
  File "<frozen importlib._bootstrap>", line 488, in _call_with_frames_removed
  File "/opt/airflow/dags/steam_pipeline_dag.py", line 13, in <module>
    from etl.bronze_extract import extract_app
  File "/opt/airflow/etl/bronze_extract.py", line 3, in <module>
    from tqdm import tqdm
ModuleNotFoundError: No module named 'tqdm'
[2025-08-16T13:31:20.685+0000] {processor.py:842} WARNING - No viable dags retrieved from /opt/airflow/dags/steam_pipeline_dag.py
[2025-08-16T13:31:20.701+0000] {processor.py:183} INFO - Processing /opt/airflow/dags/steam_pipeline_dag.py took 0.078 seconds
[2025-08-16T13:31:51.253+0000] {processor.py:161} INFO - Started process (PID=237) to work on /opt/airflow/dags/steam_pipeline_dag.py
[2025-08-16T13:31:51.255+0000] {processor.py:830} INFO - Processing file /opt/airflow/dags/steam_pipeline_dag.py for tasks to queue
[2025-08-16T13:31:51.258+0000] {logging_mixin.py:188} INFO - [2025-08-16T13:31:51.258+0000] {dagbag.py:545} INFO - Filling up the DagBag from /opt/airflow/dags/steam_pipeline_dag.py
[2025-08-16T13:31:51.487+0000] {logging_mixin.py:188} INFO - [2025-08-16T13:31:51.381+0000] {dagbag.py:355} ERROR - Failed to import: /opt/airflow/dags/steam_pipeline_dag.py
Traceback (most recent call last):
  File "/home/airflow/.local/lib/python3.12/site-packages/airflow/models/dagbag.py", line 351, in parse
    loader.exec_module(new_module)
  File "<frozen importlib._bootstrap_external>", line 995, in exec_module
  File "<frozen importlib._bootstrap>", line 488, in _call_with_frames_removed
  File "/opt/airflow/dags/steam_pipeline_dag.py", line 13, in <module>
    from etl.bronze_extract import extract_app
  File "/opt/airflow/etl/bronze_extract.py", line 3, in <module>
    from tqdm import tqdm
ModuleNotFoundError: No module named 'tqdm'
[2025-08-16T13:31:51.490+0000] {processor.py:842} WARNING - No viable dags retrieved from /opt/airflow/dags/steam_pipeline_dag.py
[2025-08-16T13:31:51.517+0000] {processor.py:183} INFO - Processing /opt/airflow/dags/steam_pipeline_dag.py took 0.270 seconds
[2025-08-16T13:32:21.957+0000] {processor.py:161} INFO - Started process (PID=238) to work on /opt/airflow/dags/steam_pipeline_dag.py
[2025-08-16T13:32:21.959+0000] {processor.py:830} INFO - Processing file /opt/airflow/dags/steam_pipeline_dag.py for tasks to queue
[2025-08-16T13:32:21.962+0000] {logging_mixin.py:188} INFO - [2025-08-16T13:32:21.961+0000] {dagbag.py:545} INFO - Filling up the DagBag from /opt/airflow/dags/steam_pipeline_dag.py
[2025-08-16T13:32:22.032+0000] {logging_mixin.py:188} INFO - [2025-08-16T13:32:22.024+0000] {dagbag.py:355} ERROR - Failed to import: /opt/airflow/dags/steam_pipeline_dag.py
Traceback (most recent call last):
  File "/home/airflow/.local/lib/python3.12/site-packages/airflow/models/dagbag.py", line 351, in parse
    loader.exec_module(new_module)
  File "<frozen importlib._bootstrap_external>", line 995, in exec_module
  File "<frozen importlib._bootstrap>", line 488, in _call_with_frames_removed
  File "/opt/airflow/dags/steam_pipeline_dag.py", line 13, in <module>
    from etl.bronze_extract import extract_app
  File "/opt/airflow/etl/bronze_extract.py", line 3, in <module>
    from tqdm import tqdm
ModuleNotFoundError: No module named 'tqdm'
[2025-08-16T13:32:22.035+0000] {processor.py:842} WARNING - No viable dags retrieved from /opt/airflow/dags/steam_pipeline_dag.py
[2025-08-16T13:32:22.053+0000] {processor.py:183} INFO - Processing /opt/airflow/dags/steam_pipeline_dag.py took 0.104 seconds
[2025-08-16T13:32:52.403+0000] {processor.py:161} INFO - Started process (PID=239) to work on /opt/airflow/dags/steam_pipeline_dag.py
[2025-08-16T13:32:52.404+0000] {processor.py:830} INFO - Processing file /opt/airflow/dags/steam_pipeline_dag.py for tasks to queue
[2025-08-16T13:32:52.406+0000] {logging_mixin.py:188} INFO - [2025-08-16T13:32:52.406+0000] {dagbag.py:545} INFO - Filling up the DagBag from /opt/airflow/dags/steam_pipeline_dag.py
[2025-08-16T13:32:52.465+0000] {logging_mixin.py:188} INFO - [2025-08-16T13:32:52.457+0000] {dagbag.py:355} ERROR - Failed to import: /opt/airflow/dags/steam_pipeline_dag.py
Traceback (most recent call last):
  File "/home/airflow/.local/lib/python3.12/site-packages/airflow/models/dagbag.py", line 351, in parse
    loader.exec_module(new_module)
  File "<frozen importlib._bootstrap_external>", line 995, in exec_module
  File "<frozen importlib._bootstrap>", line 488, in _call_with_frames_removed
  File "/opt/airflow/dags/steam_pipeline_dag.py", line 13, in <module>
    from etl.bronze_extract import extract_app
  File "/opt/airflow/etl/bronze_extract.py", line 3, in <module>
    from tqdm import tqdm
ModuleNotFoundError: No module named 'tqdm'
[2025-08-16T13:32:52.467+0000] {processor.py:842} WARNING - No viable dags retrieved from /opt/airflow/dags/steam_pipeline_dag.py
[2025-08-16T13:32:52.486+0000] {processor.py:183} INFO - Processing /opt/airflow/dags/steam_pipeline_dag.py took 0.088 seconds
[2025-08-16T13:33:22.899+0000] {processor.py:161} INFO - Started process (PID=240) to work on /opt/airflow/dags/steam_pipeline_dag.py
[2025-08-16T13:33:22.900+0000] {processor.py:830} INFO - Processing file /opt/airflow/dags/steam_pipeline_dag.py for tasks to queue
[2025-08-16T13:33:22.902+0000] {logging_mixin.py:188} INFO - [2025-08-16T13:33:22.902+0000] {dagbag.py:545} INFO - Filling up the DagBag from /opt/airflow/dags/steam_pipeline_dag.py
[2025-08-16T13:33:22.983+0000] {logging_mixin.py:188} INFO - [2025-08-16T13:33:22.976+0000] {dagbag.py:355} ERROR - Failed to import: /opt/airflow/dags/steam_pipeline_dag.py
Traceback (most recent call last):
  File "/home/airflow/.local/lib/python3.12/site-packages/airflow/models/dagbag.py", line 351, in parse
    loader.exec_module(new_module)
  File "<frozen importlib._bootstrap_external>", line 995, in exec_module
  File "<frozen importlib._bootstrap>", line 488, in _call_with_frames_removed
  File "/opt/airflow/dags/steam_pipeline_dag.py", line 13, in <module>
    from etl.bronze_extract import extract_app
  File "/opt/airflow/etl/bronze_extract.py", line 3, in <module>
    from tqdm import tqdm
ModuleNotFoundError: No module named 'tqdm'
[2025-08-16T13:33:22.985+0000] {processor.py:842} WARNING - No viable dags retrieved from /opt/airflow/dags/steam_pipeline_dag.py
[2025-08-16T13:33:23.002+0000] {processor.py:183} INFO - Processing /opt/airflow/dags/steam_pipeline_dag.py took 0.108 seconds
[2025-08-16T13:33:54.106+0000] {processor.py:161} INFO - Started process (PID=241) to work on /opt/airflow/dags/steam_pipeline_dag.py
[2025-08-16T13:33:54.107+0000] {processor.py:830} INFO - Processing file /opt/airflow/dags/steam_pipeline_dag.py for tasks to queue
[2025-08-16T13:33:54.109+0000] {logging_mixin.py:188} INFO - [2025-08-16T13:33:54.109+0000] {dagbag.py:545} INFO - Filling up the DagBag from /opt/airflow/dags/steam_pipeline_dag.py
[2025-08-16T13:33:54.159+0000] {logging_mixin.py:188} INFO - [2025-08-16T13:33:54.153+0000] {dagbag.py:355} ERROR - Failed to import: /opt/airflow/dags/steam_pipeline_dag.py
Traceback (most recent call last):
  File "/home/airflow/.local/lib/python3.12/site-packages/airflow/models/dagbag.py", line 351, in parse
    loader.exec_module(new_module)
  File "<frozen importlib._bootstrap_external>", line 995, in exec_module
  File "<frozen importlib._bootstrap>", line 488, in _call_with_frames_removed
  File "/opt/airflow/dags/steam_pipeline_dag.py", line 13, in <module>
    from etl.bronze_extract import extract_app
  File "/opt/airflow/etl/bronze_extract.py", line 3, in <module>
    from tqdm import tqdm
ModuleNotFoundError: No module named 'tqdm'
[2025-08-16T13:33:54.162+0000] {processor.py:842} WARNING - No viable dags retrieved from /opt/airflow/dags/steam_pipeline_dag.py
[2025-08-16T13:33:54.182+0000] {processor.py:183} INFO - Processing /opt/airflow/dags/steam_pipeline_dag.py took 0.082 seconds
[2025-08-16T13:34:24.323+0000] {processor.py:161} INFO - Started process (PID=242) to work on /opt/airflow/dags/steam_pipeline_dag.py
[2025-08-16T13:34:24.325+0000] {processor.py:830} INFO - Processing file /opt/airflow/dags/steam_pipeline_dag.py for tasks to queue
[2025-08-16T13:34:24.327+0000] {logging_mixin.py:188} INFO - [2025-08-16T13:34:24.326+0000] {dagbag.py:545} INFO - Filling up the DagBag from /opt/airflow/dags/steam_pipeline_dag.py
[2025-08-16T13:34:24.376+0000] {logging_mixin.py:188} INFO - [2025-08-16T13:34:24.368+0000] {dagbag.py:355} ERROR - Failed to import: /opt/airflow/dags/steam_pipeline_dag.py
Traceback (most recent call last):
  File "/home/airflow/.local/lib/python3.12/site-packages/airflow/models/dagbag.py", line 351, in parse
    loader.exec_module(new_module)
  File "<frozen importlib._bootstrap_external>", line 995, in exec_module
  File "<frozen importlib._bootstrap>", line 488, in _call_with_frames_removed
  File "/opt/airflow/dags/steam_pipeline_dag.py", line 13, in <module>
    from etl.bronze_extract import extract_app
  File "/opt/airflow/etl/bronze_extract.py", line 3, in <module>
    from tqdm import tqdm
ModuleNotFoundError: No module named 'tqdm'
[2025-08-16T13:34:24.380+0000] {processor.py:842} WARNING - No viable dags retrieved from /opt/airflow/dags/steam_pipeline_dag.py
[2025-08-16T13:34:24.397+0000] {processor.py:183} INFO - Processing /opt/airflow/dags/steam_pipeline_dag.py took 0.079 seconds
[2025-08-16T13:34:54.929+0000] {processor.py:161} INFO - Started process (PID=243) to work on /opt/airflow/dags/steam_pipeline_dag.py
[2025-08-16T13:34:54.930+0000] {processor.py:830} INFO - Processing file /opt/airflow/dags/steam_pipeline_dag.py for tasks to queue
[2025-08-16T13:34:54.932+0000] {logging_mixin.py:188} INFO - [2025-08-16T13:34:54.932+0000] {dagbag.py:545} INFO - Filling up the DagBag from /opt/airflow/dags/steam_pipeline_dag.py
[2025-08-16T13:34:54.982+0000] {logging_mixin.py:188} INFO - [2025-08-16T13:34:54.975+0000] {dagbag.py:355} ERROR - Failed to import: /opt/airflow/dags/steam_pipeline_dag.py
Traceback (most recent call last):
  File "/home/airflow/.local/lib/python3.12/site-packages/airflow/models/dagbag.py", line 351, in parse
    loader.exec_module(new_module)
  File "<frozen importlib._bootstrap_external>", line 995, in exec_module
  File "<frozen importlib._bootstrap>", line 488, in _call_with_frames_removed
  File "/opt/airflow/dags/steam_pipeline_dag.py", line 13, in <module>
    from etl.bronze_extract import extract_app
  File "/opt/airflow/etl/bronze_extract.py", line 3, in <module>
    from tqdm import tqdm
ModuleNotFoundError: No module named 'tqdm'
[2025-08-16T13:34:54.984+0000] {processor.py:842} WARNING - No viable dags retrieved from /opt/airflow/dags/steam_pipeline_dag.py
[2025-08-16T13:34:55.004+0000] {processor.py:183} INFO - Processing /opt/airflow/dags/steam_pipeline_dag.py took 0.081 seconds
[2025-08-16T13:35:25.790+0000] {processor.py:161} INFO - Started process (PID=244) to work on /opt/airflow/dags/steam_pipeline_dag.py
[2025-08-16T13:35:25.792+0000] {processor.py:830} INFO - Processing file /opt/airflow/dags/steam_pipeline_dag.py for tasks to queue
[2025-08-16T13:35:25.794+0000] {logging_mixin.py:188} INFO - [2025-08-16T13:35:25.794+0000] {dagbag.py:545} INFO - Filling up the DagBag from /opt/airflow/dags/steam_pipeline_dag.py
[2025-08-16T13:35:25.852+0000] {logging_mixin.py:188} INFO - [2025-08-16T13:35:25.844+0000] {dagbag.py:355} ERROR - Failed to import: /opt/airflow/dags/steam_pipeline_dag.py
Traceback (most recent call last):
  File "/home/airflow/.local/lib/python3.12/site-packages/airflow/models/dagbag.py", line 351, in parse
    loader.exec_module(new_module)
  File "<frozen importlib._bootstrap_external>", line 995, in exec_module
  File "<frozen importlib._bootstrap>", line 488, in _call_with_frames_removed
  File "/opt/airflow/dags/steam_pipeline_dag.py", line 13, in <module>
    from etl.bronze_extract import extract_app
  File "/opt/airflow/etl/bronze_extract.py", line 3, in <module>
    from tqdm import tqdm
ModuleNotFoundError: No module named 'tqdm'
[2025-08-16T13:35:25.855+0000] {processor.py:842} WARNING - No viable dags retrieved from /opt/airflow/dags/steam_pipeline_dag.py
[2025-08-16T13:35:25.872+0000] {processor.py:183} INFO - Processing /opt/airflow/dags/steam_pipeline_dag.py took 0.088 seconds
[2025-08-16T13:35:56.432+0000] {processor.py:161} INFO - Started process (PID=245) to work on /opt/airflow/dags/steam_pipeline_dag.py
[2025-08-16T13:35:56.434+0000] {processor.py:830} INFO - Processing file /opt/airflow/dags/steam_pipeline_dag.py for tasks to queue
[2025-08-16T13:35:56.437+0000] {logging_mixin.py:188} INFO - [2025-08-16T13:35:56.436+0000] {dagbag.py:545} INFO - Filling up the DagBag from /opt/airflow/dags/steam_pipeline_dag.py
[2025-08-16T13:35:56.483+0000] {logging_mixin.py:188} INFO - [2025-08-16T13:35:56.476+0000] {dagbag.py:355} ERROR - Failed to import: /opt/airflow/dags/steam_pipeline_dag.py
Traceback (most recent call last):
  File "/home/airflow/.local/lib/python3.12/site-packages/airflow/models/dagbag.py", line 351, in parse
    loader.exec_module(new_module)
  File "<frozen importlib._bootstrap_external>", line 995, in exec_module
  File "<frozen importlib._bootstrap>", line 488, in _call_with_frames_removed
  File "/opt/airflow/dags/steam_pipeline_dag.py", line 13, in <module>
    from etl.bronze_extract import extract_app
  File "/opt/airflow/etl/bronze_extract.py", line 3, in <module>
    from tqdm import tqdm
ModuleNotFoundError: No module named 'tqdm'
[2025-08-16T13:35:56.485+0000] {processor.py:842} WARNING - No viable dags retrieved from /opt/airflow/dags/steam_pipeline_dag.py
[2025-08-16T13:35:56.500+0000] {processor.py:183} INFO - Processing /opt/airflow/dags/steam_pipeline_dag.py took 0.076 seconds
[2025-08-16T13:36:26.922+0000] {processor.py:161} INFO - Started process (PID=246) to work on /opt/airflow/dags/steam_pipeline_dag.py
[2025-08-16T13:36:26.923+0000] {processor.py:830} INFO - Processing file /opt/airflow/dags/steam_pipeline_dag.py for tasks to queue
[2025-08-16T13:36:26.925+0000] {logging_mixin.py:188} INFO - [2025-08-16T13:36:26.924+0000] {dagbag.py:545} INFO - Filling up the DagBag from /opt/airflow/dags/steam_pipeline_dag.py
[2025-08-16T13:36:26.982+0000] {logging_mixin.py:188} INFO - [2025-08-16T13:36:26.963+0000] {dagbag.py:355} ERROR - Failed to import: /opt/airflow/dags/steam_pipeline_dag.py
Traceback (most recent call last):
  File "/home/airflow/.local/lib/python3.12/site-packages/airflow/models/dagbag.py", line 351, in parse
    loader.exec_module(new_module)
  File "<frozen importlib._bootstrap_external>", line 995, in exec_module
  File "<frozen importlib._bootstrap>", line 488, in _call_with_frames_removed
  File "/opt/airflow/dags/steam_pipeline_dag.py", line 13, in <module>
    from etl.bronze_extract import extract_app
  File "/opt/airflow/etl/bronze_extract.py", line 3, in <module>
    from tqdm import tqdm
ModuleNotFoundError: No module named 'tqdm'
[2025-08-16T13:36:26.984+0000] {processor.py:842} WARNING - No viable dags retrieved from /opt/airflow/dags/steam_pipeline_dag.py
[2025-08-16T13:36:27.008+0000] {processor.py:183} INFO - Processing /opt/airflow/dags/steam_pipeline_dag.py took 0.091 seconds
[2025-08-16T13:36:58.282+0000] {processor.py:161} INFO - Started process (PID=247) to work on /opt/airflow/dags/steam_pipeline_dag.py
[2025-08-16T13:36:58.283+0000] {processor.py:830} INFO - Processing file /opt/airflow/dags/steam_pipeline_dag.py for tasks to queue
[2025-08-16T13:36:58.286+0000] {logging_mixin.py:188} INFO - [2025-08-16T13:36:58.286+0000] {dagbag.py:545} INFO - Filling up the DagBag from /opt/airflow/dags/steam_pipeline_dag.py
[2025-08-16T13:36:58.394+0000] {logging_mixin.py:188} INFO - [2025-08-16T13:36:58.384+0000] {dagbag.py:355} ERROR - Failed to import: /opt/airflow/dags/steam_pipeline_dag.py
Traceback (most recent call last):
  File "/home/airflow/.local/lib/python3.12/site-packages/airflow/models/dagbag.py", line 351, in parse
    loader.exec_module(new_module)
  File "<frozen importlib._bootstrap_external>", line 995, in exec_module
  File "<frozen importlib._bootstrap>", line 488, in _call_with_frames_removed
  File "/opt/airflow/dags/steam_pipeline_dag.py", line 13, in <module>
    from etl.bronze_extract import extract_app
  File "/opt/airflow/etl/bronze_extract.py", line 3, in <module>
    from tqdm import tqdm
ModuleNotFoundError: No module named 'tqdm'
[2025-08-16T13:36:58.397+0000] {processor.py:842} WARNING - No viable dags retrieved from /opt/airflow/dags/steam_pipeline_dag.py
[2025-08-16T13:36:58.418+0000] {processor.py:183} INFO - Processing /opt/airflow/dags/steam_pipeline_dag.py took 0.144 seconds
[2025-08-16T13:37:28.858+0000] {processor.py:161} INFO - Started process (PID=248) to work on /opt/airflow/dags/steam_pipeline_dag.py
[2025-08-16T13:37:28.859+0000] {processor.py:830} INFO - Processing file /opt/airflow/dags/steam_pipeline_dag.py for tasks to queue
[2025-08-16T13:37:28.861+0000] {logging_mixin.py:188} INFO - [2025-08-16T13:37:28.861+0000] {dagbag.py:545} INFO - Filling up the DagBag from /opt/airflow/dags/steam_pipeline_dag.py
[2025-08-16T13:37:28.923+0000] {logging_mixin.py:188} INFO - [2025-08-16T13:37:28.916+0000] {dagbag.py:355} ERROR - Failed to import: /opt/airflow/dags/steam_pipeline_dag.py
Traceback (most recent call last):
  File "/home/airflow/.local/lib/python3.12/site-packages/airflow/models/dagbag.py", line 351, in parse
    loader.exec_module(new_module)
  File "<frozen importlib._bootstrap_external>", line 995, in exec_module
  File "<frozen importlib._bootstrap>", line 488, in _call_with_frames_removed
  File "/opt/airflow/dags/steam_pipeline_dag.py", line 13, in <module>
    from etl.bronze_extract import extract_app
  File "/opt/airflow/etl/bronze_extract.py", line 3, in <module>
    from tqdm import tqdm
ModuleNotFoundError: No module named 'tqdm'
[2025-08-16T13:37:28.925+0000] {processor.py:842} WARNING - No viable dags retrieved from /opt/airflow/dags/steam_pipeline_dag.py
[2025-08-16T13:37:28.941+0000] {processor.py:183} INFO - Processing /opt/airflow/dags/steam_pipeline_dag.py took 0.088 seconds
[2025-08-16T13:37:59.859+0000] {processor.py:161} INFO - Started process (PID=249) to work on /opt/airflow/dags/steam_pipeline_dag.py
[2025-08-16T13:37:59.860+0000] {processor.py:830} INFO - Processing file /opt/airflow/dags/steam_pipeline_dag.py for tasks to queue
[2025-08-16T13:37:59.862+0000] {logging_mixin.py:188} INFO - [2025-08-16T13:37:59.862+0000] {dagbag.py:545} INFO - Filling up the DagBag from /opt/airflow/dags/steam_pipeline_dag.py
[2025-08-16T13:37:59.921+0000] {logging_mixin.py:188} INFO - [2025-08-16T13:37:59.913+0000] {dagbag.py:355} ERROR - Failed to import: /opt/airflow/dags/steam_pipeline_dag.py
Traceback (most recent call last):
  File "/home/airflow/.local/lib/python3.12/site-packages/airflow/models/dagbag.py", line 351, in parse
    loader.exec_module(new_module)
  File "<frozen importlib._bootstrap_external>", line 995, in exec_module
  File "<frozen importlib._bootstrap>", line 488, in _call_with_frames_removed
  File "/opt/airflow/dags/steam_pipeline_dag.py", line 13, in <module>
    from etl.bronze_extract import extract_app
  File "/opt/airflow/etl/bronze_extract.py", line 3, in <module>
    from tqdm import tqdm
ModuleNotFoundError: No module named 'tqdm'
[2025-08-16T13:37:59.923+0000] {processor.py:842} WARNING - No viable dags retrieved from /opt/airflow/dags/steam_pipeline_dag.py
[2025-08-16T13:37:59.939+0000] {processor.py:183} INFO - Processing /opt/airflow/dags/steam_pipeline_dag.py took 0.088 seconds
[2025-08-16T13:38:30.581+0000] {processor.py:161} INFO - Started process (PID=250) to work on /opt/airflow/dags/steam_pipeline_dag.py
[2025-08-16T13:38:30.582+0000] {processor.py:830} INFO - Processing file /opt/airflow/dags/steam_pipeline_dag.py for tasks to queue
[2025-08-16T13:38:30.585+0000] {logging_mixin.py:188} INFO - [2025-08-16T13:38:30.585+0000] {dagbag.py:545} INFO - Filling up the DagBag from /opt/airflow/dags/steam_pipeline_dag.py
[2025-08-16T13:38:30.667+0000] {logging_mixin.py:188} INFO - [2025-08-16T13:38:30.655+0000] {dagbag.py:355} ERROR - Failed to import: /opt/airflow/dags/steam_pipeline_dag.py
Traceback (most recent call last):
  File "/home/airflow/.local/lib/python3.12/site-packages/airflow/models/dagbag.py", line 351, in parse
    loader.exec_module(new_module)
  File "<frozen importlib._bootstrap_external>", line 995, in exec_module
  File "<frozen importlib._bootstrap>", line 488, in _call_with_frames_removed
  File "/opt/airflow/dags/steam_pipeline_dag.py", line 13, in <module>
    from etl.bronze_extract import extract_app
  File "/opt/airflow/etl/bronze_extract.py", line 3, in <module>
    from tqdm import tqdm
ModuleNotFoundError: No module named 'tqdm'
[2025-08-16T13:38:30.669+0000] {processor.py:842} WARNING - No viable dags retrieved from /opt/airflow/dags/steam_pipeline_dag.py
[2025-08-16T13:38:30.683+0000] {processor.py:183} INFO - Processing /opt/airflow/dags/steam_pipeline_dag.py took 0.109 seconds
[2025-08-16T13:39:01.249+0000] {processor.py:161} INFO - Started process (PID=251) to work on /opt/airflow/dags/steam_pipeline_dag.py
[2025-08-16T13:39:01.252+0000] {processor.py:830} INFO - Processing file /opt/airflow/dags/steam_pipeline_dag.py for tasks to queue
[2025-08-16T13:39:01.255+0000] {logging_mixin.py:188} INFO - [2025-08-16T13:39:01.254+0000] {dagbag.py:545} INFO - Filling up the DagBag from /opt/airflow/dags/steam_pipeline_dag.py
[2025-08-16T13:39:01.301+0000] {logging_mixin.py:188} INFO - [2025-08-16T13:39:01.295+0000] {dagbag.py:355} ERROR - Failed to import: /opt/airflow/dags/steam_pipeline_dag.py
Traceback (most recent call last):
  File "/home/airflow/.local/lib/python3.12/site-packages/airflow/models/dagbag.py", line 351, in parse
    loader.exec_module(new_module)
  File "<frozen importlib._bootstrap_external>", line 995, in exec_module
  File "<frozen importlib._bootstrap>", line 488, in _call_with_frames_removed
  File "/opt/airflow/dags/steam_pipeline_dag.py", line 13, in <module>
    from etl.bronze_extract import extract_app
  File "/opt/airflow/etl/bronze_extract.py", line 3, in <module>
    from tqdm import tqdm
ModuleNotFoundError: No module named 'tqdm'
[2025-08-16T13:39:01.303+0000] {processor.py:842} WARNING - No viable dags retrieved from /opt/airflow/dags/steam_pipeline_dag.py
[2025-08-16T13:39:01.319+0000] {processor.py:183} INFO - Processing /opt/airflow/dags/steam_pipeline_dag.py took 0.081 seconds
[2025-08-16T13:39:31.460+0000] {processor.py:161} INFO - Started process (PID=252) to work on /opt/airflow/dags/steam_pipeline_dag.py
[2025-08-16T13:39:31.461+0000] {processor.py:830} INFO - Processing file /opt/airflow/dags/steam_pipeline_dag.py for tasks to queue
[2025-08-16T13:39:31.463+0000] {logging_mixin.py:188} INFO - [2025-08-16T13:39:31.463+0000] {dagbag.py:545} INFO - Filling up the DagBag from /opt/airflow/dags/steam_pipeline_dag.py
[2025-08-16T13:39:31.544+0000] {logging_mixin.py:188} INFO - [2025-08-16T13:39:31.519+0000] {dagbag.py:355} ERROR - Failed to import: /opt/airflow/dags/steam_pipeline_dag.py
Traceback (most recent call last):
  File "/home/airflow/.local/lib/python3.12/site-packages/airflow/models/dagbag.py", line 351, in parse
    loader.exec_module(new_module)
  File "<frozen importlib._bootstrap_external>", line 995, in exec_module
  File "<frozen importlib._bootstrap>", line 488, in _call_with_frames_removed
  File "/opt/airflow/dags/steam_pipeline_dag.py", line 13, in <module>
    from etl.bronze_extract import extract_app
  File "/opt/airflow/etl/bronze_extract.py", line 3, in <module>
    from tqdm import tqdm
ModuleNotFoundError: No module named 'tqdm'
[2025-08-16T13:39:31.555+0000] {processor.py:842} WARNING - No viable dags retrieved from /opt/airflow/dags/steam_pipeline_dag.py
[2025-08-16T13:39:31.573+0000] {processor.py:183} INFO - Processing /opt/airflow/dags/steam_pipeline_dag.py took 0.122 seconds
[2025-08-16T13:40:02.730+0000] {processor.py:161} INFO - Started process (PID=253) to work on /opt/airflow/dags/steam_pipeline_dag.py
[2025-08-16T13:40:02.732+0000] {processor.py:830} INFO - Processing file /opt/airflow/dags/steam_pipeline_dag.py for tasks to queue
[2025-08-16T13:40:02.734+0000] {logging_mixin.py:188} INFO - [2025-08-16T13:40:02.733+0000] {dagbag.py:545} INFO - Filling up the DagBag from /opt/airflow/dags/steam_pipeline_dag.py
[2025-08-16T13:40:02.804+0000] {logging_mixin.py:188} INFO - [2025-08-16T13:40:02.792+0000] {dagbag.py:355} ERROR - Failed to import: /opt/airflow/dags/steam_pipeline_dag.py
Traceback (most recent call last):
  File "/home/airflow/.local/lib/python3.12/site-packages/airflow/models/dagbag.py", line 351, in parse
    loader.exec_module(new_module)
  File "<frozen importlib._bootstrap_external>", line 995, in exec_module
  File "<frozen importlib._bootstrap>", line 488, in _call_with_frames_removed
  File "/opt/airflow/dags/steam_pipeline_dag.py", line 13, in <module>
    from etl.bronze_extract import extract_app
  File "/opt/airflow/etl/bronze_extract.py", line 3, in <module>
    from tqdm import tqdm
ModuleNotFoundError: No module named 'tqdm'
[2025-08-16T13:40:02.807+0000] {processor.py:842} WARNING - No viable dags retrieved from /opt/airflow/dags/steam_pipeline_dag.py
[2025-08-16T13:40:02.828+0000] {processor.py:183} INFO - Processing /opt/airflow/dags/steam_pipeline_dag.py took 0.104 seconds
[2025-08-16T13:40:33.418+0000] {processor.py:161} INFO - Started process (PID=254) to work on /opt/airflow/dags/steam_pipeline_dag.py
[2025-08-16T13:40:33.421+0000] {processor.py:830} INFO - Processing file /opt/airflow/dags/steam_pipeline_dag.py for tasks to queue
[2025-08-16T13:40:33.423+0000] {logging_mixin.py:188} INFO - [2025-08-16T13:40:33.423+0000] {dagbag.py:545} INFO - Filling up the DagBag from /opt/airflow/dags/steam_pipeline_dag.py
[2025-08-16T13:40:33.540+0000] {logging_mixin.py:188} INFO - [2025-08-16T13:40:33.529+0000] {dagbag.py:355} ERROR - Failed to import: /opt/airflow/dags/steam_pipeline_dag.py
Traceback (most recent call last):
  File "/home/airflow/.local/lib/python3.12/site-packages/airflow/models/dagbag.py", line 351, in parse
    loader.exec_module(new_module)
  File "<frozen importlib._bootstrap_external>", line 995, in exec_module
  File "<frozen importlib._bootstrap>", line 488, in _call_with_frames_removed
  File "/opt/airflow/dags/steam_pipeline_dag.py", line 13, in <module>
    from etl.bronze_extract import extract_app
  File "/opt/airflow/etl/bronze_extract.py", line 3, in <module>
    from tqdm import tqdm
ModuleNotFoundError: No module named 'tqdm'
[2025-08-16T13:40:33.543+0000] {processor.py:842} WARNING - No viable dags retrieved from /opt/airflow/dags/steam_pipeline_dag.py
[2025-08-16T13:40:33.564+0000] {processor.py:183} INFO - Processing /opt/airflow/dags/steam_pipeline_dag.py took 0.154 seconds
[2025-08-16T13:41:04.148+0000] {processor.py:161} INFO - Started process (PID=255) to work on /opt/airflow/dags/steam_pipeline_dag.py
[2025-08-16T13:41:04.149+0000] {processor.py:830} INFO - Processing file /opt/airflow/dags/steam_pipeline_dag.py for tasks to queue
[2025-08-16T13:41:04.151+0000] {logging_mixin.py:188} INFO - [2025-08-16T13:41:04.151+0000] {dagbag.py:545} INFO - Filling up the DagBag from /opt/airflow/dags/steam_pipeline_dag.py
[2025-08-16T13:41:04.226+0000] {logging_mixin.py:188} INFO - [2025-08-16T13:41:04.211+0000] {dagbag.py:355} ERROR - Failed to import: /opt/airflow/dags/steam_pipeline_dag.py
Traceback (most recent call last):
  File "/home/airflow/.local/lib/python3.12/site-packages/airflow/models/dagbag.py", line 351, in parse
    loader.exec_module(new_module)
  File "<frozen importlib._bootstrap_external>", line 995, in exec_module
  File "<frozen importlib._bootstrap>", line 488, in _call_with_frames_removed
  File "/opt/airflow/dags/steam_pipeline_dag.py", line 13, in <module>
    from etl.bronze_extract import extract_app
  File "/opt/airflow/etl/bronze_extract.py", line 3, in <module>
    from tqdm import tqdm
ModuleNotFoundError: No module named 'tqdm'
[2025-08-16T13:41:04.231+0000] {processor.py:842} WARNING - No viable dags retrieved from /opt/airflow/dags/steam_pipeline_dag.py
[2025-08-16T13:41:04.254+0000] {processor.py:183} INFO - Processing /opt/airflow/dags/steam_pipeline_dag.py took 0.117 seconds
[2025-08-16T13:41:34.584+0000] {processor.py:161} INFO - Started process (PID=256) to work on /opt/airflow/dags/steam_pipeline_dag.py
[2025-08-16T13:41:34.586+0000] {processor.py:830} INFO - Processing file /opt/airflow/dags/steam_pipeline_dag.py for tasks to queue
[2025-08-16T13:41:34.588+0000] {logging_mixin.py:188} INFO - [2025-08-16T13:41:34.588+0000] {dagbag.py:545} INFO - Filling up the DagBag from /opt/airflow/dags/steam_pipeline_dag.py
[2025-08-16T13:41:34.660+0000] {logging_mixin.py:188} INFO - [2025-08-16T13:41:34.653+0000] {dagbag.py:355} ERROR - Failed to import: /opt/airflow/dags/steam_pipeline_dag.py
Traceback (most recent call last):
  File "/home/airflow/.local/lib/python3.12/site-packages/airflow/models/dagbag.py", line 351, in parse
    loader.exec_module(new_module)
  File "<frozen importlib._bootstrap_external>", line 995, in exec_module
  File "<frozen importlib._bootstrap>", line 488, in _call_with_frames_removed
  File "/opt/airflow/dags/steam_pipeline_dag.py", line 13, in <module>
    from etl.bronze_extract import extract_app
  File "/opt/airflow/etl/bronze_extract.py", line 3, in <module>
    from tqdm import tqdm
ModuleNotFoundError: No module named 'tqdm'
[2025-08-16T13:41:34.663+0000] {processor.py:842} WARNING - No viable dags retrieved from /opt/airflow/dags/steam_pipeline_dag.py
[2025-08-16T13:41:34.680+0000] {processor.py:183} INFO - Processing /opt/airflow/dags/steam_pipeline_dag.py took 0.101 seconds
[2025-08-16T13:42:05.501+0000] {processor.py:161} INFO - Started process (PID=257) to work on /opt/airflow/dags/steam_pipeline_dag.py
[2025-08-16T13:42:05.502+0000] {processor.py:830} INFO - Processing file /opt/airflow/dags/steam_pipeline_dag.py for tasks to queue
[2025-08-16T13:42:05.503+0000] {logging_mixin.py:188} INFO - [2025-08-16T13:42:05.503+0000] {dagbag.py:545} INFO - Filling up the DagBag from /opt/airflow/dags/steam_pipeline_dag.py
[2025-08-16T13:42:05.556+0000] {logging_mixin.py:188} INFO - [2025-08-16T13:42:05.548+0000] {dagbag.py:355} ERROR - Failed to import: /opt/airflow/dags/steam_pipeline_dag.py
Traceback (most recent call last):
  File "/home/airflow/.local/lib/python3.12/site-packages/airflow/models/dagbag.py", line 351, in parse
    loader.exec_module(new_module)
  File "<frozen importlib._bootstrap_external>", line 995, in exec_module
  File "<frozen importlib._bootstrap>", line 488, in _call_with_frames_removed
  File "/opt/airflow/dags/steam_pipeline_dag.py", line 13, in <module>
    from etl.bronze_extract import extract_app
  File "/opt/airflow/etl/bronze_extract.py", line 3, in <module>
    from tqdm import tqdm
ModuleNotFoundError: No module named 'tqdm'
[2025-08-16T13:42:05.559+0000] {processor.py:842} WARNING - No viable dags retrieved from /opt/airflow/dags/steam_pipeline_dag.py
[2025-08-16T13:42:05.574+0000] {processor.py:183} INFO - Processing /opt/airflow/dags/steam_pipeline_dag.py took 0.078 seconds
[2025-08-16T13:42:35.866+0000] {processor.py:161} INFO - Started process (PID=258) to work on /opt/airflow/dags/steam_pipeline_dag.py
[2025-08-16T13:42:35.868+0000] {processor.py:830} INFO - Processing file /opt/airflow/dags/steam_pipeline_dag.py for tasks to queue
[2025-08-16T13:42:35.870+0000] {logging_mixin.py:188} INFO - [2025-08-16T13:42:35.869+0000] {dagbag.py:545} INFO - Filling up the DagBag from /opt/airflow/dags/steam_pipeline_dag.py
[2025-08-16T13:42:35.964+0000] {logging_mixin.py:188} INFO - [2025-08-16T13:42:35.956+0000] {dagbag.py:355} ERROR - Failed to import: /opt/airflow/dags/steam_pipeline_dag.py
Traceback (most recent call last):
  File "/home/airflow/.local/lib/python3.12/site-packages/airflow/models/dagbag.py", line 351, in parse
    loader.exec_module(new_module)
  File "<frozen importlib._bootstrap_external>", line 995, in exec_module
  File "<frozen importlib._bootstrap>", line 488, in _call_with_frames_removed
  File "/opt/airflow/dags/steam_pipeline_dag.py", line 13, in <module>
    from etl.bronze_extract import extract_app
  File "/opt/airflow/etl/bronze_extract.py", line 3, in <module>
    from tqdm import tqdm
ModuleNotFoundError: No module named 'tqdm'
[2025-08-16T13:42:35.966+0000] {processor.py:842} WARNING - No viable dags retrieved from /opt/airflow/dags/steam_pipeline_dag.py
[2025-08-16T13:42:35.984+0000] {processor.py:183} INFO - Processing /opt/airflow/dags/steam_pipeline_dag.py took 0.124 seconds
[2025-08-16T13:43:07.131+0000] {processor.py:161} INFO - Started process (PID=259) to work on /opt/airflow/dags/steam_pipeline_dag.py
[2025-08-16T13:43:07.132+0000] {processor.py:830} INFO - Processing file /opt/airflow/dags/steam_pipeline_dag.py for tasks to queue
[2025-08-16T13:43:07.135+0000] {logging_mixin.py:188} INFO - [2025-08-16T13:43:07.135+0000] {dagbag.py:545} INFO - Filling up the DagBag from /opt/airflow/dags/steam_pipeline_dag.py
[2025-08-16T13:43:07.182+0000] {logging_mixin.py:188} INFO - [2025-08-16T13:43:07.176+0000] {dagbag.py:355} ERROR - Failed to import: /opt/airflow/dags/steam_pipeline_dag.py
Traceback (most recent call last):
  File "/home/airflow/.local/lib/python3.12/site-packages/airflow/models/dagbag.py", line 351, in parse
    loader.exec_module(new_module)
  File "<frozen importlib._bootstrap_external>", line 995, in exec_module
  File "<frozen importlib._bootstrap>", line 488, in _call_with_frames_removed
  File "/opt/airflow/dags/steam_pipeline_dag.py", line 13, in <module>
    from etl.bronze_extract import extract_app
  File "/opt/airflow/etl/bronze_extract.py", line 3, in <module>
    from tqdm import tqdm
ModuleNotFoundError: No module named 'tqdm'
[2025-08-16T13:43:07.185+0000] {processor.py:842} WARNING - No viable dags retrieved from /opt/airflow/dags/steam_pipeline_dag.py
[2025-08-16T13:43:07.203+0000] {processor.py:183} INFO - Processing /opt/airflow/dags/steam_pipeline_dag.py took 0.081 seconds
[2025-08-16T13:43:37.618+0000] {processor.py:161} INFO - Started process (PID=260) to work on /opt/airflow/dags/steam_pipeline_dag.py
[2025-08-16T13:43:37.619+0000] {processor.py:830} INFO - Processing file /opt/airflow/dags/steam_pipeline_dag.py for tasks to queue
[2025-08-16T13:43:37.622+0000] {logging_mixin.py:188} INFO - [2025-08-16T13:43:37.621+0000] {dagbag.py:545} INFO - Filling up the DagBag from /opt/airflow/dags/steam_pipeline_dag.py
[2025-08-16T13:43:37.693+0000] {logging_mixin.py:188} INFO - [2025-08-16T13:43:37.681+0000] {dagbag.py:355} ERROR - Failed to import: /opt/airflow/dags/steam_pipeline_dag.py
Traceback (most recent call last):
  File "/home/airflow/.local/lib/python3.12/site-packages/airflow/models/dagbag.py", line 351, in parse
    loader.exec_module(new_module)
  File "<frozen importlib._bootstrap_external>", line 995, in exec_module
  File "<frozen importlib._bootstrap>", line 488, in _call_with_frames_removed
  File "/opt/airflow/dags/steam_pipeline_dag.py", line 13, in <module>
    from etl.bronze_extract import extract_app
  File "/opt/airflow/etl/bronze_extract.py", line 3, in <module>
    from tqdm import tqdm
ModuleNotFoundError: No module named 'tqdm'
[2025-08-16T13:43:37.697+0000] {processor.py:842} WARNING - No viable dags retrieved from /opt/airflow/dags/steam_pipeline_dag.py
[2025-08-16T13:43:37.718+0000] {processor.py:183} INFO - Processing /opt/airflow/dags/steam_pipeline_dag.py took 0.108 seconds
[2025-08-16T13:44:08.246+0000] {processor.py:161} INFO - Started process (PID=261) to work on /opt/airflow/dags/steam_pipeline_dag.py
[2025-08-16T13:44:08.248+0000] {processor.py:830} INFO - Processing file /opt/airflow/dags/steam_pipeline_dag.py for tasks to queue
[2025-08-16T13:44:08.251+0000] {logging_mixin.py:188} INFO - [2025-08-16T13:44:08.250+0000] {dagbag.py:545} INFO - Filling up the DagBag from /opt/airflow/dags/steam_pipeline_dag.py
[2025-08-16T13:44:08.340+0000] {logging_mixin.py:188} INFO - [2025-08-16T13:44:08.333+0000] {dagbag.py:355} ERROR - Failed to import: /opt/airflow/dags/steam_pipeline_dag.py
Traceback (most recent call last):
  File "/home/airflow/.local/lib/python3.12/site-packages/airflow/models/dagbag.py", line 351, in parse
    loader.exec_module(new_module)
  File "<frozen importlib._bootstrap_external>", line 995, in exec_module
  File "<frozen importlib._bootstrap>", line 488, in _call_with_frames_removed
  File "/opt/airflow/dags/steam_pipeline_dag.py", line 13, in <module>
    from etl.bronze_extract import extract_app
  File "/opt/airflow/etl/bronze_extract.py", line 3, in <module>
    from tqdm import tqdm
ModuleNotFoundError: No module named 'tqdm'
[2025-08-16T13:44:08.342+0000] {processor.py:842} WARNING - No viable dags retrieved from /opt/airflow/dags/steam_pipeline_dag.py
[2025-08-16T13:44:08.360+0000] {processor.py:183} INFO - Processing /opt/airflow/dags/steam_pipeline_dag.py took 0.124 seconds
[2025-08-16T13:44:39.490+0000] {processor.py:161} INFO - Started process (PID=262) to work on /opt/airflow/dags/steam_pipeline_dag.py
[2025-08-16T13:44:39.493+0000] {processor.py:830} INFO - Processing file /opt/airflow/dags/steam_pipeline_dag.py for tasks to queue
[2025-08-16T13:44:39.497+0000] {logging_mixin.py:188} INFO - [2025-08-16T13:44:39.496+0000] {dagbag.py:545} INFO - Filling up the DagBag from /opt/airflow/dags/steam_pipeline_dag.py
[2025-08-16T13:44:39.576+0000] {logging_mixin.py:188} INFO - [2025-08-16T13:44:39.568+0000] {dagbag.py:355} ERROR - Failed to import: /opt/airflow/dags/steam_pipeline_dag.py
Traceback (most recent call last):
  File "/home/airflow/.local/lib/python3.12/site-packages/airflow/models/dagbag.py", line 351, in parse
    loader.exec_module(new_module)
  File "<frozen importlib._bootstrap_external>", line 995, in exec_module
  File "<frozen importlib._bootstrap>", line 488, in _call_with_frames_removed
  File "/opt/airflow/dags/steam_pipeline_dag.py", line 13, in <module>
    from etl.bronze_extract import extract_app
  File "/opt/airflow/etl/bronze_extract.py", line 3, in <module>
    from tqdm import tqdm
ModuleNotFoundError: No module named 'tqdm'
[2025-08-16T13:44:39.579+0000] {processor.py:842} WARNING - No viable dags retrieved from /opt/airflow/dags/steam_pipeline_dag.py
[2025-08-16T13:44:39.601+0000] {processor.py:183} INFO - Processing /opt/airflow/dags/steam_pipeline_dag.py took 0.120 seconds
[2025-08-16T13:45:10.394+0000] {processor.py:161} INFO - Started process (PID=263) to work on /opt/airflow/dags/steam_pipeline_dag.py
[2025-08-16T13:45:10.395+0000] {processor.py:830} INFO - Processing file /opt/airflow/dags/steam_pipeline_dag.py for tasks to queue
[2025-08-16T13:45:10.397+0000] {logging_mixin.py:188} INFO - [2025-08-16T13:45:10.397+0000] {dagbag.py:545} INFO - Filling up the DagBag from /opt/airflow/dags/steam_pipeline_dag.py
[2025-08-16T13:45:10.452+0000] {logging_mixin.py:188} INFO - [2025-08-16T13:45:10.443+0000] {dagbag.py:355} ERROR - Failed to import: /opt/airflow/dags/steam_pipeline_dag.py
Traceback (most recent call last):
  File "/home/airflow/.local/lib/python3.12/site-packages/airflow/models/dagbag.py", line 351, in parse
    loader.exec_module(new_module)
  File "<frozen importlib._bootstrap_external>", line 995, in exec_module
  File "<frozen importlib._bootstrap>", line 488, in _call_with_frames_removed
  File "/opt/airflow/dags/steam_pipeline_dag.py", line 13, in <module>
    from etl.bronze_extract import extract_app
  File "/opt/airflow/etl/bronze_extract.py", line 3, in <module>
    from tqdm import tqdm
ModuleNotFoundError: No module named 'tqdm'
[2025-08-16T13:45:10.456+0000] {processor.py:842} WARNING - No viable dags retrieved from /opt/airflow/dags/steam_pipeline_dag.py
[2025-08-16T13:45:10.477+0000] {processor.py:183} INFO - Processing /opt/airflow/dags/steam_pipeline_dag.py took 0.091 seconds
[2025-08-16T13:45:41.395+0000] {processor.py:161} INFO - Started process (PID=264) to work on /opt/airflow/dags/steam_pipeline_dag.py
[2025-08-16T13:45:41.395+0000] {processor.py:830} INFO - Processing file /opt/airflow/dags/steam_pipeline_dag.py for tasks to queue
[2025-08-16T13:45:41.397+0000] {logging_mixin.py:188} INFO - [2025-08-16T13:45:41.397+0000] {dagbag.py:545} INFO - Filling up the DagBag from /opt/airflow/dags/steam_pipeline_dag.py
[2025-08-16T13:45:41.432+0000] {logging_mixin.py:188} INFO - [2025-08-16T13:45:41.427+0000] {dagbag.py:355} ERROR - Failed to import: /opt/airflow/dags/steam_pipeline_dag.py
Traceback (most recent call last):
  File "/home/airflow/.local/lib/python3.12/site-packages/airflow/models/dagbag.py", line 351, in parse
    loader.exec_module(new_module)
  File "<frozen importlib._bootstrap_external>", line 995, in exec_module
  File "<frozen importlib._bootstrap>", line 488, in _call_with_frames_removed
  File "/opt/airflow/dags/steam_pipeline_dag.py", line 13, in <module>
    from etl.bronze_extract import extract_app
  File "/opt/airflow/etl/bronze_extract.py", line 3, in <module>
    from tqdm import tqdm
ModuleNotFoundError: No module named 'tqdm'
[2025-08-16T13:45:41.434+0000] {processor.py:842} WARNING - No viable dags retrieved from /opt/airflow/dags/steam_pipeline_dag.py
[2025-08-16T13:45:41.448+0000] {processor.py:183} INFO - Processing /opt/airflow/dags/steam_pipeline_dag.py took 0.059 seconds
[2025-08-16T13:46:12.394+0000] {processor.py:161} INFO - Started process (PID=265) to work on /opt/airflow/dags/steam_pipeline_dag.py
[2025-08-16T13:46:12.395+0000] {processor.py:830} INFO - Processing file /opt/airflow/dags/steam_pipeline_dag.py for tasks to queue
[2025-08-16T13:46:12.398+0000] {logging_mixin.py:188} INFO - [2025-08-16T13:46:12.398+0000] {dagbag.py:545} INFO - Filling up the DagBag from /opt/airflow/dags/steam_pipeline_dag.py
[2025-08-16T13:46:12.506+0000] {logging_mixin.py:188} INFO - [2025-08-16T13:46:12.490+0000] {dagbag.py:355} ERROR - Failed to import: /opt/airflow/dags/steam_pipeline_dag.py
Traceback (most recent call last):
  File "/home/airflow/.local/lib/python3.12/site-packages/airflow/models/dagbag.py", line 351, in parse
    loader.exec_module(new_module)
  File "<frozen importlib._bootstrap_external>", line 995, in exec_module
  File "<frozen importlib._bootstrap>", line 488, in _call_with_frames_removed
  File "/opt/airflow/dags/steam_pipeline_dag.py", line 13, in <module>
    from etl.bronze_extract import extract_app
  File "/opt/airflow/etl/bronze_extract.py", line 3, in <module>
    from tqdm import tqdm
ModuleNotFoundError: No module named 'tqdm'
[2025-08-16T13:46:12.508+0000] {processor.py:842} WARNING - No viable dags retrieved from /opt/airflow/dags/steam_pipeline_dag.py
[2025-08-16T13:46:12.525+0000] {processor.py:183} INFO - Processing /opt/airflow/dags/steam_pipeline_dag.py took 0.138 seconds
[2025-08-16T13:46:43.266+0000] {processor.py:161} INFO - Started process (PID=266) to work on /opt/airflow/dags/steam_pipeline_dag.py
[2025-08-16T13:46:43.267+0000] {processor.py:830} INFO - Processing file /opt/airflow/dags/steam_pipeline_dag.py for tasks to queue
[2025-08-16T13:46:43.269+0000] {logging_mixin.py:188} INFO - [2025-08-16T13:46:43.269+0000] {dagbag.py:545} INFO - Filling up the DagBag from /opt/airflow/dags/steam_pipeline_dag.py
[2025-08-16T13:46:43.363+0000] {logging_mixin.py:188} INFO - [2025-08-16T13:46:43.352+0000] {dagbag.py:355} ERROR - Failed to import: /opt/airflow/dags/steam_pipeline_dag.py
Traceback (most recent call last):
  File "/home/airflow/.local/lib/python3.12/site-packages/airflow/models/dagbag.py", line 351, in parse
    loader.exec_module(new_module)
  File "<frozen importlib._bootstrap_external>", line 995, in exec_module
  File "<frozen importlib._bootstrap>", line 488, in _call_with_frames_removed
  File "/opt/airflow/dags/steam_pipeline_dag.py", line 13, in <module>
    from etl.bronze_extract import extract_app
  File "/opt/airflow/etl/bronze_extract.py", line 3, in <module>
    from tqdm import tqdm
ModuleNotFoundError: No module named 'tqdm'
[2025-08-16T13:46:43.368+0000] {processor.py:842} WARNING - No viable dags retrieved from /opt/airflow/dags/steam_pipeline_dag.py
[2025-08-16T13:46:43.388+0000] {processor.py:183} INFO - Processing /opt/airflow/dags/steam_pipeline_dag.py took 0.129 seconds
[2025-08-16T13:47:13.544+0000] {processor.py:161} INFO - Started process (PID=267) to work on /opt/airflow/dags/steam_pipeline_dag.py
[2025-08-16T13:47:13.546+0000] {processor.py:830} INFO - Processing file /opt/airflow/dags/steam_pipeline_dag.py for tasks to queue
[2025-08-16T13:47:13.551+0000] {logging_mixin.py:188} INFO - [2025-08-16T13:47:13.550+0000] {dagbag.py:545} INFO - Filling up the DagBag from /opt/airflow/dags/steam_pipeline_dag.py
[2025-08-16T13:47:13.627+0000] {logging_mixin.py:188} INFO - [2025-08-16T13:47:13.620+0000] {dagbag.py:355} ERROR - Failed to import: /opt/airflow/dags/steam_pipeline_dag.py
Traceback (most recent call last):
  File "/home/airflow/.local/lib/python3.12/site-packages/airflow/models/dagbag.py", line 351, in parse
    loader.exec_module(new_module)
  File "<frozen importlib._bootstrap_external>", line 995, in exec_module
  File "<frozen importlib._bootstrap>", line 488, in _call_with_frames_removed
  File "/opt/airflow/dags/steam_pipeline_dag.py", line 13, in <module>
    from etl.bronze_extract import extract_app
  File "/opt/airflow/etl/bronze_extract.py", line 3, in <module>
    from tqdm import tqdm
ModuleNotFoundError: No module named 'tqdm'
[2025-08-16T13:47:13.631+0000] {processor.py:842} WARNING - No viable dags retrieved from /opt/airflow/dags/steam_pipeline_dag.py
[2025-08-16T13:47:13.651+0000] {processor.py:183} INFO - Processing /opt/airflow/dags/steam_pipeline_dag.py took 0.118 seconds
[2025-08-16T13:47:44.379+0000] {processor.py:161} INFO - Started process (PID=268) to work on /opt/airflow/dags/steam_pipeline_dag.py
[2025-08-16T13:47:44.380+0000] {processor.py:830} INFO - Processing file /opt/airflow/dags/steam_pipeline_dag.py for tasks to queue
[2025-08-16T13:47:44.383+0000] {logging_mixin.py:188} INFO - [2025-08-16T13:47:44.382+0000] {dagbag.py:545} INFO - Filling up the DagBag from /opt/airflow/dags/steam_pipeline_dag.py
[2025-08-16T13:47:44.434+0000] {logging_mixin.py:188} INFO - [2025-08-16T13:47:44.427+0000] {dagbag.py:355} ERROR - Failed to import: /opt/airflow/dags/steam_pipeline_dag.py
Traceback (most recent call last):
  File "/home/airflow/.local/lib/python3.12/site-packages/airflow/models/dagbag.py", line 351, in parse
    loader.exec_module(new_module)
  File "<frozen importlib._bootstrap_external>", line 995, in exec_module
  File "<frozen importlib._bootstrap>", line 488, in _call_with_frames_removed
  File "/opt/airflow/dags/steam_pipeline_dag.py", line 13, in <module>
    from etl.bronze_extract import extract_app
  File "/opt/airflow/etl/bronze_extract.py", line 3, in <module>
    from tqdm import tqdm
ModuleNotFoundError: No module named 'tqdm'
[2025-08-16T13:47:44.437+0000] {processor.py:842} WARNING - No viable dags retrieved from /opt/airflow/dags/steam_pipeline_dag.py
[2025-08-16T13:47:44.453+0000] {processor.py:183} INFO - Processing /opt/airflow/dags/steam_pipeline_dag.py took 0.079 seconds
[2025-08-16T13:48:15.190+0000] {processor.py:161} INFO - Started process (PID=269) to work on /opt/airflow/dags/steam_pipeline_dag.py
[2025-08-16T13:48:15.191+0000] {processor.py:830} INFO - Processing file /opt/airflow/dags/steam_pipeline_dag.py for tasks to queue
[2025-08-16T13:48:15.194+0000] {logging_mixin.py:188} INFO - [2025-08-16T13:48:15.193+0000] {dagbag.py:545} INFO - Filling up the DagBag from /opt/airflow/dags/steam_pipeline_dag.py
[2025-08-16T13:48:15.255+0000] {logging_mixin.py:188} INFO - [2025-08-16T13:48:15.248+0000] {dagbag.py:355} ERROR - Failed to import: /opt/airflow/dags/steam_pipeline_dag.py
Traceback (most recent call last):
  File "/home/airflow/.local/lib/python3.12/site-packages/airflow/models/dagbag.py", line 351, in parse
    loader.exec_module(new_module)
  File "<frozen importlib._bootstrap_external>", line 995, in exec_module
  File "<frozen importlib._bootstrap>", line 488, in _call_with_frames_removed
  File "/opt/airflow/dags/steam_pipeline_dag.py", line 13, in <module>
    from etl.bronze_extract import extract_app
  File "/opt/airflow/etl/bronze_extract.py", line 3, in <module>
    from tqdm import tqdm
ModuleNotFoundError: No module named 'tqdm'
[2025-08-16T13:48:15.258+0000] {processor.py:842} WARNING - No viable dags retrieved from /opt/airflow/dags/steam_pipeline_dag.py
[2025-08-16T13:48:15.273+0000] {processor.py:183} INFO - Processing /opt/airflow/dags/steam_pipeline_dag.py took 0.093 seconds
[2025-08-16T13:48:46.340+0000] {processor.py:161} INFO - Started process (PID=270) to work on /opt/airflow/dags/steam_pipeline_dag.py
[2025-08-16T13:48:46.344+0000] {processor.py:830} INFO - Processing file /opt/airflow/dags/steam_pipeline_dag.py for tasks to queue
[2025-08-16T13:48:46.347+0000] {logging_mixin.py:188} INFO - [2025-08-16T13:48:46.347+0000] {dagbag.py:545} INFO - Filling up the DagBag from /opt/airflow/dags/steam_pipeline_dag.py
[2025-08-16T13:48:46.430+0000] {logging_mixin.py:188} INFO - [2025-08-16T13:48:46.414+0000] {dagbag.py:355} ERROR - Failed to import: /opt/airflow/dags/steam_pipeline_dag.py
Traceback (most recent call last):
  File "/home/airflow/.local/lib/python3.12/site-packages/airflow/models/dagbag.py", line 351, in parse
    loader.exec_module(new_module)
  File "<frozen importlib._bootstrap_external>", line 995, in exec_module
  File "<frozen importlib._bootstrap>", line 488, in _call_with_frames_removed
  File "/opt/airflow/dags/steam_pipeline_dag.py", line 13, in <module>
    from etl.bronze_extract import extract_app
  File "/opt/airflow/etl/bronze_extract.py", line 3, in <module>
    from tqdm import tqdm
ModuleNotFoundError: No module named 'tqdm'
[2025-08-16T13:48:46.434+0000] {processor.py:842} WARNING - No viable dags retrieved from /opt/airflow/dags/steam_pipeline_dag.py
[2025-08-16T13:48:46.457+0000] {processor.py:183} INFO - Processing /opt/airflow/dags/steam_pipeline_dag.py took 0.129 seconds
[2025-08-16T13:49:17.180+0000] {processor.py:161} INFO - Started process (PID=271) to work on /opt/airflow/dags/steam_pipeline_dag.py
[2025-08-16T13:49:17.182+0000] {processor.py:830} INFO - Processing file /opt/airflow/dags/steam_pipeline_dag.py for tasks to queue
[2025-08-16T13:49:17.185+0000] {logging_mixin.py:188} INFO - [2025-08-16T13:49:17.184+0000] {dagbag.py:545} INFO - Filling up the DagBag from /opt/airflow/dags/steam_pipeline_dag.py
[2025-08-16T13:49:17.249+0000] {logging_mixin.py:188} INFO - [2025-08-16T13:49:17.242+0000] {dagbag.py:355} ERROR - Failed to import: /opt/airflow/dags/steam_pipeline_dag.py
Traceback (most recent call last):
  File "/home/airflow/.local/lib/python3.12/site-packages/airflow/models/dagbag.py", line 351, in parse
    loader.exec_module(new_module)
  File "<frozen importlib._bootstrap_external>", line 995, in exec_module
  File "<frozen importlib._bootstrap>", line 488, in _call_with_frames_removed
  File "/opt/airflow/dags/steam_pipeline_dag.py", line 13, in <module>
    from etl.bronze_extract import extract_app
  File "/opt/airflow/etl/bronze_extract.py", line 3, in <module>
    from tqdm import tqdm
ModuleNotFoundError: No module named 'tqdm'
[2025-08-16T13:49:17.252+0000] {processor.py:842} WARNING - No viable dags retrieved from /opt/airflow/dags/steam_pipeline_dag.py
[2025-08-16T13:49:17.272+0000] {processor.py:183} INFO - Processing /opt/airflow/dags/steam_pipeline_dag.py took 0.104 seconds
[2025-08-16T13:49:48.059+0000] {processor.py:161} INFO - Started process (PID=272) to work on /opt/airflow/dags/steam_pipeline_dag.py
[2025-08-16T13:49:48.066+0000] {processor.py:830} INFO - Processing file /opt/airflow/dags/steam_pipeline_dag.py for tasks to queue
[2025-08-16T13:49:48.069+0000] {logging_mixin.py:188} INFO - [2025-08-16T13:49:48.069+0000] {dagbag.py:545} INFO - Filling up the DagBag from /opt/airflow/dags/steam_pipeline_dag.py
[2025-08-16T13:49:48.161+0000] {logging_mixin.py:188} INFO - [2025-08-16T13:49:48.151+0000] {dagbag.py:355} ERROR - Failed to import: /opt/airflow/dags/steam_pipeline_dag.py
Traceback (most recent call last):
  File "/home/airflow/.local/lib/python3.12/site-packages/airflow/models/dagbag.py", line 351, in parse
    loader.exec_module(new_module)
  File "<frozen importlib._bootstrap_external>", line 995, in exec_module
  File "<frozen importlib._bootstrap>", line 488, in _call_with_frames_removed
  File "/opt/airflow/dags/steam_pipeline_dag.py", line 13, in <module>
    from etl.bronze_extract import extract_app
  File "/opt/airflow/etl/bronze_extract.py", line 3, in <module>
    from tqdm import tqdm
ModuleNotFoundError: No module named 'tqdm'
[2025-08-16T13:49:48.165+0000] {processor.py:842} WARNING - No viable dags retrieved from /opt/airflow/dags/steam_pipeline_dag.py
[2025-08-16T13:49:48.188+0000] {processor.py:183} INFO - Processing /opt/airflow/dags/steam_pipeline_dag.py took 0.138 seconds
[2025-08-16T13:50:18.983+0000] {processor.py:161} INFO - Started process (PID=273) to work on /opt/airflow/dags/steam_pipeline_dag.py
[2025-08-16T13:50:18.984+0000] {processor.py:830} INFO - Processing file /opt/airflow/dags/steam_pipeline_dag.py for tasks to queue
[2025-08-16T13:50:18.987+0000] {logging_mixin.py:188} INFO - [2025-08-16T13:50:18.987+0000] {dagbag.py:545} INFO - Filling up the DagBag from /opt/airflow/dags/steam_pipeline_dag.py
[2025-08-16T13:50:19.042+0000] {logging_mixin.py:188} INFO - [2025-08-16T13:50:19.036+0000] {dagbag.py:355} ERROR - Failed to import: /opt/airflow/dags/steam_pipeline_dag.py
Traceback (most recent call last):
  File "/home/airflow/.local/lib/python3.12/site-packages/airflow/models/dagbag.py", line 351, in parse
    loader.exec_module(new_module)
  File "<frozen importlib._bootstrap_external>", line 995, in exec_module
  File "<frozen importlib._bootstrap>", line 488, in _call_with_frames_removed
  File "/opt/airflow/dags/steam_pipeline_dag.py", line 13, in <module>
    from etl.bronze_extract import extract_app
  File "/opt/airflow/etl/bronze_extract.py", line 3, in <module>
    from tqdm import tqdm
ModuleNotFoundError: No module named 'tqdm'
[2025-08-16T13:50:19.045+0000] {processor.py:842} WARNING - No viable dags retrieved from /opt/airflow/dags/steam_pipeline_dag.py
[2025-08-16T13:50:19.065+0000] {processor.py:183} INFO - Processing /opt/airflow/dags/steam_pipeline_dag.py took 0.092 seconds
[2025-08-16T13:50:49.508+0000] {processor.py:161} INFO - Started process (PID=274) to work on /opt/airflow/dags/steam_pipeline_dag.py
[2025-08-16T13:50:49.509+0000] {processor.py:830} INFO - Processing file /opt/airflow/dags/steam_pipeline_dag.py for tasks to queue
[2025-08-16T13:50:49.512+0000] {logging_mixin.py:188} INFO - [2025-08-16T13:50:49.511+0000] {dagbag.py:545} INFO - Filling up the DagBag from /opt/airflow/dags/steam_pipeline_dag.py
[2025-08-16T13:50:49.565+0000] {logging_mixin.py:188} INFO - [2025-08-16T13:50:49.559+0000] {dagbag.py:355} ERROR - Failed to import: /opt/airflow/dags/steam_pipeline_dag.py
Traceback (most recent call last):
  File "/home/airflow/.local/lib/python3.12/site-packages/airflow/models/dagbag.py", line 351, in parse
    loader.exec_module(new_module)
  File "<frozen importlib._bootstrap_external>", line 995, in exec_module
  File "<frozen importlib._bootstrap>", line 488, in _call_with_frames_removed
  File "/opt/airflow/dags/steam_pipeline_dag.py", line 13, in <module>
    from etl.bronze_extract import extract_app
  File "/opt/airflow/etl/bronze_extract.py", line 3, in <module>
    from tqdm import tqdm
ModuleNotFoundError: No module named 'tqdm'
[2025-08-16T13:50:49.567+0000] {processor.py:842} WARNING - No viable dags retrieved from /opt/airflow/dags/steam_pipeline_dag.py
[2025-08-16T13:50:49.586+0000] {processor.py:183} INFO - Processing /opt/airflow/dags/steam_pipeline_dag.py took 0.087 seconds
[2025-08-16T13:51:19.841+0000] {processor.py:161} INFO - Started process (PID=275) to work on /opt/airflow/dags/steam_pipeline_dag.py
[2025-08-16T13:51:19.842+0000] {processor.py:830} INFO - Processing file /opt/airflow/dags/steam_pipeline_dag.py for tasks to queue
[2025-08-16T13:51:19.845+0000] {logging_mixin.py:188} INFO - [2025-08-16T13:51:19.844+0000] {dagbag.py:545} INFO - Filling up the DagBag from /opt/airflow/dags/steam_pipeline_dag.py
[2025-08-16T13:51:19.893+0000] {logging_mixin.py:188} INFO - [2025-08-16T13:51:19.887+0000] {dagbag.py:355} ERROR - Failed to import: /opt/airflow/dags/steam_pipeline_dag.py
Traceback (most recent call last):
  File "/home/airflow/.local/lib/python3.12/site-packages/airflow/models/dagbag.py", line 351, in parse
    loader.exec_module(new_module)
  File "<frozen importlib._bootstrap_external>", line 995, in exec_module
  File "<frozen importlib._bootstrap>", line 488, in _call_with_frames_removed
  File "/opt/airflow/dags/steam_pipeline_dag.py", line 13, in <module>
    from etl.bronze_extract import extract_app
  File "/opt/airflow/etl/bronze_extract.py", line 3, in <module>
    from tqdm import tqdm
ModuleNotFoundError: No module named 'tqdm'
[2025-08-16T13:51:19.895+0000] {processor.py:842} WARNING - No viable dags retrieved from /opt/airflow/dags/steam_pipeline_dag.py
[2025-08-16T13:51:18.987+0000] {processor.py:183} INFO - Processing /opt/airflow/dags/steam_pipeline_dag.py took 0.083 seconds
[2025-08-16T13:51:47.894+0000] {processor.py:161} INFO - Started process (PID=276) to work on /opt/airflow/dags/steam_pipeline_dag.py
[2025-08-16T13:51:47.895+0000] {processor.py:830} INFO - Processing file /opt/airflow/dags/steam_pipeline_dag.py for tasks to queue
[2025-08-16T13:51:47.897+0000] {logging_mixin.py:188} INFO - [2025-08-16T13:51:47.897+0000] {dagbag.py:545} INFO - Filling up the DagBag from /opt/airflow/dags/steam_pipeline_dag.py
[2025-08-16T13:51:47.944+0000] {logging_mixin.py:188} INFO - [2025-08-16T13:51:47.939+0000] {dagbag.py:355} ERROR - Failed to import: /opt/airflow/dags/steam_pipeline_dag.py
Traceback (most recent call last):
  File "/home/airflow/.local/lib/python3.12/site-packages/airflow/models/dagbag.py", line 351, in parse
    loader.exec_module(new_module)
  File "<frozen importlib._bootstrap_external>", line 995, in exec_module
  File "<frozen importlib._bootstrap>", line 488, in _call_with_frames_removed
  File "/opt/airflow/dags/steam_pipeline_dag.py", line 13, in <module>
    from etl.bronze_extract import extract_app
  File "/opt/airflow/etl/bronze_extract.py", line 3, in <module>
    from tqdm import tqdm
ModuleNotFoundError: No module named 'tqdm'
[2025-08-16T13:51:47.946+0000] {processor.py:842} WARNING - No viable dags retrieved from /opt/airflow/dags/steam_pipeline_dag.py
[2025-08-16T13:51:47.962+0000] {processor.py:183} INFO - Processing /opt/airflow/dags/steam_pipeline_dag.py took 0.080 seconds
[2025-08-16T13:52:19.100+0000] {processor.py:161} INFO - Started process (PID=277) to work on /opt/airflow/dags/steam_pipeline_dag.py
[2025-08-16T13:52:19.101+0000] {processor.py:830} INFO - Processing file /opt/airflow/dags/steam_pipeline_dag.py for tasks to queue
[2025-08-16T13:52:19.103+0000] {logging_mixin.py:188} INFO - [2025-08-16T13:52:19.103+0000] {dagbag.py:545} INFO - Filling up the DagBag from /opt/airflow/dags/steam_pipeline_dag.py
[2025-08-16T13:52:19.175+0000] {logging_mixin.py:188} INFO - [2025-08-16T13:52:19.167+0000] {dagbag.py:355} ERROR - Failed to import: /opt/airflow/dags/steam_pipeline_dag.py
Traceback (most recent call last):
  File "/home/airflow/.local/lib/python3.12/site-packages/airflow/models/dagbag.py", line 351, in parse
    loader.exec_module(new_module)
  File "<frozen importlib._bootstrap_external>", line 995, in exec_module
  File "<frozen importlib._bootstrap>", line 488, in _call_with_frames_removed
  File "/opt/airflow/dags/steam_pipeline_dag.py", line 13, in <module>
    from etl.bronze_extract import extract_app
  File "/opt/airflow/etl/bronze_extract.py", line 3, in <module>
    from tqdm import tqdm
ModuleNotFoundError: No module named 'tqdm'
[2025-08-16T13:52:19.178+0000] {processor.py:842} WARNING - No viable dags retrieved from /opt/airflow/dags/steam_pipeline_dag.py
[2025-08-16T13:52:19.198+0000] {processor.py:183} INFO - Processing /opt/airflow/dags/steam_pipeline_dag.py took 0.104 seconds
[2025-08-16T13:52:49.690+0000] {processor.py:161} INFO - Started process (PID=278) to work on /opt/airflow/dags/steam_pipeline_dag.py
[2025-08-16T13:52:49.693+0000] {processor.py:830} INFO - Processing file /opt/airflow/dags/steam_pipeline_dag.py for tasks to queue
[2025-08-16T13:52:49.695+0000] {logging_mixin.py:188} INFO - [2025-08-16T13:52:49.694+0000] {dagbag.py:545} INFO - Filling up the DagBag from /opt/airflow/dags/steam_pipeline_dag.py
[2025-08-16T13:52:49.793+0000] {logging_mixin.py:188} INFO - [2025-08-16T13:52:49.776+0000] {dagbag.py:355} ERROR - Failed to import: /opt/airflow/dags/steam_pipeline_dag.py
Traceback (most recent call last):
  File "/home/airflow/.local/lib/python3.12/site-packages/airflow/models/dagbag.py", line 351, in parse
    loader.exec_module(new_module)
  File "<frozen importlib._bootstrap_external>", line 995, in exec_module
  File "<frozen importlib._bootstrap>", line 488, in _call_with_frames_removed
  File "/opt/airflow/dags/steam_pipeline_dag.py", line 13, in <module>
    from etl.bronze_extract import extract_app
  File "/opt/airflow/etl/bronze_extract.py", line 3, in <module>
    from tqdm import tqdm
ModuleNotFoundError: No module named 'tqdm'
[2025-08-16T13:52:49.799+0000] {processor.py:842} WARNING - No viable dags retrieved from /opt/airflow/dags/steam_pipeline_dag.py
[2025-08-16T13:52:49.829+0000] {processor.py:183} INFO - Processing /opt/airflow/dags/steam_pipeline_dag.py took 0.145 seconds
[2025-08-16T13:53:20.080+0000] {processor.py:161} INFO - Started process (PID=279) to work on /opt/airflow/dags/steam_pipeline_dag.py
[2025-08-16T13:53:20.082+0000] {processor.py:830} INFO - Processing file /opt/airflow/dags/steam_pipeline_dag.py for tasks to queue
[2025-08-16T13:53:20.084+0000] {logging_mixin.py:188} INFO - [2025-08-16T13:53:20.084+0000] {dagbag.py:545} INFO - Filling up the DagBag from /opt/airflow/dags/steam_pipeline_dag.py
[2025-08-16T13:53:20.171+0000] {logging_mixin.py:188} INFO - [2025-08-16T13:53:20.156+0000] {dagbag.py:355} ERROR - Failed to import: /opt/airflow/dags/steam_pipeline_dag.py
Traceback (most recent call last):
  File "/home/airflow/.local/lib/python3.12/site-packages/airflow/models/dagbag.py", line 351, in parse
    loader.exec_module(new_module)
  File "<frozen importlib._bootstrap_external>", line 995, in exec_module
  File "<frozen importlib._bootstrap>", line 488, in _call_with_frames_removed
  File "/opt/airflow/dags/steam_pipeline_dag.py", line 13, in <module>
    from etl.bronze_extract import extract_app
  File "/opt/airflow/etl/bronze_extract.py", line 3, in <module>
    from tqdm import tqdm
ModuleNotFoundError: No module named 'tqdm'
[2025-08-16T13:53:20.174+0000] {processor.py:842} WARNING - No viable dags retrieved from /opt/airflow/dags/steam_pipeline_dag.py
[2025-08-16T13:53:20.198+0000] {processor.py:183} INFO - Processing /opt/airflow/dags/steam_pipeline_dag.py took 0.126 seconds
[2025-08-16T13:53:50.616+0000] {processor.py:161} INFO - Started process (PID=280) to work on /opt/airflow/dags/steam_pipeline_dag.py
[2025-08-16T13:53:50.618+0000] {processor.py:830} INFO - Processing file /opt/airflow/dags/steam_pipeline_dag.py for tasks to queue
[2025-08-16T13:53:50.620+0000] {logging_mixin.py:188} INFO - [2025-08-16T13:53:50.620+0000] {dagbag.py:545} INFO - Filling up the DagBag from /opt/airflow/dags/steam_pipeline_dag.py
[2025-08-16T13:53:50.694+0000] {logging_mixin.py:188} INFO - [2025-08-16T13:53:50.686+0000] {dagbag.py:355} ERROR - Failed to import: /opt/airflow/dags/steam_pipeline_dag.py
Traceback (most recent call last):
  File "/home/airflow/.local/lib/python3.12/site-packages/airflow/models/dagbag.py", line 351, in parse
    loader.exec_module(new_module)
  File "<frozen importlib._bootstrap_external>", line 995, in exec_module
  File "<frozen importlib._bootstrap>", line 488, in _call_with_frames_removed
  File "/opt/airflow/dags/steam_pipeline_dag.py", line 13, in <module>
    from etl.bronze_extract import extract_app
  File "/opt/airflow/etl/bronze_extract.py", line 3, in <module>
    from tqdm import tqdm
ModuleNotFoundError: No module named 'tqdm'
[2025-08-16T13:53:50.711+0000] {processor.py:842} WARNING - No viable dags retrieved from /opt/airflow/dags/steam_pipeline_dag.py
[2025-08-16T13:53:50.732+0000] {processor.py:183} INFO - Processing /opt/airflow/dags/steam_pipeline_dag.py took 0.126 seconds
[2025-08-16T13:54:21.591+0000] {processor.py:161} INFO - Started process (PID=281) to work on /opt/airflow/dags/steam_pipeline_dag.py
[2025-08-16T13:54:21.592+0000] {processor.py:830} INFO - Processing file /opt/airflow/dags/steam_pipeline_dag.py for tasks to queue
[2025-08-16T13:54:21.594+0000] {logging_mixin.py:188} INFO - [2025-08-16T13:54:21.594+0000] {dagbag.py:545} INFO - Filling up the DagBag from /opt/airflow/dags/steam_pipeline_dag.py
[2025-08-16T13:54:21.670+0000] {logging_mixin.py:188} INFO - [2025-08-16T13:54:21.659+0000] {dagbag.py:355} ERROR - Failed to import: /opt/airflow/dags/steam_pipeline_dag.py
Traceback (most recent call last):
  File "/home/airflow/.local/lib/python3.12/site-packages/airflow/models/dagbag.py", line 351, in parse
    loader.exec_module(new_module)
  File "<frozen importlib._bootstrap_external>", line 995, in exec_module
  File "<frozen importlib._bootstrap>", line 488, in _call_with_frames_removed
  File "/opt/airflow/dags/steam_pipeline_dag.py", line 13, in <module>
    from etl.bronze_extract import extract_app
  File "/opt/airflow/etl/bronze_extract.py", line 3, in <module>
    from tqdm import tqdm
ModuleNotFoundError: No module named 'tqdm'
[2025-08-16T13:54:21.675+0000] {processor.py:842} WARNING - No viable dags retrieved from /opt/airflow/dags/steam_pipeline_dag.py
[2025-08-16T13:54:21.694+0000] {processor.py:183} INFO - Processing /opt/airflow/dags/steam_pipeline_dag.py took 0.111 seconds
[2025-08-16T13:54:51.942+0000] {processor.py:161} INFO - Started process (PID=282) to work on /opt/airflow/dags/steam_pipeline_dag.py
[2025-08-16T13:54:51.943+0000] {processor.py:830} INFO - Processing file /opt/airflow/dags/steam_pipeline_dag.py for tasks to queue
[2025-08-16T13:54:51.946+0000] {logging_mixin.py:188} INFO - [2025-08-16T13:54:51.946+0000] {dagbag.py:545} INFO - Filling up the DagBag from /opt/airflow/dags/steam_pipeline_dag.py
[2025-08-16T13:54:52.017+0000] {logging_mixin.py:188} INFO - [2025-08-16T13:54:52.010+0000] {dagbag.py:355} ERROR - Failed to import: /opt/airflow/dags/steam_pipeline_dag.py
Traceback (most recent call last):
  File "/home/airflow/.local/lib/python3.12/site-packages/airflow/models/dagbag.py", line 351, in parse
    loader.exec_module(new_module)
  File "<frozen importlib._bootstrap_external>", line 995, in exec_module
  File "<frozen importlib._bootstrap>", line 488, in _call_with_frames_removed
  File "/opt/airflow/dags/steam_pipeline_dag.py", line 13, in <module>
    from etl.bronze_extract import extract_app
  File "/opt/airflow/etl/bronze_extract.py", line 3, in <module>
    from tqdm import tqdm
ModuleNotFoundError: No module named 'tqdm'
[2025-08-16T13:54:52.020+0000] {processor.py:842} WARNING - No viable dags retrieved from /opt/airflow/dags/steam_pipeline_dag.py
[2025-08-16T13:54:52.040+0000] {processor.py:183} INFO - Processing /opt/airflow/dags/steam_pipeline_dag.py took 0.103 seconds
[2025-08-16T13:55:22.781+0000] {processor.py:161} INFO - Started process (PID=283) to work on /opt/airflow/dags/steam_pipeline_dag.py
[2025-08-16T13:55:22.782+0000] {processor.py:830} INFO - Processing file /opt/airflow/dags/steam_pipeline_dag.py for tasks to queue
[2025-08-16T13:55:22.785+0000] {logging_mixin.py:188} INFO - [2025-08-16T13:55:22.785+0000] {dagbag.py:545} INFO - Filling up the DagBag from /opt/airflow/dags/steam_pipeline_dag.py
[2025-08-16T13:55:22.870+0000] {logging_mixin.py:188} INFO - [2025-08-16T13:55:22.861+0000] {dagbag.py:355} ERROR - Failed to import: /opt/airflow/dags/steam_pipeline_dag.py
Traceback (most recent call last):
  File "/home/airflow/.local/lib/python3.12/site-packages/airflow/models/dagbag.py", line 351, in parse
    loader.exec_module(new_module)
  File "<frozen importlib._bootstrap_external>", line 995, in exec_module
  File "<frozen importlib._bootstrap>", line 488, in _call_with_frames_removed
  File "/opt/airflow/dags/steam_pipeline_dag.py", line 13, in <module>
    from etl.bronze_extract import extract_app
  File "/opt/airflow/etl/bronze_extract.py", line 3, in <module>
    from tqdm import tqdm
ModuleNotFoundError: No module named 'tqdm'
[2025-08-16T13:55:22.872+0000] {processor.py:842} WARNING - No viable dags retrieved from /opt/airflow/dags/steam_pipeline_dag.py
[2025-08-16T13:55:22.893+0000] {processor.py:183} INFO - Processing /opt/airflow/dags/steam_pipeline_dag.py took 0.118 seconds
[2025-08-16T13:55:53.992+0000] {processor.py:161} INFO - Started process (PID=284) to work on /opt/airflow/dags/steam_pipeline_dag.py
[2025-08-16T13:55:53.994+0000] {processor.py:830} INFO - Processing file /opt/airflow/dags/steam_pipeline_dag.py for tasks to queue
[2025-08-16T13:55:53.999+0000] {logging_mixin.py:188} INFO - [2025-08-16T13:55:53.998+0000] {dagbag.py:545} INFO - Filling up the DagBag from /opt/airflow/dags/steam_pipeline_dag.py
[2025-08-16T13:55:54.161+0000] {logging_mixin.py:188} INFO - [2025-08-16T13:55:54.151+0000] {dagbag.py:355} ERROR - Failed to import: /opt/airflow/dags/steam_pipeline_dag.py
Traceback (most recent call last):
  File "/home/airflow/.local/lib/python3.12/site-packages/airflow/models/dagbag.py", line 351, in parse
    loader.exec_module(new_module)
  File "<frozen importlib._bootstrap_external>", line 995, in exec_module
  File "<frozen importlib._bootstrap>", line 488, in _call_with_frames_removed
  File "/opt/airflow/dags/steam_pipeline_dag.py", line 13, in <module>
    from etl.bronze_extract import extract_app
  File "/opt/airflow/etl/bronze_extract.py", line 3, in <module>
    from tqdm import tqdm
ModuleNotFoundError: No module named 'tqdm'
[2025-08-16T13:55:54.164+0000] {processor.py:842} WARNING - No viable dags retrieved from /opt/airflow/dags/steam_pipeline_dag.py
[2025-08-16T13:55:54.189+0000] {processor.py:183} INFO - Processing /opt/airflow/dags/steam_pipeline_dag.py took 0.203 seconds
[2025-08-16T13:56:24.415+0000] {processor.py:161} INFO - Started process (PID=285) to work on /opt/airflow/dags/steam_pipeline_dag.py
[2025-08-16T13:56:24.417+0000] {processor.py:830} INFO - Processing file /opt/airflow/dags/steam_pipeline_dag.py for tasks to queue
[2025-08-16T13:56:24.420+0000] {logging_mixin.py:188} INFO - [2025-08-16T13:56:24.419+0000] {dagbag.py:545} INFO - Filling up the DagBag from /opt/airflow/dags/steam_pipeline_dag.py
[2025-08-16T13:56:24.493+0000] {logging_mixin.py:188} INFO - [2025-08-16T13:56:24.485+0000] {dagbag.py:355} ERROR - Failed to import: /opt/airflow/dags/steam_pipeline_dag.py
Traceback (most recent call last):
  File "/home/airflow/.local/lib/python3.12/site-packages/airflow/models/dagbag.py", line 351, in parse
    loader.exec_module(new_module)
  File "<frozen importlib._bootstrap_external>", line 995, in exec_module
  File "<frozen importlib._bootstrap>", line 488, in _call_with_frames_removed
  File "/opt/airflow/dags/steam_pipeline_dag.py", line 13, in <module>
    from etl.bronze_extract import extract_app
  File "/opt/airflow/etl/bronze_extract.py", line 3, in <module>
    from tqdm import tqdm
ModuleNotFoundError: No module named 'tqdm'
[2025-08-16T13:56:24.496+0000] {processor.py:842} WARNING - No viable dags retrieved from /opt/airflow/dags/steam_pipeline_dag.py
[2025-08-16T13:56:24.525+0000] {processor.py:183} INFO - Processing /opt/airflow/dags/steam_pipeline_dag.py took 0.117 seconds
[2025-08-16T13:56:55.126+0000] {processor.py:161} INFO - Started process (PID=286) to work on /opt/airflow/dags/steam_pipeline_dag.py
[2025-08-16T13:56:55.128+0000] {processor.py:830} INFO - Processing file /opt/airflow/dags/steam_pipeline_dag.py for tasks to queue
[2025-08-16T13:56:55.130+0000] {logging_mixin.py:188} INFO - [2025-08-16T13:56:55.130+0000] {dagbag.py:545} INFO - Filling up the DagBag from /opt/airflow/dags/steam_pipeline_dag.py
[2025-08-16T13:56:55.180+0000] {logging_mixin.py:188} INFO - [2025-08-16T13:56:55.174+0000] {dagbag.py:355} ERROR - Failed to import: /opt/airflow/dags/steam_pipeline_dag.py
Traceback (most recent call last):
  File "/home/airflow/.local/lib/python3.12/site-packages/airflow/models/dagbag.py", line 351, in parse
    loader.exec_module(new_module)
  File "<frozen importlib._bootstrap_external>", line 995, in exec_module
  File "<frozen importlib._bootstrap>", line 488, in _call_with_frames_removed
  File "/opt/airflow/dags/steam_pipeline_dag.py", line 13, in <module>
    from etl.bronze_extract import extract_app
  File "/opt/airflow/etl/bronze_extract.py", line 3, in <module>
    from tqdm import tqdm
ModuleNotFoundError: No module named 'tqdm'
[2025-08-16T13:56:55.182+0000] {processor.py:842} WARNING - No viable dags retrieved from /opt/airflow/dags/steam_pipeline_dag.py
[2025-08-16T13:56:55.198+0000] {processor.py:183} INFO - Processing /opt/airflow/dags/steam_pipeline_dag.py took 0.080 seconds
[2025-08-16T13:57:25.647+0000] {processor.py:161} INFO - Started process (PID=287) to work on /opt/airflow/dags/steam_pipeline_dag.py
[2025-08-16T13:57:25.648+0000] {processor.py:830} INFO - Processing file /opt/airflow/dags/steam_pipeline_dag.py for tasks to queue
[2025-08-16T13:57:25.651+0000] {logging_mixin.py:188} INFO - [2025-08-16T13:57:25.650+0000] {dagbag.py:545} INFO - Filling up the DagBag from /opt/airflow/dags/steam_pipeline_dag.py
[2025-08-16T13:57:25.700+0000] {logging_mixin.py:188} INFO - [2025-08-16T13:57:25.694+0000] {dagbag.py:355} ERROR - Failed to import: /opt/airflow/dags/steam_pipeline_dag.py
Traceback (most recent call last):
  File "/home/airflow/.local/lib/python3.12/site-packages/airflow/models/dagbag.py", line 351, in parse
    loader.exec_module(new_module)
  File "<frozen importlib._bootstrap_external>", line 995, in exec_module
  File "<frozen importlib._bootstrap>", line 488, in _call_with_frames_removed
  File "/opt/airflow/dags/steam_pipeline_dag.py", line 13, in <module>
    from etl.bronze_extract import extract_app
  File "/opt/airflow/etl/bronze_extract.py", line 3, in <module>
    from tqdm import tqdm
ModuleNotFoundError: No module named 'tqdm'
[2025-08-16T13:57:25.702+0000] {processor.py:842} WARNING - No viable dags retrieved from /opt/airflow/dags/steam_pipeline_dag.py
[2025-08-16T13:57:25.721+0000] {processor.py:183} INFO - Processing /opt/airflow/dags/steam_pipeline_dag.py took 0.085 seconds
[2025-08-16T13:57:56.752+0000] {processor.py:161} INFO - Started process (PID=288) to work on /opt/airflow/dags/steam_pipeline_dag.py
[2025-08-16T13:57:56.756+0000] {processor.py:830} INFO - Processing file /opt/airflow/dags/steam_pipeline_dag.py for tasks to queue
[2025-08-16T13:57:56.762+0000] {logging_mixin.py:188} INFO - [2025-08-16T13:57:56.762+0000] {dagbag.py:545} INFO - Filling up the DagBag from /opt/airflow/dags/steam_pipeline_dag.py
[2025-08-16T13:57:56.847+0000] {logging_mixin.py:188} INFO - [2025-08-16T13:57:56.837+0000] {dagbag.py:355} ERROR - Failed to import: /opt/airflow/dags/steam_pipeline_dag.py
Traceback (most recent call last):
  File "/home/airflow/.local/lib/python3.12/site-packages/airflow/models/dagbag.py", line 351, in parse
    loader.exec_module(new_module)
  File "<frozen importlib._bootstrap_external>", line 995, in exec_module
  File "<frozen importlib._bootstrap>", line 488, in _call_with_frames_removed
  File "/opt/airflow/dags/steam_pipeline_dag.py", line 13, in <module>
    from etl.bronze_extract import extract_app
  File "/opt/airflow/etl/bronze_extract.py", line 3, in <module>
    from tqdm import tqdm
ModuleNotFoundError: No module named 'tqdm'
[2025-08-16T13:57:56.850+0000] {processor.py:842} WARNING - No viable dags retrieved from /opt/airflow/dags/steam_pipeline_dag.py
[2025-08-16T13:57:56.870+0000] {processor.py:183} INFO - Processing /opt/airflow/dags/steam_pipeline_dag.py took 0.124 seconds
[2025-08-16T13:58:27.481+0000] {processor.py:161} INFO - Started process (PID=289) to work on /opt/airflow/dags/steam_pipeline_dag.py
[2025-08-16T13:58:27.482+0000] {processor.py:830} INFO - Processing file /opt/airflow/dags/steam_pipeline_dag.py for tasks to queue
[2025-08-16T13:58:27.484+0000] {logging_mixin.py:188} INFO - [2025-08-16T13:58:27.484+0000] {dagbag.py:545} INFO - Filling up the DagBag from /opt/airflow/dags/steam_pipeline_dag.py
[2025-08-16T13:58:27.532+0000] {logging_mixin.py:188} INFO - [2025-08-16T13:58:27.526+0000] {dagbag.py:355} ERROR - Failed to import: /opt/airflow/dags/steam_pipeline_dag.py
Traceback (most recent call last):
  File "/home/airflow/.local/lib/python3.12/site-packages/airflow/models/dagbag.py", line 351, in parse
    loader.exec_module(new_module)
  File "<frozen importlib._bootstrap_external>", line 995, in exec_module
  File "<frozen importlib._bootstrap>", line 488, in _call_with_frames_removed
  File "/opt/airflow/dags/steam_pipeline_dag.py", line 13, in <module>
    from etl.bronze_extract import extract_app
  File "/opt/airflow/etl/bronze_extract.py", line 3, in <module>
    from tqdm import tqdm
ModuleNotFoundError: No module named 'tqdm'
[2025-08-16T13:58:27.534+0000] {processor.py:842} WARNING - No viable dags retrieved from /opt/airflow/dags/steam_pipeline_dag.py
[2025-08-16T13:58:27.553+0000] {processor.py:183} INFO - Processing /opt/airflow/dags/steam_pipeline_dag.py took 0.080 seconds
[2025-08-16T13:58:58.662+0000] {processor.py:161} INFO - Started process (PID=290) to work on /opt/airflow/dags/steam_pipeline_dag.py
[2025-08-16T13:58:58.663+0000] {processor.py:830} INFO - Processing file /opt/airflow/dags/steam_pipeline_dag.py for tasks to queue
[2025-08-16T13:58:58.665+0000] {logging_mixin.py:188} INFO - [2025-08-16T13:58:58.665+0000] {dagbag.py:545} INFO - Filling up the DagBag from /opt/airflow/dags/steam_pipeline_dag.py
[2025-08-16T13:58:58.712+0000] {logging_mixin.py:188} INFO - [2025-08-16T13:58:58.706+0000] {dagbag.py:355} ERROR - Failed to import: /opt/airflow/dags/steam_pipeline_dag.py
Traceback (most recent call last):
  File "/home/airflow/.local/lib/python3.12/site-packages/airflow/models/dagbag.py", line 351, in parse
    loader.exec_module(new_module)
  File "<frozen importlib._bootstrap_external>", line 995, in exec_module
  File "<frozen importlib._bootstrap>", line 488, in _call_with_frames_removed
  File "/opt/airflow/dags/steam_pipeline_dag.py", line 13, in <module>
    from etl.bronze_extract import extract_app
  File "/opt/airflow/etl/bronze_extract.py", line 3, in <module>
    from tqdm import tqdm
ModuleNotFoundError: No module named 'tqdm'
[2025-08-16T13:58:58.714+0000] {processor.py:842} WARNING - No viable dags retrieved from /opt/airflow/dags/steam_pipeline_dag.py
[2025-08-16T13:58:58.732+0000] {processor.py:183} INFO - Processing /opt/airflow/dags/steam_pipeline_dag.py took 0.077 seconds
[2025-08-16T13:59:29.453+0000] {processor.py:161} INFO - Started process (PID=291) to work on /opt/airflow/dags/steam_pipeline_dag.py
[2025-08-16T13:59:29.454+0000] {processor.py:830} INFO - Processing file /opt/airflow/dags/steam_pipeline_dag.py for tasks to queue
[2025-08-16T13:59:29.457+0000] {logging_mixin.py:188} INFO - [2025-08-16T13:59:29.456+0000] {dagbag.py:545} INFO - Filling up the DagBag from /opt/airflow/dags/steam_pipeline_dag.py
[2025-08-16T13:59:29.507+0000] {logging_mixin.py:188} INFO - [2025-08-16T13:59:29.499+0000] {dagbag.py:355} ERROR - Failed to import: /opt/airflow/dags/steam_pipeline_dag.py
Traceback (most recent call last):
  File "/home/airflow/.local/lib/python3.12/site-packages/airflow/models/dagbag.py", line 351, in parse
    loader.exec_module(new_module)
  File "<frozen importlib._bootstrap_external>", line 995, in exec_module
  File "<frozen importlib._bootstrap>", line 488, in _call_with_frames_removed
  File "/opt/airflow/dags/steam_pipeline_dag.py", line 13, in <module>
    from etl.bronze_extract import extract_app
  File "/opt/airflow/etl/bronze_extract.py", line 3, in <module>
    from tqdm import tqdm
ModuleNotFoundError: No module named 'tqdm'
[2025-08-16T13:59:29.510+0000] {processor.py:842} WARNING - No viable dags retrieved from /opt/airflow/dags/steam_pipeline_dag.py
[2025-08-16T13:59:29.529+0000] {processor.py:183} INFO - Processing /opt/airflow/dags/steam_pipeline_dag.py took 0.082 seconds
[2025-08-16T13:59:59.686+0000] {processor.py:161} INFO - Started process (PID=292) to work on /opt/airflow/dags/steam_pipeline_dag.py
[2025-08-16T13:59:59.687+0000] {processor.py:830} INFO - Processing file /opt/airflow/dags/steam_pipeline_dag.py for tasks to queue
[2025-08-16T13:59:59.690+0000] {logging_mixin.py:188} INFO - [2025-08-16T13:59:59.689+0000] {dagbag.py:545} INFO - Filling up the DagBag from /opt/airflow/dags/steam_pipeline_dag.py
[2025-08-16T13:59:59.739+0000] {logging_mixin.py:188} INFO - [2025-08-16T13:59:59.732+0000] {dagbag.py:355} ERROR - Failed to import: /opt/airflow/dags/steam_pipeline_dag.py
Traceback (most recent call last):
  File "/home/airflow/.local/lib/python3.12/site-packages/airflow/models/dagbag.py", line 351, in parse
    loader.exec_module(new_module)
  File "<frozen importlib._bootstrap_external>", line 995, in exec_module
  File "<frozen importlib._bootstrap>", line 488, in _call_with_frames_removed
  File "/opt/airflow/dags/steam_pipeline_dag.py", line 13, in <module>
    from etl.bronze_extract import extract_app
  File "/opt/airflow/etl/bronze_extract.py", line 3, in <module>
    from tqdm import tqdm
ModuleNotFoundError: No module named 'tqdm'
[2025-08-16T13:59:59.741+0000] {processor.py:842} WARNING - No viable dags retrieved from /opt/airflow/dags/steam_pipeline_dag.py
[2025-08-16T13:59:59.761+0000] {processor.py:183} INFO - Processing /opt/airflow/dags/steam_pipeline_dag.py took 0.080 seconds
[2025-08-16T14:00:29.861+0000] {processor.py:161} INFO - Started process (PID=293) to work on /opt/airflow/dags/steam_pipeline_dag.py
[2025-08-16T14:00:29.862+0000] {processor.py:830} INFO - Processing file /opt/airflow/dags/steam_pipeline_dag.py for tasks to queue
[2025-08-16T14:00:29.866+0000] {logging_mixin.py:188} INFO - [2025-08-16T14:00:29.865+0000] {dagbag.py:545} INFO - Filling up the DagBag from /opt/airflow/dags/steam_pipeline_dag.py
[2025-08-16T14:00:29.949+0000] {logging_mixin.py:188} INFO - [2025-08-16T14:00:29.940+0000] {dagbag.py:355} ERROR - Failed to import: /opt/airflow/dags/steam_pipeline_dag.py
Traceback (most recent call last):
  File "/home/airflow/.local/lib/python3.12/site-packages/airflow/models/dagbag.py", line 351, in parse
    loader.exec_module(new_module)
  File "<frozen importlib._bootstrap_external>", line 995, in exec_module
  File "<frozen importlib._bootstrap>", line 488, in _call_with_frames_removed
  File "/opt/airflow/dags/steam_pipeline_dag.py", line 13, in <module>
    from etl.bronze_extract import extract_app
  File "/opt/airflow/etl/bronze_extract.py", line 3, in <module>
    from tqdm import tqdm
ModuleNotFoundError: No module named 'tqdm'
[2025-08-16T14:00:29.960+0000] {processor.py:842} WARNING - No viable dags retrieved from /opt/airflow/dags/steam_pipeline_dag.py
[2025-08-16T14:00:29.981+0000] {processor.py:183} INFO - Processing /opt/airflow/dags/steam_pipeline_dag.py took 0.129 seconds
[2025-08-16T14:01:00.406+0000] {processor.py:161} INFO - Started process (PID=294) to work on /opt/airflow/dags/steam_pipeline_dag.py
[2025-08-16T14:01:00.407+0000] {processor.py:830} INFO - Processing file /opt/airflow/dags/steam_pipeline_dag.py for tasks to queue
[2025-08-16T14:01:00.410+0000] {logging_mixin.py:188} INFO - [2025-08-16T14:01:00.410+0000] {dagbag.py:545} INFO - Filling up the DagBag from /opt/airflow/dags/steam_pipeline_dag.py
[2025-08-16T14:01:00.505+0000] {logging_mixin.py:188} INFO - [2025-08-16T14:01:00.494+0000] {dagbag.py:355} ERROR - Failed to import: /opt/airflow/dags/steam_pipeline_dag.py
Traceback (most recent call last):
  File "/home/airflow/.local/lib/python3.12/site-packages/airflow/models/dagbag.py", line 351, in parse
    loader.exec_module(new_module)
  File "<frozen importlib._bootstrap_external>", line 995, in exec_module
  File "<frozen importlib._bootstrap>", line 488, in _call_with_frames_removed
  File "/opt/airflow/dags/steam_pipeline_dag.py", line 13, in <module>
    from etl.bronze_extract import extract_app
  File "/opt/airflow/etl/bronze_extract.py", line 3, in <module>
    from tqdm import tqdm
ModuleNotFoundError: No module named 'tqdm'
[2025-08-16T14:01:00.508+0000] {processor.py:842} WARNING - No viable dags retrieved from /opt/airflow/dags/steam_pipeline_dag.py
[2025-08-16T14:01:00.531+0000] {processor.py:183} INFO - Processing /opt/airflow/dags/steam_pipeline_dag.py took 0.132 seconds
[2025-08-16T14:01:31.548+0000] {processor.py:161} INFO - Started process (PID=295) to work on /opt/airflow/dags/steam_pipeline_dag.py
[2025-08-16T14:01:31.549+0000] {processor.py:830} INFO - Processing file /opt/airflow/dags/steam_pipeline_dag.py for tasks to queue
[2025-08-16T14:01:31.552+0000] {logging_mixin.py:188} INFO - [2025-08-16T14:01:31.552+0000] {dagbag.py:545} INFO - Filling up the DagBag from /opt/airflow/dags/steam_pipeline_dag.py
[2025-08-16T14:01:31.617+0000] {logging_mixin.py:188} INFO - [2025-08-16T14:01:31.609+0000] {dagbag.py:355} ERROR - Failed to import: /opt/airflow/dags/steam_pipeline_dag.py
Traceback (most recent call last):
  File "/home/airflow/.local/lib/python3.12/site-packages/airflow/models/dagbag.py", line 351, in parse
    loader.exec_module(new_module)
  File "<frozen importlib._bootstrap_external>", line 995, in exec_module
  File "<frozen importlib._bootstrap>", line 488, in _call_with_frames_removed
  File "/opt/airflow/dags/steam_pipeline_dag.py", line 13, in <module>
    from etl.bronze_extract import extract_app
  File "/opt/airflow/etl/bronze_extract.py", line 3, in <module>
    from tqdm import tqdm
ModuleNotFoundError: No module named 'tqdm'
[2025-08-16T14:01:31.620+0000] {processor.py:842} WARNING - No viable dags retrieved from /opt/airflow/dags/steam_pipeline_dag.py
[2025-08-16T14:01:31.640+0000] {processor.py:183} INFO - Processing /opt/airflow/dags/steam_pipeline_dag.py took 0.097 seconds
[2025-08-16T14:02:02.449+0000] {processor.py:161} INFO - Started process (PID=296) to work on /opt/airflow/dags/steam_pipeline_dag.py
[2025-08-16T14:02:02.451+0000] {processor.py:830} INFO - Processing file /opt/airflow/dags/steam_pipeline_dag.py for tasks to queue
[2025-08-16T14:02:02.456+0000] {logging_mixin.py:188} INFO - [2025-08-16T14:02:02.455+0000] {dagbag.py:545} INFO - Filling up the DagBag from /opt/airflow/dags/steam_pipeline_dag.py
[2025-08-16T14:02:02.515+0000] {logging_mixin.py:188} INFO - [2025-08-16T14:02:02.509+0000] {dagbag.py:355} ERROR - Failed to import: /opt/airflow/dags/steam_pipeline_dag.py
Traceback (most recent call last):
  File "/home/airflow/.local/lib/python3.12/site-packages/airflow/models/dagbag.py", line 351, in parse
    loader.exec_module(new_module)
  File "<frozen importlib._bootstrap_external>", line 995, in exec_module
  File "<frozen importlib._bootstrap>", line 488, in _call_with_frames_removed
  File "/opt/airflow/dags/steam_pipeline_dag.py", line 13, in <module>
    from etl.bronze_extract import extract_app
  File "/opt/airflow/etl/bronze_extract.py", line 3, in <module>
    from tqdm import tqdm
ModuleNotFoundError: No module named 'tqdm'
[2025-08-16T14:02:02.518+0000] {processor.py:842} WARNING - No viable dags retrieved from /opt/airflow/dags/steam_pipeline_dag.py
[2025-08-16T14:02:02.538+0000] {processor.py:183} INFO - Processing /opt/airflow/dags/steam_pipeline_dag.py took 0.098 seconds
[2025-08-16T14:02:32.758+0000] {processor.py:161} INFO - Started process (PID=297) to work on /opt/airflow/dags/steam_pipeline_dag.py
[2025-08-16T14:02:32.760+0000] {processor.py:830} INFO - Processing file /opt/airflow/dags/steam_pipeline_dag.py for tasks to queue
[2025-08-16T14:02:32.762+0000] {logging_mixin.py:188} INFO - [2025-08-16T14:02:32.762+0000] {dagbag.py:545} INFO - Filling up the DagBag from /opt/airflow/dags/steam_pipeline_dag.py
[2025-08-16T14:02:32.835+0000] {logging_mixin.py:188} INFO - [2025-08-16T14:02:32.825+0000] {dagbag.py:355} ERROR - Failed to import: /opt/airflow/dags/steam_pipeline_dag.py
Traceback (most recent call last):
  File "/home/airflow/.local/lib/python3.12/site-packages/airflow/models/dagbag.py", line 351, in parse
    loader.exec_module(new_module)
  File "<frozen importlib._bootstrap_external>", line 995, in exec_module
  File "<frozen importlib._bootstrap>", line 488, in _call_with_frames_removed
  File "/opt/airflow/dags/steam_pipeline_dag.py", line 13, in <module>
    from etl.bronze_extract import extract_app
  File "/opt/airflow/etl/bronze_extract.py", line 3, in <module>
    from tqdm import tqdm
ModuleNotFoundError: No module named 'tqdm'
[2025-08-16T14:02:32.838+0000] {processor.py:842} WARNING - No viable dags retrieved from /opt/airflow/dags/steam_pipeline_dag.py
[2025-08-16T14:02:32.865+0000] {processor.py:183} INFO - Processing /opt/airflow/dags/steam_pipeline_dag.py took 0.113 seconds
[2025-08-16T14:03:04.019+0000] {processor.py:161} INFO - Started process (PID=298) to work on /opt/airflow/dags/steam_pipeline_dag.py
[2025-08-16T14:03:04.020+0000] {processor.py:830} INFO - Processing file /opt/airflow/dags/steam_pipeline_dag.py for tasks to queue
[2025-08-16T14:03:04.023+0000] {logging_mixin.py:188} INFO - [2025-08-16T14:03:04.023+0000] {dagbag.py:545} INFO - Filling up the DagBag from /opt/airflow/dags/steam_pipeline_dag.py
[2025-08-16T14:03:04.092+0000] {logging_mixin.py:188} INFO - [2025-08-16T14:03:04.083+0000] {dagbag.py:355} ERROR - Failed to import: /opt/airflow/dags/steam_pipeline_dag.py
Traceback (most recent call last):
  File "/home/airflow/.local/lib/python3.12/site-packages/airflow/models/dagbag.py", line 351, in parse
    loader.exec_module(new_module)
  File "<frozen importlib._bootstrap_external>", line 995, in exec_module
  File "<frozen importlib._bootstrap>", line 488, in _call_with_frames_removed
  File "/opt/airflow/dags/steam_pipeline_dag.py", line 13, in <module>
    from etl.bronze_extract import extract_app
  File "/opt/airflow/etl/bronze_extract.py", line 3, in <module>
    from tqdm import tqdm
ModuleNotFoundError: No module named 'tqdm'
[2025-08-16T14:03:04.095+0000] {processor.py:842} WARNING - No viable dags retrieved from /opt/airflow/dags/steam_pipeline_dag.py
[2025-08-16T14:03:04.121+0000] {processor.py:183} INFO - Processing /opt/airflow/dags/steam_pipeline_dag.py took 0.109 seconds
[2025-08-16T14:03:34.665+0000] {processor.py:161} INFO - Started process (PID=299) to work on /opt/airflow/dags/steam_pipeline_dag.py
[2025-08-16T14:03:34.667+0000] {processor.py:830} INFO - Processing file /opt/airflow/dags/steam_pipeline_dag.py for tasks to queue
[2025-08-16T14:03:34.671+0000] {logging_mixin.py:188} INFO - [2025-08-16T14:03:34.670+0000] {dagbag.py:545} INFO - Filling up the DagBag from /opt/airflow/dags/steam_pipeline_dag.py
[2025-08-16T14:03:34.717+0000] {logging_mixin.py:188} INFO - [2025-08-16T14:03:34.710+0000] {dagbag.py:355} ERROR - Failed to import: /opt/airflow/dags/steam_pipeline_dag.py
Traceback (most recent call last):
  File "/home/airflow/.local/lib/python3.12/site-packages/airflow/models/dagbag.py", line 351, in parse
    loader.exec_module(new_module)
  File "<frozen importlib._bootstrap_external>", line 995, in exec_module
  File "<frozen importlib._bootstrap>", line 488, in _call_with_frames_removed
  File "/opt/airflow/dags/steam_pipeline_dag.py", line 13, in <module>
    from etl.bronze_extract import extract_app
  File "/opt/airflow/etl/bronze_extract.py", line 3, in <module>
    from tqdm import tqdm
ModuleNotFoundError: No module named 'tqdm'
[2025-08-16T14:03:34.719+0000] {processor.py:842} WARNING - No viable dags retrieved from /opt/airflow/dags/steam_pipeline_dag.py
[2025-08-16T14:03:34.737+0000] {processor.py:183} INFO - Processing /opt/airflow/dags/steam_pipeline_dag.py took 0.083 seconds
[2025-08-16T14:04:05.644+0000] {processor.py:161} INFO - Started process (PID=300) to work on /opt/airflow/dags/steam_pipeline_dag.py
[2025-08-16T14:04:05.645+0000] {processor.py:830} INFO - Processing file /opt/airflow/dags/steam_pipeline_dag.py for tasks to queue
[2025-08-16T14:04:05.648+0000] {logging_mixin.py:188} INFO - [2025-08-16T14:04:05.648+0000] {dagbag.py:545} INFO - Filling up the DagBag from /opt/airflow/dags/steam_pipeline_dag.py
[2025-08-16T14:04:05.697+0000] {logging_mixin.py:188} INFO - [2025-08-16T14:04:05.691+0000] {dagbag.py:355} ERROR - Failed to import: /opt/airflow/dags/steam_pipeline_dag.py
Traceback (most recent call last):
  File "/home/airflow/.local/lib/python3.12/site-packages/airflow/models/dagbag.py", line 351, in parse
    loader.exec_module(new_module)
  File "<frozen importlib._bootstrap_external>", line 995, in exec_module
  File "<frozen importlib._bootstrap>", line 488, in _call_with_frames_removed
  File "/opt/airflow/dags/steam_pipeline_dag.py", line 13, in <module>
    from etl.bronze_extract import extract_app
  File "/opt/airflow/etl/bronze_extract.py", line 3, in <module>
    from tqdm import tqdm
ModuleNotFoundError: No module named 'tqdm'
[2025-08-16T14:04:05.700+0000] {processor.py:842} WARNING - No viable dags retrieved from /opt/airflow/dags/steam_pipeline_dag.py
[2025-08-16T14:04:05.718+0000] {processor.py:183} INFO - Processing /opt/airflow/dags/steam_pipeline_dag.py took 0.080 seconds
[2025-08-16T14:04:36.209+0000] {processor.py:161} INFO - Started process (PID=301) to work on /opt/airflow/dags/steam_pipeline_dag.py
[2025-08-16T14:04:36.210+0000] {processor.py:830} INFO - Processing file /opt/airflow/dags/steam_pipeline_dag.py for tasks to queue
[2025-08-16T14:04:36.212+0000] {logging_mixin.py:188} INFO - [2025-08-16T14:04:36.212+0000] {dagbag.py:545} INFO - Filling up the DagBag from /opt/airflow/dags/steam_pipeline_dag.py
[2025-08-16T14:04:36.263+0000] {logging_mixin.py:188} INFO - [2025-08-16T14:04:36.257+0000] {dagbag.py:355} ERROR - Failed to import: /opt/airflow/dags/steam_pipeline_dag.py
Traceback (most recent call last):
  File "/home/airflow/.local/lib/python3.12/site-packages/airflow/models/dagbag.py", line 351, in parse
    loader.exec_module(new_module)
  File "<frozen importlib._bootstrap_external>", line 995, in exec_module
  File "<frozen importlib._bootstrap>", line 488, in _call_with_frames_removed
  File "/opt/airflow/dags/steam_pipeline_dag.py", line 13, in <module>
    from etl.bronze_extract import extract_app
  File "/opt/airflow/etl/bronze_extract.py", line 3, in <module>
    from tqdm import tqdm
ModuleNotFoundError: No module named 'tqdm'
[2025-08-16T14:04:36.265+0000] {processor.py:842} WARNING - No viable dags retrieved from /opt/airflow/dags/steam_pipeline_dag.py
[2025-08-16T14:04:36.282+0000] {processor.py:183} INFO - Processing /opt/airflow/dags/steam_pipeline_dag.py took 0.083 seconds
[2025-08-16T14:05:06.393+0000] {processor.py:161} INFO - Started process (PID=302) to work on /opt/airflow/dags/steam_pipeline_dag.py
[2025-08-16T14:05:06.395+0000] {processor.py:830} INFO - Processing file /opt/airflow/dags/steam_pipeline_dag.py for tasks to queue
[2025-08-16T14:05:06.397+0000] {logging_mixin.py:188} INFO - [2025-08-16T14:05:06.397+0000] {dagbag.py:545} INFO - Filling up the DagBag from /opt/airflow/dags/steam_pipeline_dag.py
[2025-08-16T14:05:06.448+0000] {logging_mixin.py:188} INFO - [2025-08-16T14:05:06.442+0000] {dagbag.py:355} ERROR - Failed to import: /opt/airflow/dags/steam_pipeline_dag.py
Traceback (most recent call last):
  File "/home/airflow/.local/lib/python3.12/site-packages/airflow/models/dagbag.py", line 351, in parse
    loader.exec_module(new_module)
  File "<frozen importlib._bootstrap_external>", line 995, in exec_module
  File "<frozen importlib._bootstrap>", line 488, in _call_with_frames_removed
  File "/opt/airflow/dags/steam_pipeline_dag.py", line 13, in <module>
    from etl.bronze_extract import extract_app
  File "/opt/airflow/etl/bronze_extract.py", line 3, in <module>
    from tqdm import tqdm
ModuleNotFoundError: No module named 'tqdm'
[2025-08-16T14:05:06.450+0000] {processor.py:842} WARNING - No viable dags retrieved from /opt/airflow/dags/steam_pipeline_dag.py
[2025-08-16T14:05:06.469+0000] {processor.py:183} INFO - Processing /opt/airflow/dags/steam_pipeline_dag.py took 0.082 seconds
[2025-08-16T14:05:37.515+0000] {processor.py:161} INFO - Started process (PID=303) to work on /opt/airflow/dags/steam_pipeline_dag.py
[2025-08-16T14:05:37.525+0000] {processor.py:830} INFO - Processing file /opt/airflow/dags/steam_pipeline_dag.py for tasks to queue
[2025-08-16T14:05:37.528+0000] {logging_mixin.py:188} INFO - [2025-08-16T14:05:37.527+0000] {dagbag.py:545} INFO - Filling up the DagBag from /opt/airflow/dags/steam_pipeline_dag.py
[2025-08-16T14:05:37.612+0000] {logging_mixin.py:188} INFO - [2025-08-16T14:05:37.600+0000] {dagbag.py:355} ERROR - Failed to import: /opt/airflow/dags/steam_pipeline_dag.py
Traceback (most recent call last):
  File "/home/airflow/.local/lib/python3.12/site-packages/airflow/models/dagbag.py", line 351, in parse
    loader.exec_module(new_module)
  File "<frozen importlib._bootstrap_external>", line 995, in exec_module
  File "<frozen importlib._bootstrap>", line 488, in _call_with_frames_removed
  File "/opt/airflow/dags/steam_pipeline_dag.py", line 13, in <module>
    from etl.bronze_extract import extract_app
  File "/opt/airflow/etl/bronze_extract.py", line 3, in <module>
    from tqdm import tqdm
ModuleNotFoundError: No module named 'tqdm'
[2025-08-16T14:05:37.615+0000] {processor.py:842} WARNING - No viable dags retrieved from /opt/airflow/dags/steam_pipeline_dag.py
[2025-08-16T14:05:37.637+0000] {processor.py:183} INFO - Processing /opt/airflow/dags/steam_pipeline_dag.py took 0.128 seconds
[2025-08-16T14:06:07.914+0000] {processor.py:161} INFO - Started process (PID=304) to work on /opt/airflow/dags/steam_pipeline_dag.py
[2025-08-16T14:06:07.916+0000] {processor.py:830} INFO - Processing file /opt/airflow/dags/steam_pipeline_dag.py for tasks to queue
[2025-08-16T14:06:07.921+0000] {logging_mixin.py:188} INFO - [2025-08-16T14:06:07.920+0000] {dagbag.py:545} INFO - Filling up the DagBag from /opt/airflow/dags/steam_pipeline_dag.py
[2025-08-16T14:06:07.973+0000] {logging_mixin.py:188} INFO - [2025-08-16T14:06:07.967+0000] {dagbag.py:355} ERROR - Failed to import: /opt/airflow/dags/steam_pipeline_dag.py
Traceback (most recent call last):
  File "/home/airflow/.local/lib/python3.12/site-packages/airflow/models/dagbag.py", line 351, in parse
    loader.exec_module(new_module)
  File "<frozen importlib._bootstrap_external>", line 995, in exec_module
  File "<frozen importlib._bootstrap>", line 488, in _call_with_frames_removed
  File "/opt/airflow/dags/steam_pipeline_dag.py", line 13, in <module>
    from etl.bronze_extract import extract_app
  File "/opt/airflow/etl/bronze_extract.py", line 3, in <module>
    from tqdm import tqdm
ModuleNotFoundError: No module named 'tqdm'
[2025-08-16T14:06:07.975+0000] {processor.py:842} WARNING - No viable dags retrieved from /opt/airflow/dags/steam_pipeline_dag.py
[2025-08-16T14:06:07.993+0000] {processor.py:183} INFO - Processing /opt/airflow/dags/steam_pipeline_dag.py took 0.086 seconds
[2025-08-16T14:06:38.276+0000] {processor.py:161} INFO - Started process (PID=305) to work on /opt/airflow/dags/steam_pipeline_dag.py
[2025-08-16T14:06:38.278+0000] {processor.py:830} INFO - Processing file /opt/airflow/dags/steam_pipeline_dag.py for tasks to queue
[2025-08-16T14:06:38.281+0000] {logging_mixin.py:188} INFO - [2025-08-16T14:06:38.280+0000] {dagbag.py:545} INFO - Filling up the DagBag from /opt/airflow/dags/steam_pipeline_dag.py
[2025-08-16T14:06:38.362+0000] {logging_mixin.py:188} INFO - [2025-08-16T14:06:38.355+0000] {dagbag.py:355} ERROR - Failed to import: /opt/airflow/dags/steam_pipeline_dag.py
Traceback (most recent call last):
  File "/home/airflow/.local/lib/python3.12/site-packages/airflow/models/dagbag.py", line 351, in parse
    loader.exec_module(new_module)
  File "<frozen importlib._bootstrap_external>", line 995, in exec_module
  File "<frozen importlib._bootstrap>", line 488, in _call_with_frames_removed
  File "/opt/airflow/dags/steam_pipeline_dag.py", line 13, in <module>
    from etl.bronze_extract import extract_app
  File "/opt/airflow/etl/bronze_extract.py", line 3, in <module>
    from tqdm import tqdm
ModuleNotFoundError: No module named 'tqdm'
[2025-08-16T14:06:38.365+0000] {processor.py:842} WARNING - No viable dags retrieved from /opt/airflow/dags/steam_pipeline_dag.py
[2025-08-16T14:06:38.386+0000] {processor.py:183} INFO - Processing /opt/airflow/dags/steam_pipeline_dag.py took 0.119 seconds
[2025-08-16T14:07:09.609+0000] {processor.py:161} INFO - Started process (PID=306) to work on /opt/airflow/dags/steam_pipeline_dag.py
[2025-08-16T14:07:09.611+0000] {processor.py:830} INFO - Processing file /opt/airflow/dags/steam_pipeline_dag.py for tasks to queue
[2025-08-16T14:07:09.613+0000] {logging_mixin.py:188} INFO - [2025-08-16T14:07:09.613+0000] {dagbag.py:545} INFO - Filling up the DagBag from /opt/airflow/dags/steam_pipeline_dag.py
[2025-08-16T14:07:09.684+0000] {logging_mixin.py:188} INFO - [2025-08-16T14:07:09.676+0000] {dagbag.py:355} ERROR - Failed to import: /opt/airflow/dags/steam_pipeline_dag.py
Traceback (most recent call last):
  File "/home/airflow/.local/lib/python3.12/site-packages/airflow/models/dagbag.py", line 351, in parse
    loader.exec_module(new_module)
  File "<frozen importlib._bootstrap_external>", line 995, in exec_module
  File "<frozen importlib._bootstrap>", line 488, in _call_with_frames_removed
  File "/opt/airflow/dags/steam_pipeline_dag.py", line 13, in <module>
    from etl.bronze_extract import extract_app
  File "/opt/airflow/etl/bronze_extract.py", line 3, in <module>
    from tqdm import tqdm
ModuleNotFoundError: No module named 'tqdm'
[2025-08-16T14:07:09.691+0000] {processor.py:842} WARNING - No viable dags retrieved from /opt/airflow/dags/steam_pipeline_dag.py
[2025-08-16T14:07:09.710+0000] {processor.py:183} INFO - Processing /opt/airflow/dags/steam_pipeline_dag.py took 0.108 seconds
[2025-08-16T14:07:40.624+0000] {processor.py:161} INFO - Started process (PID=307) to work on /opt/airflow/dags/steam_pipeline_dag.py
[2025-08-16T14:07:40.625+0000] {processor.py:830} INFO - Processing file /opt/airflow/dags/steam_pipeline_dag.py for tasks to queue
[2025-08-16T14:07:40.628+0000] {logging_mixin.py:188} INFO - [2025-08-16T14:07:40.628+0000] {dagbag.py:545} INFO - Filling up the DagBag from /opt/airflow/dags/steam_pipeline_dag.py
[2025-08-16T14:07:40.702+0000] {logging_mixin.py:188} INFO - [2025-08-16T14:07:40.696+0000] {dagbag.py:355} ERROR - Failed to import: /opt/airflow/dags/steam_pipeline_dag.py
Traceback (most recent call last):
  File "/home/airflow/.local/lib/python3.12/site-packages/airflow/models/dagbag.py", line 351, in parse
    loader.exec_module(new_module)
  File "<frozen importlib._bootstrap_external>", line 995, in exec_module
  File "<frozen importlib._bootstrap>", line 488, in _call_with_frames_removed
  File "/opt/airflow/dags/steam_pipeline_dag.py", line 13, in <module>
    from etl.bronze_extract import extract_app
  File "/opt/airflow/etl/bronze_extract.py", line 3, in <module>
    from tqdm import tqdm
ModuleNotFoundError: No module named 'tqdm'
[2025-08-16T14:07:40.704+0000] {processor.py:842} WARNING - No viable dags retrieved from /opt/airflow/dags/steam_pipeline_dag.py
[2025-08-16T14:07:40.725+0000] {processor.py:183} INFO - Processing /opt/airflow/dags/steam_pipeline_dag.py took 0.111 seconds
[2025-08-16T14:08:11.221+0000] {processor.py:161} INFO - Started process (PID=308) to work on /opt/airflow/dags/steam_pipeline_dag.py
[2025-08-16T14:08:11.222+0000] {processor.py:830} INFO - Processing file /opt/airflow/dags/steam_pipeline_dag.py for tasks to queue
[2025-08-16T14:08:11.224+0000] {logging_mixin.py:188} INFO - [2025-08-16T14:08:11.224+0000] {dagbag.py:545} INFO - Filling up the DagBag from /opt/airflow/dags/steam_pipeline_dag.py
[2025-08-16T14:08:11.289+0000] {logging_mixin.py:188} INFO - [2025-08-16T14:08:11.279+0000] {dagbag.py:355} ERROR - Failed to import: /opt/airflow/dags/steam_pipeline_dag.py
Traceback (most recent call last):
  File "/home/airflow/.local/lib/python3.12/site-packages/airflow/models/dagbag.py", line 351, in parse
    loader.exec_module(new_module)
  File "<frozen importlib._bootstrap_external>", line 995, in exec_module
  File "<frozen importlib._bootstrap>", line 488, in _call_with_frames_removed
  File "/opt/airflow/dags/steam_pipeline_dag.py", line 13, in <module>
    from etl.bronze_extract import extract_app
  File "/opt/airflow/etl/bronze_extract.py", line 3, in <module>
    from tqdm import tqdm
ModuleNotFoundError: No module named 'tqdm'
[2025-08-16T14:08:11.291+0000] {processor.py:842} WARNING - No viable dags retrieved from /opt/airflow/dags/steam_pipeline_dag.py
[2025-08-16T14:08:11.311+0000] {processor.py:183} INFO - Processing /opt/airflow/dags/steam_pipeline_dag.py took 0.096 seconds
[2025-08-16T14:08:42.514+0000] {processor.py:161} INFO - Started process (PID=309) to work on /opt/airflow/dags/steam_pipeline_dag.py
[2025-08-16T14:08:42.515+0000] {processor.py:830} INFO - Processing file /opt/airflow/dags/steam_pipeline_dag.py for tasks to queue
[2025-08-16T14:08:42.518+0000] {logging_mixin.py:188} INFO - [2025-08-16T14:08:42.518+0000] {dagbag.py:545} INFO - Filling up the DagBag from /opt/airflow/dags/steam_pipeline_dag.py
[2025-08-16T14:08:42.565+0000] {logging_mixin.py:188} INFO - [2025-08-16T14:08:42.558+0000] {dagbag.py:355} ERROR - Failed to import: /opt/airflow/dags/steam_pipeline_dag.py
Traceback (most recent call last):
  File "/home/airflow/.local/lib/python3.12/site-packages/airflow/models/dagbag.py", line 351, in parse
    loader.exec_module(new_module)
  File "<frozen importlib._bootstrap_external>", line 995, in exec_module
  File "<frozen importlib._bootstrap>", line 488, in _call_with_frames_removed
  File "/opt/airflow/dags/steam_pipeline_dag.py", line 13, in <module>
    from etl.bronze_extract import extract_app
  File "/opt/airflow/etl/bronze_extract.py", line 3, in <module>
    from tqdm import tqdm
ModuleNotFoundError: No module named 'tqdm'
[2025-08-16T14:08:42.567+0000] {processor.py:842} WARNING - No viable dags retrieved from /opt/airflow/dags/steam_pipeline_dag.py
[2025-08-16T14:08:42.583+0000] {processor.py:183} INFO - Processing /opt/airflow/dags/steam_pipeline_dag.py took 0.077 seconds
[2025-08-16T14:09:12.684+0000] {processor.py:161} INFO - Started process (PID=310) to work on /opt/airflow/dags/steam_pipeline_dag.py
[2025-08-16T14:09:12.685+0000] {processor.py:830} INFO - Processing file /opt/airflow/dags/steam_pipeline_dag.py for tasks to queue
[2025-08-16T14:09:12.687+0000] {logging_mixin.py:188} INFO - [2025-08-16T14:09:12.687+0000] {dagbag.py:545} INFO - Filling up the DagBag from /opt/airflow/dags/steam_pipeline_dag.py
[2025-08-16T14:09:12.739+0000] {logging_mixin.py:188} INFO - [2025-08-16T14:09:12.732+0000] {dagbag.py:355} ERROR - Failed to import: /opt/airflow/dags/steam_pipeline_dag.py
Traceback (most recent call last):
  File "/home/airflow/.local/lib/python3.12/site-packages/airflow/models/dagbag.py", line 351, in parse
    loader.exec_module(new_module)
  File "<frozen importlib._bootstrap_external>", line 995, in exec_module
  File "<frozen importlib._bootstrap>", line 488, in _call_with_frames_removed
  File "/opt/airflow/dags/steam_pipeline_dag.py", line 13, in <module>
    from etl.bronze_extract import extract_app
  File "/opt/airflow/etl/bronze_extract.py", line 3, in <module>
    from tqdm import tqdm
ModuleNotFoundError: No module named 'tqdm'
[2025-08-16T14:09:12.741+0000] {processor.py:842} WARNING - No viable dags retrieved from /opt/airflow/dags/steam_pipeline_dag.py
[2025-08-16T14:09:12.758+0000] {processor.py:183} INFO - Processing /opt/airflow/dags/steam_pipeline_dag.py took 0.083 seconds
[2025-08-16T14:09:42.988+0000] {processor.py:161} INFO - Started process (PID=311) to work on /opt/airflow/dags/steam_pipeline_dag.py
[2025-08-16T14:09:42.990+0000] {processor.py:830} INFO - Processing file /opt/airflow/dags/steam_pipeline_dag.py for tasks to queue
[2025-08-16T14:09:42.992+0000] {logging_mixin.py:188} INFO - [2025-08-16T14:09:42.992+0000] {dagbag.py:545} INFO - Filling up the DagBag from /opt/airflow/dags/steam_pipeline_dag.py
[2025-08-16T14:09:43.072+0000] {logging_mixin.py:188} INFO - [2025-08-16T14:09:43.061+0000] {dagbag.py:355} ERROR - Failed to import: /opt/airflow/dags/steam_pipeline_dag.py
Traceback (most recent call last):
  File "/home/airflow/.local/lib/python3.12/site-packages/airflow/models/dagbag.py", line 351, in parse
    loader.exec_module(new_module)
  File "<frozen importlib._bootstrap_external>", line 995, in exec_module
  File "<frozen importlib._bootstrap>", line 488, in _call_with_frames_removed
  File "/opt/airflow/dags/steam_pipeline_dag.py", line 13, in <module>
    from etl.bronze_extract import extract_app
  File "/opt/airflow/etl/bronze_extract.py", line 3, in <module>
    from tqdm import tqdm
ModuleNotFoundError: No module named 'tqdm'
[2025-08-16T14:09:43.076+0000] {processor.py:842} WARNING - No viable dags retrieved from /opt/airflow/dags/steam_pipeline_dag.py
[2025-08-16T14:09:43.095+0000] {processor.py:183} INFO - Processing /opt/airflow/dags/steam_pipeline_dag.py took 0.117 seconds
[2025-08-16T14:10:13.778+0000] {processor.py:161} INFO - Started process (PID=312) to work on /opt/airflow/dags/steam_pipeline_dag.py
[2025-08-16T14:10:13.780+0000] {processor.py:830} INFO - Processing file /opt/airflow/dags/steam_pipeline_dag.py for tasks to queue
[2025-08-16T14:10:13.782+0000] {logging_mixin.py:188} INFO - [2025-08-16T14:10:13.782+0000] {dagbag.py:545} INFO - Filling up the DagBag from /opt/airflow/dags/steam_pipeline_dag.py
[2025-08-16T14:10:13.844+0000] {logging_mixin.py:188} INFO - [2025-08-16T14:10:13.837+0000] {dagbag.py:355} ERROR - Failed to import: /opt/airflow/dags/steam_pipeline_dag.py
Traceback (most recent call last):
  File "/home/airflow/.local/lib/python3.12/site-packages/airflow/models/dagbag.py", line 351, in parse
    loader.exec_module(new_module)
  File "<frozen importlib._bootstrap_external>", line 995, in exec_module
  File "<frozen importlib._bootstrap>", line 488, in _call_with_frames_removed
  File "/opt/airflow/dags/steam_pipeline_dag.py", line 13, in <module>
    from etl.bronze_extract import extract_app
  File "/opt/airflow/etl/bronze_extract.py", line 3, in <module>
    from tqdm import tqdm
ModuleNotFoundError: No module named 'tqdm'
[2025-08-16T14:10:13.848+0000] {processor.py:842} WARNING - No viable dags retrieved from /opt/airflow/dags/steam_pipeline_dag.py
[2025-08-16T14:10:13.867+0000] {processor.py:183} INFO - Processing /opt/airflow/dags/steam_pipeline_dag.py took 0.094 seconds
[2025-08-16T14:10:44.517+0000] {processor.py:161} INFO - Started process (PID=313) to work on /opt/airflow/dags/steam_pipeline_dag.py
[2025-08-16T14:10:44.518+0000] {processor.py:830} INFO - Processing file /opt/airflow/dags/steam_pipeline_dag.py for tasks to queue
[2025-08-16T14:10:44.521+0000] {logging_mixin.py:188} INFO - [2025-08-16T14:10:44.520+0000] {dagbag.py:545} INFO - Filling up the DagBag from /opt/airflow/dags/steam_pipeline_dag.py
[2025-08-16T14:10:44.565+0000] {logging_mixin.py:188} INFO - [2025-08-16T14:10:44.558+0000] {dagbag.py:355} ERROR - Failed to import: /opt/airflow/dags/steam_pipeline_dag.py
Traceback (most recent call last):
  File "/home/airflow/.local/lib/python3.12/site-packages/airflow/models/dagbag.py", line 351, in parse
    loader.exec_module(new_module)
  File "<frozen importlib._bootstrap_external>", line 995, in exec_module
  File "<frozen importlib._bootstrap>", line 488, in _call_with_frames_removed
  File "/opt/airflow/dags/steam_pipeline_dag.py", line 13, in <module>
    from etl.bronze_extract import extract_app
  File "/opt/airflow/etl/bronze_extract.py", line 3, in <module>
    from tqdm import tqdm
ModuleNotFoundError: No module named 'tqdm'
[2025-08-16T14:10:44.567+0000] {processor.py:842} WARNING - No viable dags retrieved from /opt/airflow/dags/steam_pipeline_dag.py
[2025-08-16T14:10:44.585+0000] {processor.py:183} INFO - Processing /opt/airflow/dags/steam_pipeline_dag.py took 0.075 seconds
[2025-08-16T14:11:15.573+0000] {processor.py:161} INFO - Started process (PID=314) to work on /opt/airflow/dags/steam_pipeline_dag.py
[2025-08-16T14:11:15.575+0000] {processor.py:830} INFO - Processing file /opt/airflow/dags/steam_pipeline_dag.py for tasks to queue
[2025-08-16T14:11:15.577+0000] {logging_mixin.py:188} INFO - [2025-08-16T14:11:15.576+0000] {dagbag.py:545} INFO - Filling up the DagBag from /opt/airflow/dags/steam_pipeline_dag.py
[2025-08-16T14:11:15.647+0000] {logging_mixin.py:188} INFO - [2025-08-16T14:11:15.641+0000] {dagbag.py:355} ERROR - Failed to import: /opt/airflow/dags/steam_pipeline_dag.py
Traceback (most recent call last):
  File "/home/airflow/.local/lib/python3.12/site-packages/airflow/models/dagbag.py", line 351, in parse
    loader.exec_module(new_module)
  File "<frozen importlib._bootstrap_external>", line 995, in exec_module
  File "<frozen importlib._bootstrap>", line 488, in _call_with_frames_removed
  File "/opt/airflow/dags/steam_pipeline_dag.py", line 13, in <module>
    from etl.bronze_extract import extract_app
  File "/opt/airflow/etl/bronze_extract.py", line 3, in <module>
    from tqdm import tqdm
ModuleNotFoundError: No module named 'tqdm'
[2025-08-16T14:11:15.651+0000] {processor.py:842} WARNING - No viable dags retrieved from /opt/airflow/dags/steam_pipeline_dag.py
[2025-08-16T14:11:15.671+0000] {processor.py:183} INFO - Processing /opt/airflow/dags/steam_pipeline_dag.py took 0.103 seconds
[2025-08-16T14:11:46.650+0000] {processor.py:161} INFO - Started process (PID=315) to work on /opt/airflow/dags/steam_pipeline_dag.py
[2025-08-16T14:11:46.651+0000] {processor.py:830} INFO - Processing file /opt/airflow/dags/steam_pipeline_dag.py for tasks to queue
[2025-08-16T14:11:46.653+0000] {logging_mixin.py:188} INFO - [2025-08-16T14:11:46.653+0000] {dagbag.py:545} INFO - Filling up the DagBag from /opt/airflow/dags/steam_pipeline_dag.py
[2025-08-16T14:11:46.749+0000] {logging_mixin.py:188} INFO - [2025-08-16T14:11:46.739+0000] {dagbag.py:355} ERROR - Failed to import: /opt/airflow/dags/steam_pipeline_dag.py
Traceback (most recent call last):
  File "/home/airflow/.local/lib/python3.12/site-packages/airflow/models/dagbag.py", line 351, in parse
    loader.exec_module(new_module)
  File "<frozen importlib._bootstrap_external>", line 995, in exec_module
  File "<frozen importlib._bootstrap>", line 488, in _call_with_frames_removed
  File "/opt/airflow/dags/steam_pipeline_dag.py", line 13, in <module>
    from etl.bronze_extract import extract_app
  File "/opt/airflow/etl/bronze_extract.py", line 3, in <module>
    from tqdm import tqdm
ModuleNotFoundError: No module named 'tqdm'
[2025-08-16T14:11:46.752+0000] {processor.py:842} WARNING - No viable dags retrieved from /opt/airflow/dags/steam_pipeline_dag.py
[2025-08-16T14:11:46.775+0000] {processor.py:183} INFO - Processing /opt/airflow/dags/steam_pipeline_dag.py took 0.133 seconds
[2025-08-16T14:12:17.469+0000] {processor.py:161} INFO - Started process (PID=316) to work on /opt/airflow/dags/steam_pipeline_dag.py
[2025-08-16T14:12:17.470+0000] {processor.py:830} INFO - Processing file /opt/airflow/dags/steam_pipeline_dag.py for tasks to queue
[2025-08-16T14:12:17.473+0000] {logging_mixin.py:188} INFO - [2025-08-16T14:12:17.473+0000] {dagbag.py:545} INFO - Filling up the DagBag from /opt/airflow/dags/steam_pipeline_dag.py
[2025-08-16T14:12:17.552+0000] {logging_mixin.py:188} INFO - [2025-08-16T14:12:17.545+0000] {dagbag.py:355} ERROR - Failed to import: /opt/airflow/dags/steam_pipeline_dag.py
Traceback (most recent call last):
  File "/home/airflow/.local/lib/python3.12/site-packages/airflow/models/dagbag.py", line 351, in parse
    loader.exec_module(new_module)
  File "<frozen importlib._bootstrap_external>", line 995, in exec_module
  File "<frozen importlib._bootstrap>", line 488, in _call_with_frames_removed
  File "/opt/airflow/dags/steam_pipeline_dag.py", line 13, in <module>
    from etl.bronze_extract import extract_app
  File "/opt/airflow/etl/bronze_extract.py", line 3, in <module>
    from tqdm import tqdm
ModuleNotFoundError: No module named 'tqdm'
[2025-08-16T14:12:17.554+0000] {processor.py:842} WARNING - No viable dags retrieved from /opt/airflow/dags/steam_pipeline_dag.py
[2025-08-16T14:12:17.574+0000] {processor.py:183} INFO - Processing /opt/airflow/dags/steam_pipeline_dag.py took 0.119 seconds
[2025-08-16T14:12:48.428+0000] {processor.py:161} INFO - Started process (PID=317) to work on /opt/airflow/dags/steam_pipeline_dag.py
[2025-08-16T14:12:48.429+0000] {processor.py:830} INFO - Processing file /opt/airflow/dags/steam_pipeline_dag.py for tasks to queue
[2025-08-16T14:12:48.435+0000] {logging_mixin.py:188} INFO - [2025-08-16T14:12:48.434+0000] {dagbag.py:545} INFO - Filling up the DagBag from /opt/airflow/dags/steam_pipeline_dag.py
[2025-08-16T14:12:48.517+0000] {logging_mixin.py:188} INFO - [2025-08-16T14:12:48.506+0000] {dagbag.py:355} ERROR - Failed to import: /opt/airflow/dags/steam_pipeline_dag.py
Traceback (most recent call last):
  File "/home/airflow/.local/lib/python3.12/site-packages/airflow/models/dagbag.py", line 351, in parse
    loader.exec_module(new_module)
  File "<frozen importlib._bootstrap_external>", line 995, in exec_module
  File "<frozen importlib._bootstrap>", line 488, in _call_with_frames_removed
  File "/opt/airflow/dags/steam_pipeline_dag.py", line 13, in <module>
    from etl.bronze_extract import extract_app
  File "/opt/airflow/etl/bronze_extract.py", line 3, in <module>
    from tqdm import tqdm
ModuleNotFoundError: No module named 'tqdm'
[2025-08-16T14:12:48.520+0000] {processor.py:842} WARNING - No viable dags retrieved from /opt/airflow/dags/steam_pipeline_dag.py
[2025-08-16T14:12:48.553+0000] {processor.py:183} INFO - Processing /opt/airflow/dags/steam_pipeline_dag.py took 0.132 seconds
[2025-08-16T14:13:29.992+0000] {processor.py:161} INFO - Started process (PID=318) to work on /opt/airflow/dags/steam_pipeline_dag.py
[2025-08-16T14:13:30.007+0000] {processor.py:830} INFO - Processing file /opt/airflow/dags/steam_pipeline_dag.py for tasks to queue
[2025-08-16T14:13:30.023+0000] {logging_mixin.py:188} INFO - [2025-08-16T14:13:30.022+0000] {dagbag.py:545} INFO - Filling up the DagBag from /opt/airflow/dags/steam_pipeline_dag.py
[2025-08-16T14:13:30.425+0000] {logging_mixin.py:188} INFO - [2025-08-16T14:13:30.412+0000] {dagbag.py:355} ERROR - Failed to import: /opt/airflow/dags/steam_pipeline_dag.py
Traceback (most recent call last):
  File "/home/airflow/.local/lib/python3.12/site-packages/airflow/models/dagbag.py", line 351, in parse
    loader.exec_module(new_module)
  File "<frozen importlib._bootstrap_external>", line 995, in exec_module
  File "<frozen importlib._bootstrap>", line 488, in _call_with_frames_removed
  File "/opt/airflow/dags/steam_pipeline_dag.py", line 13, in <module>
    from etl.bronze_extract import extract_app
  File "/opt/airflow/etl/bronze_extract.py", line 3, in <module>
    from tqdm import tqdm
ModuleNotFoundError: No module named 'tqdm'
[2025-08-16T14:13:30.432+0000] {processor.py:842} WARNING - No viable dags retrieved from /opt/airflow/dags/steam_pipeline_dag.py
[2025-08-16T14:13:30.448+0000] {processor.py:183} INFO - Processing /opt/airflow/dags/steam_pipeline_dag.py took 0.468 seconds
[2025-08-16T14:14:01.171+0000] {processor.py:161} INFO - Started process (PID=319) to work on /opt/airflow/dags/steam_pipeline_dag.py
[2025-08-16T14:14:01.172+0000] {processor.py:830} INFO - Processing file /opt/airflow/dags/steam_pipeline_dag.py for tasks to queue
[2025-08-16T14:14:01.174+0000] {logging_mixin.py:188} INFO - [2025-08-16T14:14:01.174+0000] {dagbag.py:545} INFO - Filling up the DagBag from /opt/airflow/dags/steam_pipeline_dag.py
[2025-08-16T14:14:01.240+0000] {logging_mixin.py:188} INFO - [2025-08-16T14:14:01.232+0000] {dagbag.py:355} ERROR - Failed to import: /opt/airflow/dags/steam_pipeline_dag.py
Traceback (most recent call last):
  File "/home/airflow/.local/lib/python3.12/site-packages/airflow/models/dagbag.py", line 351, in parse
    loader.exec_module(new_module)
  File "<frozen importlib._bootstrap_external>", line 995, in exec_module
  File "<frozen importlib._bootstrap>", line 488, in _call_with_frames_removed
  File "/opt/airflow/dags/steam_pipeline_dag.py", line 13, in <module>
    from etl.bronze_extract import extract_app
  File "/opt/airflow/etl/bronze_extract.py", line 3, in <module>
    from tqdm import tqdm
ModuleNotFoundError: No module named 'tqdm'
[2025-08-16T14:14:01.243+0000] {processor.py:842} WARNING - No viable dags retrieved from /opt/airflow/dags/steam_pipeline_dag.py
[2025-08-16T14:14:01.269+0000] {processor.py:183} INFO - Processing /opt/airflow/dags/steam_pipeline_dag.py took 0.110 seconds
[2025-08-16T14:14:32.111+0000] {processor.py:161} INFO - Started process (PID=321) to work on /opt/airflow/dags/steam_pipeline_dag.py
[2025-08-16T14:14:32.113+0000] {processor.py:830} INFO - Processing file /opt/airflow/dags/steam_pipeline_dag.py for tasks to queue
[2025-08-16T14:14:32.116+0000] {logging_mixin.py:188} INFO - [2025-08-16T14:14:32.116+0000] {dagbag.py:545} INFO - Filling up the DagBag from /opt/airflow/dags/steam_pipeline_dag.py
[2025-08-16T14:14:32.203+0000] {logging_mixin.py:188} INFO - [2025-08-16T14:14:32.190+0000] {dagbag.py:355} ERROR - Failed to import: /opt/airflow/dags/steam_pipeline_dag.py
Traceback (most recent call last):
  File "/home/airflow/.local/lib/python3.12/site-packages/airflow/models/dagbag.py", line 351, in parse
    loader.exec_module(new_module)
  File "<frozen importlib._bootstrap_external>", line 995, in exec_module
  File "<frozen importlib._bootstrap>", line 488, in _call_with_frames_removed
  File "/opt/airflow/dags/steam_pipeline_dag.py", line 13, in <module>
    from etl.bronze_extract import extract_app
  File "/opt/airflow/etl/bronze_extract.py", line 3, in <module>
    from tqdm import tqdm
ModuleNotFoundError: No module named 'tqdm'
[2025-08-16T14:14:32.208+0000] {processor.py:842} WARNING - No viable dags retrieved from /opt/airflow/dags/steam_pipeline_dag.py
[2025-08-16T14:14:32.227+0000] {processor.py:183} INFO - Processing /opt/airflow/dags/steam_pipeline_dag.py took 0.128 seconds
[2025-08-16T14:15:02.668+0000] {processor.py:161} INFO - Started process (PID=322) to work on /opt/airflow/dags/steam_pipeline_dag.py
[2025-08-16T14:15:02.669+0000] {processor.py:830} INFO - Processing file /opt/airflow/dags/steam_pipeline_dag.py for tasks to queue
[2025-08-16T14:15:02.673+0000] {logging_mixin.py:188} INFO - [2025-08-16T14:15:02.672+0000] {dagbag.py:545} INFO - Filling up the DagBag from /opt/airflow/dags/steam_pipeline_dag.py
[2025-08-16T14:15:02.730+0000] {logging_mixin.py:188} INFO - [2025-08-16T14:15:02.724+0000] {dagbag.py:355} ERROR - Failed to import: /opt/airflow/dags/steam_pipeline_dag.py
Traceback (most recent call last):
  File "/home/airflow/.local/lib/python3.12/site-packages/airflow/models/dagbag.py", line 351, in parse
    loader.exec_module(new_module)
  File "<frozen importlib._bootstrap_external>", line 995, in exec_module
  File "<frozen importlib._bootstrap>", line 488, in _call_with_frames_removed
  File "/opt/airflow/dags/steam_pipeline_dag.py", line 13, in <module>
    from etl.bronze_extract import extract_app
  File "/opt/airflow/etl/bronze_extract.py", line 3, in <module>
    from tqdm import tqdm
ModuleNotFoundError: No module named 'tqdm'
[2025-08-16T14:15:02.732+0000] {processor.py:842} WARNING - No viable dags retrieved from /opt/airflow/dags/steam_pipeline_dag.py
[2025-08-16T14:15:02.754+0000] {processor.py:183} INFO - Processing /opt/airflow/dags/steam_pipeline_dag.py took 0.094 seconds
[2025-08-16T14:15:33.665+0000] {processor.py:161} INFO - Started process (PID=323) to work on /opt/airflow/dags/steam_pipeline_dag.py
[2025-08-16T14:15:33.666+0000] {processor.py:830} INFO - Processing file /opt/airflow/dags/steam_pipeline_dag.py for tasks to queue
[2025-08-16T14:15:33.669+0000] {logging_mixin.py:188} INFO - [2025-08-16T14:15:33.668+0000] {dagbag.py:545} INFO - Filling up the DagBag from /opt/airflow/dags/steam_pipeline_dag.py
[2025-08-16T14:15:33.728+0000] {logging_mixin.py:188} INFO - [2025-08-16T14:15:33.719+0000] {dagbag.py:355} ERROR - Failed to import: /opt/airflow/dags/steam_pipeline_dag.py
Traceback (most recent call last):
  File "/home/airflow/.local/lib/python3.12/site-packages/airflow/models/dagbag.py", line 351, in parse
    loader.exec_module(new_module)
  File "<frozen importlib._bootstrap_external>", line 995, in exec_module
  File "<frozen importlib._bootstrap>", line 488, in _call_with_frames_removed
  File "/opt/airflow/dags/steam_pipeline_dag.py", line 13, in <module>
    from etl.bronze_extract import extract_app
  File "/opt/airflow/etl/bronze_extract.py", line 3, in <module>
    from tqdm import tqdm
ModuleNotFoundError: No module named 'tqdm'
[2025-08-16T14:15:33.731+0000] {processor.py:842} WARNING - No viable dags retrieved from /opt/airflow/dags/steam_pipeline_dag.py
[2025-08-16T14:15:33.750+0000] {processor.py:183} INFO - Processing /opt/airflow/dags/steam_pipeline_dag.py took 0.094 seconds
[2025-08-16T14:16:04.276+0000] {processor.py:161} INFO - Started process (PID=324) to work on /opt/airflow/dags/steam_pipeline_dag.py
[2025-08-16T14:16:04.277+0000] {processor.py:830} INFO - Processing file /opt/airflow/dags/steam_pipeline_dag.py for tasks to queue
[2025-08-16T14:16:04.279+0000] {logging_mixin.py:188} INFO - [2025-08-16T14:16:04.279+0000] {dagbag.py:545} INFO - Filling up the DagBag from /opt/airflow/dags/steam_pipeline_dag.py
[2025-08-16T14:16:04.444+0000] {logging_mixin.py:188} INFO - [2025-08-16T14:16:04.425+0000] {dagbag.py:355} ERROR - Failed to import: /opt/airflow/dags/steam_pipeline_dag.py
Traceback (most recent call last):
  File "/home/airflow/.local/lib/python3.12/site-packages/airflow/models/dagbag.py", line 351, in parse
    loader.exec_module(new_module)
  File "<frozen importlib._bootstrap_external>", line 995, in exec_module
  File "<frozen importlib._bootstrap>", line 488, in _call_with_frames_removed
  File "/opt/airflow/dags/steam_pipeline_dag.py", line 13, in <module>
    from etl.bronze_extract import extract_app
  File "/opt/airflow/etl/bronze_extract.py", line 3, in <module>
    from tqdm import tqdm
ModuleNotFoundError: No module named 'tqdm'
[2025-08-16T14:16:04.450+0000] {processor.py:842} WARNING - No viable dags retrieved from /opt/airflow/dags/steam_pipeline_dag.py
[2025-08-16T14:16:04.474+0000] {processor.py:183} INFO - Processing /opt/airflow/dags/steam_pipeline_dag.py took 0.208 seconds
[2025-08-16T14:16:35.293+0000] {processor.py:161} INFO - Started process (PID=325) to work on /opt/airflow/dags/steam_pipeline_dag.py
[2025-08-16T14:16:35.294+0000] {processor.py:830} INFO - Processing file /opt/airflow/dags/steam_pipeline_dag.py for tasks to queue
[2025-08-16T14:16:35.297+0000] {logging_mixin.py:188} INFO - [2025-08-16T14:16:35.297+0000] {dagbag.py:545} INFO - Filling up the DagBag from /opt/airflow/dags/steam_pipeline_dag.py
[2025-08-16T14:16:35.376+0000] {logging_mixin.py:188} INFO - [2025-08-16T14:16:35.365+0000] {dagbag.py:355} ERROR - Failed to import: /opt/airflow/dags/steam_pipeline_dag.py
Traceback (most recent call last):
  File "/home/airflow/.local/lib/python3.12/site-packages/airflow/models/dagbag.py", line 351, in parse
    loader.exec_module(new_module)
  File "<frozen importlib._bootstrap_external>", line 995, in exec_module
  File "<frozen importlib._bootstrap>", line 488, in _call_with_frames_removed
  File "/opt/airflow/dags/steam_pipeline_dag.py", line 13, in <module>
    from etl.bronze_extract import extract_app
  File "/opt/airflow/etl/bronze_extract.py", line 3, in <module>
    from tqdm import tqdm
ModuleNotFoundError: No module named 'tqdm'
[2025-08-16T14:16:35.382+0000] {processor.py:842} WARNING - No viable dags retrieved from /opt/airflow/dags/steam_pipeline_dag.py
[2025-08-16T14:16:35.403+0000] {processor.py:183} INFO - Processing /opt/airflow/dags/steam_pipeline_dag.py took 0.117 seconds
[2025-08-16T14:17:06.508+0000] {processor.py:161} INFO - Started process (PID=326) to work on /opt/airflow/dags/steam_pipeline_dag.py
[2025-08-16T14:17:06.510+0000] {processor.py:830} INFO - Processing file /opt/airflow/dags/steam_pipeline_dag.py for tasks to queue
[2025-08-16T14:17:06.512+0000] {logging_mixin.py:188} INFO - [2025-08-16T14:17:06.512+0000] {dagbag.py:545} INFO - Filling up the DagBag from /opt/airflow/dags/steam_pipeline_dag.py
[2025-08-16T14:17:06.569+0000] {logging_mixin.py:188} INFO - [2025-08-16T14:17:06.561+0000] {dagbag.py:355} ERROR - Failed to import: /opt/airflow/dags/steam_pipeline_dag.py
Traceback (most recent call last):
  File "/home/airflow/.local/lib/python3.12/site-packages/airflow/models/dagbag.py", line 351, in parse
    loader.exec_module(new_module)
  File "<frozen importlib._bootstrap_external>", line 995, in exec_module
  File "<frozen importlib._bootstrap>", line 488, in _call_with_frames_removed
  File "/opt/airflow/dags/steam_pipeline_dag.py", line 13, in <module>
    from etl.bronze_extract import extract_app
  File "/opt/airflow/etl/bronze_extract.py", line 3, in <module>
    from tqdm import tqdm
ModuleNotFoundError: No module named 'tqdm'
[2025-08-16T14:17:06.571+0000] {processor.py:842} WARNING - No viable dags retrieved from /opt/airflow/dags/steam_pipeline_dag.py
[2025-08-16T14:17:06.589+0000] {processor.py:183} INFO - Processing /opt/airflow/dags/steam_pipeline_dag.py took 0.089 seconds
[2025-08-16T14:17:37.609+0000] {processor.py:161} INFO - Started process (PID=327) to work on /opt/airflow/dags/steam_pipeline_dag.py
[2025-08-16T14:17:37.610+0000] {processor.py:830} INFO - Processing file /opt/airflow/dags/steam_pipeline_dag.py for tasks to queue
[2025-08-16T14:17:37.612+0000] {logging_mixin.py:188} INFO - [2025-08-16T14:17:37.612+0000] {dagbag.py:545} INFO - Filling up the DagBag from /opt/airflow/dags/steam_pipeline_dag.py
[2025-08-16T14:17:37.658+0000] {logging_mixin.py:188} INFO - [2025-08-16T14:17:37.652+0000] {dagbag.py:355} ERROR - Failed to import: /opt/airflow/dags/steam_pipeline_dag.py
Traceback (most recent call last):
  File "/home/airflow/.local/lib/python3.12/site-packages/airflow/models/dagbag.py", line 351, in parse
    loader.exec_module(new_module)
  File "<frozen importlib._bootstrap_external>", line 995, in exec_module
  File "<frozen importlib._bootstrap>", line 488, in _call_with_frames_removed
  File "/opt/airflow/dags/steam_pipeline_dag.py", line 13, in <module>
    from etl.bronze_extract import extract_app
  File "/opt/airflow/etl/bronze_extract.py", line 3, in <module>
    from tqdm import tqdm
ModuleNotFoundError: No module named 'tqdm'
[2025-08-16T14:17:37.660+0000] {processor.py:842} WARNING - No viable dags retrieved from /opt/airflow/dags/steam_pipeline_dag.py
[2025-08-16T14:17:37.677+0000] {processor.py:183} INFO - Processing /opt/airflow/dags/steam_pipeline_dag.py took 0.074 seconds
[2025-08-16T14:18:08.193+0000] {processor.py:161} INFO - Started process (PID=328) to work on /opt/airflow/dags/steam_pipeline_dag.py
[2025-08-16T14:18:08.194+0000] {processor.py:830} INFO - Processing file /opt/airflow/dags/steam_pipeline_dag.py for tasks to queue
[2025-08-16T14:18:08.196+0000] {logging_mixin.py:188} INFO - [2025-08-16T14:18:08.196+0000] {dagbag.py:545} INFO - Filling up the DagBag from /opt/airflow/dags/steam_pipeline_dag.py
[2025-08-16T14:18:08.260+0000] {logging_mixin.py:188} INFO - [2025-08-16T14:18:08.251+0000] {dagbag.py:355} ERROR - Failed to import: /opt/airflow/dags/steam_pipeline_dag.py
Traceback (most recent call last):
  File "/home/airflow/.local/lib/python3.12/site-packages/airflow/models/dagbag.py", line 351, in parse
    loader.exec_module(new_module)
  File "<frozen importlib._bootstrap_external>", line 995, in exec_module
  File "<frozen importlib._bootstrap>", line 488, in _call_with_frames_removed
  File "/opt/airflow/dags/steam_pipeline_dag.py", line 13, in <module>
    from etl.bronze_extract import extract_app
  File "/opt/airflow/etl/bronze_extract.py", line 3, in <module>
    from tqdm import tqdm
ModuleNotFoundError: No module named 'tqdm'
[2025-08-16T14:18:08.263+0000] {processor.py:842} WARNING - No viable dags retrieved from /opt/airflow/dags/steam_pipeline_dag.py
[2025-08-16T14:18:08.281+0000] {processor.py:183} INFO - Processing /opt/airflow/dags/steam_pipeline_dag.py took 0.095 seconds
[2025-08-16T14:18:38.675+0000] {processor.py:161} INFO - Started process (PID=329) to work on /opt/airflow/dags/steam_pipeline_dag.py
[2025-08-16T14:18:38.676+0000] {processor.py:830} INFO - Processing file /opt/airflow/dags/steam_pipeline_dag.py for tasks to queue
[2025-08-16T14:18:38.679+0000] {logging_mixin.py:188} INFO - [2025-08-16T14:18:38.679+0000] {dagbag.py:545} INFO - Filling up the DagBag from /opt/airflow/dags/steam_pipeline_dag.py
[2025-08-16T14:18:38.768+0000] {logging_mixin.py:188} INFO - [2025-08-16T14:18:38.743+0000] {dagbag.py:355} ERROR - Failed to import: /opt/airflow/dags/steam_pipeline_dag.py
Traceback (most recent call last):
  File "/home/airflow/.local/lib/python3.12/site-packages/airflow/models/dagbag.py", line 351, in parse
    loader.exec_module(new_module)
  File "<frozen importlib._bootstrap_external>", line 995, in exec_module
  File "<frozen importlib._bootstrap>", line 488, in _call_with_frames_removed
  File "/opt/airflow/dags/steam_pipeline_dag.py", line 13, in <module>
    from etl.bronze_extract import extract_app
  File "/opt/airflow/etl/bronze_extract.py", line 3, in <module>
    from tqdm import tqdm
ModuleNotFoundError: No module named 'tqdm'
[2025-08-16T14:18:38.773+0000] {processor.py:842} WARNING - No viable dags retrieved from /opt/airflow/dags/steam_pipeline_dag.py
[2025-08-16T14:18:38.792+0000] {processor.py:183} INFO - Processing /opt/airflow/dags/steam_pipeline_dag.py took 0.128 seconds
[2025-08-16T14:19:09.651+0000] {processor.py:161} INFO - Started process (PID=330) to work on /opt/airflow/dags/steam_pipeline_dag.py
[2025-08-16T14:19:09.653+0000] {processor.py:830} INFO - Processing file /opt/airflow/dags/steam_pipeline_dag.py for tasks to queue
[2025-08-16T14:19:09.655+0000] {logging_mixin.py:188} INFO - [2025-08-16T14:19:09.654+0000] {dagbag.py:545} INFO - Filling up the DagBag from /opt/airflow/dags/steam_pipeline_dag.py
[2025-08-16T14:19:09.707+0000] {logging_mixin.py:188} INFO - [2025-08-16T14:19:09.699+0000] {dagbag.py:355} ERROR - Failed to import: /opt/airflow/dags/steam_pipeline_dag.py
Traceback (most recent call last):
  File "/home/airflow/.local/lib/python3.12/site-packages/airflow/models/dagbag.py", line 351, in parse
    loader.exec_module(new_module)
  File "<frozen importlib._bootstrap_external>", line 995, in exec_module
  File "<frozen importlib._bootstrap>", line 488, in _call_with_frames_removed
  File "/opt/airflow/dags/steam_pipeline_dag.py", line 13, in <module>
    from etl.bronze_extract import extract_app
  File "/opt/airflow/etl/bronze_extract.py", line 3, in <module>
    from tqdm import tqdm
ModuleNotFoundError: No module named 'tqdm'
[2025-08-16T14:19:09.710+0000] {processor.py:842} WARNING - No viable dags retrieved from /opt/airflow/dags/steam_pipeline_dag.py
[2025-08-16T14:19:09.728+0000] {processor.py:183} INFO - Processing /opt/airflow/dags/steam_pipeline_dag.py took 0.083 seconds
[2025-08-16T14:19:40.039+0000] {processor.py:161} INFO - Started process (PID=331) to work on /opt/airflow/dags/steam_pipeline_dag.py
[2025-08-16T14:19:40.040+0000] {processor.py:830} INFO - Processing file /opt/airflow/dags/steam_pipeline_dag.py for tasks to queue
[2025-08-16T14:19:40.042+0000] {logging_mixin.py:188} INFO - [2025-08-16T14:19:40.042+0000] {dagbag.py:545} INFO - Filling up the DagBag from /opt/airflow/dags/steam_pipeline_dag.py
[2025-08-16T14:19:40.134+0000] {logging_mixin.py:188} INFO - [2025-08-16T14:19:40.113+0000] {dagbag.py:355} ERROR - Failed to import: /opt/airflow/dags/steam_pipeline_dag.py
Traceback (most recent call last):
  File "/home/airflow/.local/lib/python3.12/site-packages/airflow/models/dagbag.py", line 351, in parse
    loader.exec_module(new_module)
  File "<frozen importlib._bootstrap_external>", line 995, in exec_module
  File "<frozen importlib._bootstrap>", line 488, in _call_with_frames_removed
  File "/opt/airflow/dags/steam_pipeline_dag.py", line 13, in <module>
    from etl.bronze_extract import extract_app
  File "/opt/airflow/etl/bronze_extract.py", line 3, in <module>
    from tqdm import tqdm
ModuleNotFoundError: No module named 'tqdm'
[2025-08-16T14:19:40.138+0000] {processor.py:842} WARNING - No viable dags retrieved from /opt/airflow/dags/steam_pipeline_dag.py
[2025-08-16T14:19:40.159+0000] {processor.py:183} INFO - Processing /opt/airflow/dags/steam_pipeline_dag.py took 0.129 seconds
[2025-08-16T14:20:11.097+0000] {processor.py:161} INFO - Started process (PID=332) to work on /opt/airflow/dags/steam_pipeline_dag.py
[2025-08-16T14:20:11.098+0000] {processor.py:830} INFO - Processing file /opt/airflow/dags/steam_pipeline_dag.py for tasks to queue
[2025-08-16T14:20:11.100+0000] {logging_mixin.py:188} INFO - [2025-08-16T14:20:11.100+0000] {dagbag.py:545} INFO - Filling up the DagBag from /opt/airflow/dags/steam_pipeline_dag.py
[2025-08-16T14:20:11.150+0000] {logging_mixin.py:188} INFO - [2025-08-16T14:20:11.143+0000] {dagbag.py:355} ERROR - Failed to import: /opt/airflow/dags/steam_pipeline_dag.py
Traceback (most recent call last):
  File "/home/airflow/.local/lib/python3.12/site-packages/airflow/models/dagbag.py", line 351, in parse
    loader.exec_module(new_module)
  File "<frozen importlib._bootstrap_external>", line 995, in exec_module
  File "<frozen importlib._bootstrap>", line 488, in _call_with_frames_removed
  File "/opt/airflow/dags/steam_pipeline_dag.py", line 13, in <module>
    from etl.bronze_extract import extract_app
  File "/opt/airflow/etl/bronze_extract.py", line 3, in <module>
    from tqdm import tqdm
ModuleNotFoundError: No module named 'tqdm'
[2025-08-16T14:20:11.153+0000] {processor.py:842} WARNING - No viable dags retrieved from /opt/airflow/dags/steam_pipeline_dag.py
[2025-08-16T14:20:11.167+0000] {processor.py:183} INFO - Processing /opt/airflow/dags/steam_pipeline_dag.py took 0.075 seconds
[2025-08-16T14:20:42.261+0000] {processor.py:161} INFO - Started process (PID=333) to work on /opt/airflow/dags/steam_pipeline_dag.py
[2025-08-16T14:20:42.262+0000] {processor.py:830} INFO - Processing file /opt/airflow/dags/steam_pipeline_dag.py for tasks to queue
[2025-08-16T14:20:42.264+0000] {logging_mixin.py:188} INFO - [2025-08-16T14:20:42.264+0000] {dagbag.py:545} INFO - Filling up the DagBag from /opt/airflow/dags/steam_pipeline_dag.py
[2025-08-16T14:20:42.318+0000] {logging_mixin.py:188} INFO - [2025-08-16T14:20:42.309+0000] {dagbag.py:355} ERROR - Failed to import: /opt/airflow/dags/steam_pipeline_dag.py
Traceback (most recent call last):
  File "/home/airflow/.local/lib/python3.12/site-packages/airflow/models/dagbag.py", line 351, in parse
    loader.exec_module(new_module)
  File "<frozen importlib._bootstrap_external>", line 995, in exec_module
  File "<frozen importlib._bootstrap>", line 488, in _call_with_frames_removed
  File "/opt/airflow/dags/steam_pipeline_dag.py", line 13, in <module>
    from etl.bronze_extract import extract_app
  File "/opt/airflow/etl/bronze_extract.py", line 3, in <module>
    from tqdm import tqdm
ModuleNotFoundError: No module named 'tqdm'
[2025-08-16T14:20:42.322+0000] {processor.py:842} WARNING - No viable dags retrieved from /opt/airflow/dags/steam_pipeline_dag.py
[2025-08-16T14:20:42.347+0000] {processor.py:183} INFO - Processing /opt/airflow/dags/steam_pipeline_dag.py took 0.092 seconds
[2025-08-16T14:21:13.305+0000] {processor.py:161} INFO - Started process (PID=334) to work on /opt/airflow/dags/steam_pipeline_dag.py
[2025-08-16T14:21:13.307+0000] {processor.py:830} INFO - Processing file /opt/airflow/dags/steam_pipeline_dag.py for tasks to queue
[2025-08-16T14:21:13.308+0000] {logging_mixin.py:188} INFO - [2025-08-16T14:21:13.308+0000] {dagbag.py:545} INFO - Filling up the DagBag from /opt/airflow/dags/steam_pipeline_dag.py
[2025-08-16T14:21:13.356+0000] {logging_mixin.py:188} INFO - [2025-08-16T14:21:13.350+0000] {dagbag.py:355} ERROR - Failed to import: /opt/airflow/dags/steam_pipeline_dag.py
Traceback (most recent call last):
  File "/home/airflow/.local/lib/python3.12/site-packages/airflow/models/dagbag.py", line 351, in parse
    loader.exec_module(new_module)
  File "<frozen importlib._bootstrap_external>", line 995, in exec_module
  File "<frozen importlib._bootstrap>", line 488, in _call_with_frames_removed
  File "/opt/airflow/dags/steam_pipeline_dag.py", line 13, in <module>
    from etl.bronze_extract import extract_app
  File "/opt/airflow/etl/bronze_extract.py", line 3, in <module>
    from tqdm import tqdm
ModuleNotFoundError: No module named 'tqdm'
[2025-08-16T14:21:13.357+0000] {processor.py:842} WARNING - No viable dags retrieved from /opt/airflow/dags/steam_pipeline_dag.py
[2025-08-16T14:21:13.373+0000] {processor.py:183} INFO - Processing /opt/airflow/dags/steam_pipeline_dag.py took 0.076 seconds
[2025-08-16T14:21:43.605+0000] {processor.py:161} INFO - Started process (PID=335) to work on /opt/airflow/dags/steam_pipeline_dag.py
[2025-08-16T14:21:43.606+0000] {processor.py:830} INFO - Processing file /opt/airflow/dags/steam_pipeline_dag.py for tasks to queue
[2025-08-16T14:21:43.609+0000] {logging_mixin.py:188} INFO - [2025-08-16T14:21:43.608+0000] {dagbag.py:545} INFO - Filling up the DagBag from /opt/airflow/dags/steam_pipeline_dag.py
[2025-08-16T14:21:43.683+0000] {logging_mixin.py:188} INFO - [2025-08-16T14:21:43.673+0000] {dagbag.py:355} ERROR - Failed to import: /opt/airflow/dags/steam_pipeline_dag.py
Traceback (most recent call last):
  File "/home/airflow/.local/lib/python3.12/site-packages/airflow/models/dagbag.py", line 351, in parse
    loader.exec_module(new_module)
  File "<frozen importlib._bootstrap_external>", line 995, in exec_module
  File "<frozen importlib._bootstrap>", line 488, in _call_with_frames_removed
  File "/opt/airflow/dags/steam_pipeline_dag.py", line 13, in <module>
    from etl.bronze_extract import extract_app
  File "/opt/airflow/etl/bronze_extract.py", line 3, in <module>
    from tqdm import tqdm
ModuleNotFoundError: No module named 'tqdm'
[2025-08-16T14:21:43.686+0000] {processor.py:842} WARNING - No viable dags retrieved from /opt/airflow/dags/steam_pipeline_dag.py
[2025-08-16T14:21:43.708+0000] {processor.py:183} INFO - Processing /opt/airflow/dags/steam_pipeline_dag.py took 0.110 seconds
[2025-08-16T14:22:14.628+0000] {processor.py:161} INFO - Started process (PID=336) to work on /opt/airflow/dags/steam_pipeline_dag.py
[2025-08-16T14:22:14.630+0000] {processor.py:830} INFO - Processing file /opt/airflow/dags/steam_pipeline_dag.py for tasks to queue
[2025-08-16T14:22:14.633+0000] {logging_mixin.py:188} INFO - [2025-08-16T14:22:14.633+0000] {dagbag.py:545} INFO - Filling up the DagBag from /opt/airflow/dags/steam_pipeline_dag.py
[2025-08-16T14:22:14.727+0000] {logging_mixin.py:188} INFO - [2025-08-16T14:22:14.717+0000] {dagbag.py:355} ERROR - Failed to import: /opt/airflow/dags/steam_pipeline_dag.py
Traceback (most recent call last):
  File "/home/airflow/.local/lib/python3.12/site-packages/airflow/models/dagbag.py", line 351, in parse
    loader.exec_module(new_module)
  File "<frozen importlib._bootstrap_external>", line 995, in exec_module
  File "<frozen importlib._bootstrap>", line 488, in _call_with_frames_removed
  File "/opt/airflow/dags/steam_pipeline_dag.py", line 13, in <module>
    from etl.bronze_extract import extract_app
  File "/opt/airflow/etl/bronze_extract.py", line 3, in <module>
    from tqdm import tqdm
ModuleNotFoundError: No module named 'tqdm'
[2025-08-16T14:22:14.731+0000] {processor.py:842} WARNING - No viable dags retrieved from /opt/airflow/dags/steam_pipeline_dag.py
[2025-08-16T14:22:14.751+0000] {processor.py:183} INFO - Processing /opt/airflow/dags/steam_pipeline_dag.py took 0.132 seconds
[2025-08-16T14:22:45.595+0000] {processor.py:161} INFO - Started process (PID=337) to work on /opt/airflow/dags/steam_pipeline_dag.py
[2025-08-16T14:22:45.597+0000] {processor.py:830} INFO - Processing file /opt/airflow/dags/steam_pipeline_dag.py for tasks to queue
[2025-08-16T14:22:45.602+0000] {logging_mixin.py:188} INFO - [2025-08-16T14:22:45.601+0000] {dagbag.py:545} INFO - Filling up the DagBag from /opt/airflow/dags/steam_pipeline_dag.py
[2025-08-16T14:22:45.701+0000] {logging_mixin.py:188} INFO - [2025-08-16T14:22:45.691+0000] {dagbag.py:355} ERROR - Failed to import: /opt/airflow/dags/steam_pipeline_dag.py
Traceback (most recent call last):
  File "/home/airflow/.local/lib/python3.12/site-packages/airflow/models/dagbag.py", line 351, in parse
    loader.exec_module(new_module)
  File "<frozen importlib._bootstrap_external>", line 995, in exec_module
  File "<frozen importlib._bootstrap>", line 488, in _call_with_frames_removed
  File "/opt/airflow/dags/steam_pipeline_dag.py", line 13, in <module>
    from etl.bronze_extract import extract_app
  File "/opt/airflow/etl/bronze_extract.py", line 3, in <module>
    from tqdm import tqdm
ModuleNotFoundError: No module named 'tqdm'
[2025-08-16T14:22:45.705+0000] {processor.py:842} WARNING - No viable dags retrieved from /opt/airflow/dags/steam_pipeline_dag.py
[2025-08-16T14:22:45.722+0000] {processor.py:183} INFO - Processing /opt/airflow/dags/steam_pipeline_dag.py took 0.136 seconds
[2025-08-16T14:23:16.143+0000] {processor.py:161} INFO - Started process (PID=338) to work on /opt/airflow/dags/steam_pipeline_dag.py
[2025-08-16T14:23:16.145+0000] {processor.py:830} INFO - Processing file /opt/airflow/dags/steam_pipeline_dag.py for tasks to queue
[2025-08-16T14:23:16.147+0000] {logging_mixin.py:188} INFO - [2025-08-16T14:23:16.147+0000] {dagbag.py:545} INFO - Filling up the DagBag from /opt/airflow/dags/steam_pipeline_dag.py
[2025-08-16T14:23:16.206+0000] {logging_mixin.py:188} INFO - [2025-08-16T14:23:16.197+0000] {dagbag.py:355} ERROR - Failed to import: /opt/airflow/dags/steam_pipeline_dag.py
Traceback (most recent call last):
  File "/home/airflow/.local/lib/python3.12/site-packages/airflow/models/dagbag.py", line 351, in parse
    loader.exec_module(new_module)
  File "<frozen importlib._bootstrap_external>", line 995, in exec_module
  File "<frozen importlib._bootstrap>", line 488, in _call_with_frames_removed
  File "/opt/airflow/dags/steam_pipeline_dag.py", line 13, in <module>
    from etl.bronze_extract import extract_app
  File "/opt/airflow/etl/bronze_extract.py", line 3, in <module>
    from tqdm import tqdm
ModuleNotFoundError: No module named 'tqdm'
[2025-08-16T14:23:16.209+0000] {processor.py:842} WARNING - No viable dags retrieved from /opt/airflow/dags/steam_pipeline_dag.py
[2025-08-16T14:23:16.228+0000] {processor.py:183} INFO - Processing /opt/airflow/dags/steam_pipeline_dag.py took 0.099 seconds
[2025-08-16T14:23:46.759+0000] {processor.py:161} INFO - Started process (PID=339) to work on /opt/airflow/dags/steam_pipeline_dag.py
[2025-08-16T14:23:46.762+0000] {processor.py:830} INFO - Processing file /opt/airflow/dags/steam_pipeline_dag.py for tasks to queue
[2025-08-16T14:23:46.765+0000] {logging_mixin.py:188} INFO - [2025-08-16T14:23:46.764+0000] {dagbag.py:545} INFO - Filling up the DagBag from /opt/airflow/dags/steam_pipeline_dag.py
[2025-08-16T14:23:46.850+0000] {logging_mixin.py:188} INFO - [2025-08-16T14:23:46.841+0000] {dagbag.py:355} ERROR - Failed to import: /opt/airflow/dags/steam_pipeline_dag.py
Traceback (most recent call last):
  File "/home/airflow/.local/lib/python3.12/site-packages/airflow/models/dagbag.py", line 351, in parse
    loader.exec_module(new_module)
  File "<frozen importlib._bootstrap_external>", line 995, in exec_module
  File "<frozen importlib._bootstrap>", line 488, in _call_with_frames_removed
  File "/opt/airflow/dags/steam_pipeline_dag.py", line 13, in <module>
    from etl.bronze_extract import extract_app
  File "/opt/airflow/etl/bronze_extract.py", line 3, in <module>
    from tqdm import tqdm
ModuleNotFoundError: No module named 'tqdm'
[2025-08-16T14:23:46.853+0000] {processor.py:842} WARNING - No viable dags retrieved from /opt/airflow/dags/steam_pipeline_dag.py
[2025-08-16T14:23:46.873+0000] {processor.py:183} INFO - Processing /opt/airflow/dags/steam_pipeline_dag.py took 0.122 seconds
[2025-08-16T14:24:17.797+0000] {processor.py:161} INFO - Started process (PID=340) to work on /opt/airflow/dags/steam_pipeline_dag.py
[2025-08-16T14:24:17.799+0000] {processor.py:830} INFO - Processing file /opt/airflow/dags/steam_pipeline_dag.py for tasks to queue
[2025-08-16T14:24:17.802+0000] {logging_mixin.py:188} INFO - [2025-08-16T14:24:17.801+0000] {dagbag.py:545} INFO - Filling up the DagBag from /opt/airflow/dags/steam_pipeline_dag.py
[2025-08-16T14:24:17.858+0000] {logging_mixin.py:188} INFO - [2025-08-16T14:24:17.852+0000] {dagbag.py:355} ERROR - Failed to import: /opt/airflow/dags/steam_pipeline_dag.py
Traceback (most recent call last):
  File "/home/airflow/.local/lib/python3.12/site-packages/airflow/models/dagbag.py", line 351, in parse
    loader.exec_module(new_module)
  File "<frozen importlib._bootstrap_external>", line 995, in exec_module
  File "<frozen importlib._bootstrap>", line 488, in _call_with_frames_removed
  File "/opt/airflow/dags/steam_pipeline_dag.py", line 13, in <module>
    from etl.bronze_extract import extract_app
  File "/opt/airflow/etl/bronze_extract.py", line 3, in <module>
    from tqdm import tqdm
ModuleNotFoundError: No module named 'tqdm'
[2025-08-16T14:24:17.861+0000] {processor.py:842} WARNING - No viable dags retrieved from /opt/airflow/dags/steam_pipeline_dag.py
[2025-08-16T14:24:17.878+0000] {processor.py:183} INFO - Processing /opt/airflow/dags/steam_pipeline_dag.py took 0.089 seconds
[2025-08-16T14:24:48.782+0000] {processor.py:161} INFO - Started process (PID=341) to work on /opt/airflow/dags/steam_pipeline_dag.py
[2025-08-16T14:24:48.783+0000] {processor.py:830} INFO - Processing file /opt/airflow/dags/steam_pipeline_dag.py for tasks to queue
[2025-08-16T14:24:48.786+0000] {logging_mixin.py:188} INFO - [2025-08-16T14:24:48.785+0000] {dagbag.py:545} INFO - Filling up the DagBag from /opt/airflow/dags/steam_pipeline_dag.py
[2025-08-16T14:24:48.876+0000] {logging_mixin.py:188} INFO - [2025-08-16T14:24:48.858+0000] {dagbag.py:355} ERROR - Failed to import: /opt/airflow/dags/steam_pipeline_dag.py
Traceback (most recent call last):
  File "/home/airflow/.local/lib/python3.12/site-packages/airflow/models/dagbag.py", line 351, in parse
    loader.exec_module(new_module)
  File "<frozen importlib._bootstrap_external>", line 995, in exec_module
  File "<frozen importlib._bootstrap>", line 488, in _call_with_frames_removed
  File "/opt/airflow/dags/steam_pipeline_dag.py", line 13, in <module>
    from etl.bronze_extract import extract_app
  File "/opt/airflow/etl/bronze_extract.py", line 3, in <module>
    from tqdm import tqdm
ModuleNotFoundError: No module named 'tqdm'
[2025-08-16T14:24:48.881+0000] {processor.py:842} WARNING - No viable dags retrieved from /opt/airflow/dags/steam_pipeline_dag.py
[2025-08-16T14:24:48.905+0000] {processor.py:183} INFO - Processing /opt/airflow/dags/steam_pipeline_dag.py took 0.129 seconds
[2025-08-16T14:25:19.101+0000] {processor.py:161} INFO - Started process (PID=342) to work on /opt/airflow/dags/steam_pipeline_dag.py
[2025-08-16T14:25:19.102+0000] {processor.py:830} INFO - Processing file /opt/airflow/dags/steam_pipeline_dag.py for tasks to queue
[2025-08-16T14:25:19.106+0000] {logging_mixin.py:188} INFO - [2025-08-16T14:25:19.105+0000] {dagbag.py:545} INFO - Filling up the DagBag from /opt/airflow/dags/steam_pipeline_dag.py
[2025-08-16T14:25:19.157+0000] {logging_mixin.py:188} INFO - [2025-08-16T14:25:19.151+0000] {dagbag.py:355} ERROR - Failed to import: /opt/airflow/dags/steam_pipeline_dag.py
Traceback (most recent call last):
  File "/home/airflow/.local/lib/python3.12/site-packages/airflow/models/dagbag.py", line 351, in parse
    loader.exec_module(new_module)
  File "<frozen importlib._bootstrap_external>", line 995, in exec_module
  File "<frozen importlib._bootstrap>", line 488, in _call_with_frames_removed
  File "/opt/airflow/dags/steam_pipeline_dag.py", line 13, in <module>
    from etl.bronze_extract import extract_app
  File "/opt/airflow/etl/bronze_extract.py", line 3, in <module>
    from tqdm import tqdm
ModuleNotFoundError: No module named 'tqdm'
[2025-08-16T14:25:19.159+0000] {processor.py:842} WARNING - No viable dags retrieved from /opt/airflow/dags/steam_pipeline_dag.py
[2025-08-16T14:25:19.183+0000] {processor.py:183} INFO - Processing /opt/airflow/dags/steam_pipeline_dag.py took 0.088 seconds
[2025-08-16T14:25:49.502+0000] {processor.py:161} INFO - Started process (PID=343) to work on /opt/airflow/dags/steam_pipeline_dag.py
[2025-08-16T14:25:49.505+0000] {processor.py:830} INFO - Processing file /opt/airflow/dags/steam_pipeline_dag.py for tasks to queue
[2025-08-16T14:25:49.509+0000] {logging_mixin.py:188} INFO - [2025-08-16T14:25:49.508+0000] {dagbag.py:545} INFO - Filling up the DagBag from /opt/airflow/dags/steam_pipeline_dag.py
[2025-08-16T14:25:49.615+0000] {logging_mixin.py:188} INFO - [2025-08-16T14:25:49.605+0000] {dagbag.py:355} ERROR - Failed to import: /opt/airflow/dags/steam_pipeline_dag.py
Traceback (most recent call last):
  File "/home/airflow/.local/lib/python3.12/site-packages/airflow/models/dagbag.py", line 351, in parse
    loader.exec_module(new_module)
  File "<frozen importlib._bootstrap_external>", line 995, in exec_module
  File "<frozen importlib._bootstrap>", line 488, in _call_with_frames_removed
  File "/opt/airflow/dags/steam_pipeline_dag.py", line 13, in <module>
    from etl.bronze_extract import extract_app
  File "/opt/airflow/etl/bronze_extract.py", line 3, in <module>
    from tqdm import tqdm
ModuleNotFoundError: No module named 'tqdm'
[2025-08-16T14:25:49.619+0000] {processor.py:842} WARNING - No viable dags retrieved from /opt/airflow/dags/steam_pipeline_dag.py
[2025-08-16T14:25:49.638+0000] {processor.py:183} INFO - Processing /opt/airflow/dags/steam_pipeline_dag.py took 0.148 seconds
[2025-08-16T14:26:20.423+0000] {processor.py:161} INFO - Started process (PID=344) to work on /opt/airflow/dags/steam_pipeline_dag.py
[2025-08-16T14:26:20.424+0000] {processor.py:830} INFO - Processing file /opt/airflow/dags/steam_pipeline_dag.py for tasks to queue
[2025-08-16T14:26:20.426+0000] {logging_mixin.py:188} INFO - [2025-08-16T14:26:20.426+0000] {dagbag.py:545} INFO - Filling up the DagBag from /opt/airflow/dags/steam_pipeline_dag.py
[2025-08-16T14:26:20.474+0000] {logging_mixin.py:188} INFO - [2025-08-16T14:26:20.467+0000] {dagbag.py:355} ERROR - Failed to import: /opt/airflow/dags/steam_pipeline_dag.py
Traceback (most recent call last):
  File "/home/airflow/.local/lib/python3.12/site-packages/airflow/models/dagbag.py", line 351, in parse
    loader.exec_module(new_module)
  File "<frozen importlib._bootstrap_external>", line 995, in exec_module
  File "<frozen importlib._bootstrap>", line 488, in _call_with_frames_removed
  File "/opt/airflow/dags/steam_pipeline_dag.py", line 13, in <module>
    from etl.bronze_extract import extract_app
  File "/opt/airflow/etl/bronze_extract.py", line 3, in <module>
    from tqdm import tqdm
ModuleNotFoundError: No module named 'tqdm'
[2025-08-16T14:26:20.476+0000] {processor.py:842} WARNING - No viable dags retrieved from /opt/airflow/dags/steam_pipeline_dag.py
[2025-08-16T14:26:20.491+0000] {processor.py:183} INFO - Processing /opt/airflow/dags/steam_pipeline_dag.py took 0.077 seconds
[2025-08-16T14:26:51.318+0000] {processor.py:161} INFO - Started process (PID=345) to work on /opt/airflow/dags/steam_pipeline_dag.py
[2025-08-16T14:26:51.320+0000] {processor.py:830} INFO - Processing file /opt/airflow/dags/steam_pipeline_dag.py for tasks to queue
[2025-08-16T14:26:51.322+0000] {logging_mixin.py:188} INFO - [2025-08-16T14:26:51.321+0000] {dagbag.py:545} INFO - Filling up the DagBag from /opt/airflow/dags/steam_pipeline_dag.py
[2025-08-16T14:26:51.376+0000] {logging_mixin.py:188} INFO - [2025-08-16T14:26:51.369+0000] {dagbag.py:355} ERROR - Failed to import: /opt/airflow/dags/steam_pipeline_dag.py
Traceback (most recent call last):
  File "/home/airflow/.local/lib/python3.12/site-packages/airflow/models/dagbag.py", line 351, in parse
    loader.exec_module(new_module)
  File "<frozen importlib._bootstrap_external>", line 995, in exec_module
  File "<frozen importlib._bootstrap>", line 488, in _call_with_frames_removed
  File "/opt/airflow/dags/steam_pipeline_dag.py", line 13, in <module>
    from etl.bronze_extract import extract_app
  File "/opt/airflow/etl/bronze_extract.py", line 3, in <module>
    from tqdm import tqdm
ModuleNotFoundError: No module named 'tqdm'
[2025-08-16T14:26:51.379+0000] {processor.py:842} WARNING - No viable dags retrieved from /opt/airflow/dags/steam_pipeline_dag.py
[2025-08-16T14:26:51.398+0000] {processor.py:183} INFO - Processing /opt/airflow/dags/steam_pipeline_dag.py took 0.085 seconds
[2025-08-16T14:27:21.656+0000] {processor.py:161} INFO - Started process (PID=346) to work on /opt/airflow/dags/steam_pipeline_dag.py
[2025-08-16T14:27:21.657+0000] {processor.py:830} INFO - Processing file /opt/airflow/dags/steam_pipeline_dag.py for tasks to queue
[2025-08-16T14:27:21.660+0000] {logging_mixin.py:188} INFO - [2025-08-16T14:27:21.660+0000] {dagbag.py:545} INFO - Filling up the DagBag from /opt/airflow/dags/steam_pipeline_dag.py
[2025-08-16T14:27:21.730+0000] {logging_mixin.py:188} INFO - [2025-08-16T14:27:21.722+0000] {dagbag.py:355} ERROR - Failed to import: /opt/airflow/dags/steam_pipeline_dag.py
Traceback (most recent call last):
  File "/home/airflow/.local/lib/python3.12/site-packages/airflow/models/dagbag.py", line 351, in parse
    loader.exec_module(new_module)
  File "<frozen importlib._bootstrap_external>", line 995, in exec_module
  File "<frozen importlib._bootstrap>", line 488, in _call_with_frames_removed
  File "/opt/airflow/dags/steam_pipeline_dag.py", line 13, in <module>
    from etl.bronze_extract import extract_app
  File "/opt/airflow/etl/bronze_extract.py", line 3, in <module>
    from tqdm import tqdm
ModuleNotFoundError: No module named 'tqdm'
[2025-08-16T14:27:21.732+0000] {processor.py:842} WARNING - No viable dags retrieved from /opt/airflow/dags/steam_pipeline_dag.py
[2025-08-16T14:27:21.756+0000] {processor.py:183} INFO - Processing /opt/airflow/dags/steam_pipeline_dag.py took 0.109 seconds
[2025-08-16T14:27:51.993+0000] {processor.py:161} INFO - Started process (PID=347) to work on /opt/airflow/dags/steam_pipeline_dag.py
[2025-08-16T14:27:52.009+0000] {processor.py:830} INFO - Processing file /opt/airflow/dags/steam_pipeline_dag.py for tasks to queue
[2025-08-16T14:27:52.014+0000] {logging_mixin.py:188} INFO - [2025-08-16T14:27:52.012+0000] {dagbag.py:545} INFO - Filling up the DagBag from /opt/airflow/dags/steam_pipeline_dag.py
[2025-08-16T14:27:49.838+0000] {logging_mixin.py:188} INFO - [2025-08-16T14:27:49.826+0000] {dagbag.py:355} ERROR - Failed to import: /opt/airflow/dags/steam_pipeline_dag.py
Traceback (most recent call last):
  File "/home/airflow/.local/lib/python3.12/site-packages/airflow/models/dagbag.py", line 351, in parse
    loader.exec_module(new_module)
  File "<frozen importlib._bootstrap_external>", line 995, in exec_module
  File "<frozen importlib._bootstrap>", line 488, in _call_with_frames_removed
  File "/opt/airflow/dags/steam_pipeline_dag.py", line 13, in <module>
    from etl.bronze_extract import extract_app
  File "/opt/airflow/etl/bronze_extract.py", line 3, in <module>
    from tqdm import tqdm
ModuleNotFoundError: No module named 'tqdm'
[2025-08-16T14:27:49.842+0000] {processor.py:842} WARNING - No viable dags retrieved from /opt/airflow/dags/steam_pipeline_dag.py
[2025-08-16T14:27:49.867+0000] {processor.py:183} INFO - Processing /opt/airflow/dags/steam_pipeline_dag.py took 0.183 seconds
[2025-08-16T14:28:20.500+0000] {processor.py:161} INFO - Started process (PID=348) to work on /opt/airflow/dags/steam_pipeline_dag.py
[2025-08-16T14:28:20.503+0000] {processor.py:830} INFO - Processing file /opt/airflow/dags/steam_pipeline_dag.py for tasks to queue
[2025-08-16T14:28:20.506+0000] {logging_mixin.py:188} INFO - [2025-08-16T14:28:20.506+0000] {dagbag.py:545} INFO - Filling up the DagBag from /opt/airflow/dags/steam_pipeline_dag.py
[2025-08-16T14:28:20.565+0000] {logging_mixin.py:188} INFO - [2025-08-16T14:28:20.557+0000] {dagbag.py:355} ERROR - Failed to import: /opt/airflow/dags/steam_pipeline_dag.py
Traceback (most recent call last):
  File "/home/airflow/.local/lib/python3.12/site-packages/airflow/models/dagbag.py", line 351, in parse
    loader.exec_module(new_module)
  File "<frozen importlib._bootstrap_external>", line 995, in exec_module
  File "<frozen importlib._bootstrap>", line 488, in _call_with_frames_removed
  File "/opt/airflow/dags/steam_pipeline_dag.py", line 13, in <module>
    from etl.bronze_extract import extract_app
  File "/opt/airflow/etl/bronze_extract.py", line 3, in <module>
    from tqdm import tqdm
ModuleNotFoundError: No module named 'tqdm'
[2025-08-16T14:28:20.568+0000] {processor.py:842} WARNING - No viable dags retrieved from /opt/airflow/dags/steam_pipeline_dag.py
[2025-08-16T14:28:20.593+0000] {processor.py:183} INFO - Processing /opt/airflow/dags/steam_pipeline_dag.py took 0.103 seconds
[2025-08-16T14:28:51.023+0000] {processor.py:161} INFO - Started process (PID=349) to work on /opt/airflow/dags/steam_pipeline_dag.py
[2025-08-16T14:28:51.024+0000] {processor.py:830} INFO - Processing file /opt/airflow/dags/steam_pipeline_dag.py for tasks to queue
[2025-08-16T14:28:51.026+0000] {logging_mixin.py:188} INFO - [2025-08-16T14:28:51.026+0000] {dagbag.py:545} INFO - Filling up the DagBag from /opt/airflow/dags/steam_pipeline_dag.py
[2025-08-16T14:28:51.077+0000] {logging_mixin.py:188} INFO - [2025-08-16T14:28:51.070+0000] {dagbag.py:355} ERROR - Failed to import: /opt/airflow/dags/steam_pipeline_dag.py
Traceback (most recent call last):
  File "/home/airflow/.local/lib/python3.12/site-packages/airflow/models/dagbag.py", line 351, in parse
    loader.exec_module(new_module)
  File "<frozen importlib._bootstrap_external>", line 995, in exec_module
  File "<frozen importlib._bootstrap>", line 488, in _call_with_frames_removed
  File "/opt/airflow/dags/steam_pipeline_dag.py", line 13, in <module>
    from etl.bronze_extract import extract_app
  File "/opt/airflow/etl/bronze_extract.py", line 3, in <module>
    from tqdm import tqdm
ModuleNotFoundError: No module named 'tqdm'
[2025-08-16T14:28:51.080+0000] {processor.py:842} WARNING - No viable dags retrieved from /opt/airflow/dags/steam_pipeline_dag.py
[2025-08-16T14:28:51.100+0000] {processor.py:183} INFO - Processing /opt/airflow/dags/steam_pipeline_dag.py took 0.083 seconds
[2025-08-16T14:29:21.618+0000] {processor.py:161} INFO - Started process (PID=350) to work on /opt/airflow/dags/steam_pipeline_dag.py
[2025-08-16T14:29:21.620+0000] {processor.py:830} INFO - Processing file /opt/airflow/dags/steam_pipeline_dag.py for tasks to queue
[2025-08-16T14:29:21.623+0000] {logging_mixin.py:188} INFO - [2025-08-16T14:29:21.622+0000] {dagbag.py:545} INFO - Filling up the DagBag from /opt/airflow/dags/steam_pipeline_dag.py
[2025-08-16T14:29:21.688+0000] {logging_mixin.py:188} INFO - [2025-08-16T14:29:21.681+0000] {dagbag.py:355} ERROR - Failed to import: /opt/airflow/dags/steam_pipeline_dag.py
Traceback (most recent call last):
  File "/home/airflow/.local/lib/python3.12/site-packages/airflow/models/dagbag.py", line 351, in parse
    loader.exec_module(new_module)
  File "<frozen importlib._bootstrap_external>", line 995, in exec_module
  File "<frozen importlib._bootstrap>", line 488, in _call_with_frames_removed
  File "/opt/airflow/dags/steam_pipeline_dag.py", line 13, in <module>
    from etl.bronze_extract import extract_app
  File "/opt/airflow/etl/bronze_extract.py", line 3, in <module>
    from tqdm import tqdm
ModuleNotFoundError: No module named 'tqdm'
[2025-08-16T14:29:21.691+0000] {processor.py:842} WARNING - No viable dags retrieved from /opt/airflow/dags/steam_pipeline_dag.py
[2025-08-16T14:29:21.711+0000] {processor.py:183} INFO - Processing /opt/airflow/dags/steam_pipeline_dag.py took 0.100 seconds
[2025-08-16T14:29:52.029+0000] {processor.py:161} INFO - Started process (PID=351) to work on /opt/airflow/dags/steam_pipeline_dag.py
[2025-08-16T14:29:52.030+0000] {processor.py:830} INFO - Processing file /opt/airflow/dags/steam_pipeline_dag.py for tasks to queue
[2025-08-16T14:29:52.032+0000] {logging_mixin.py:188} INFO - [2025-08-16T14:29:52.032+0000] {dagbag.py:545} INFO - Filling up the DagBag from /opt/airflow/dags/steam_pipeline_dag.py
[2025-08-16T14:29:52.162+0000] {logging_mixin.py:188} INFO - [2025-08-16T14:29:52.142+0000] {dagbag.py:355} ERROR - Failed to import: /opt/airflow/dags/steam_pipeline_dag.py
Traceback (most recent call last):
  File "/home/airflow/.local/lib/python3.12/site-packages/airflow/models/dagbag.py", line 351, in parse
    loader.exec_module(new_module)
  File "<frozen importlib._bootstrap_external>", line 995, in exec_module
  File "<frozen importlib._bootstrap>", line 488, in _call_with_frames_removed
  File "/opt/airflow/dags/steam_pipeline_dag.py", line 13, in <module>
    from etl.bronze_extract import extract_app
  File "/opt/airflow/etl/bronze_extract.py", line 3, in <module>
    from tqdm import tqdm
ModuleNotFoundError: No module named 'tqdm'
[2025-08-16T14:29:52.169+0000] {processor.py:842} WARNING - No viable dags retrieved from /opt/airflow/dags/steam_pipeline_dag.py
[2025-08-16T14:29:52.191+0000] {processor.py:183} INFO - Processing /opt/airflow/dags/steam_pipeline_dag.py took 0.168 seconds
[2025-08-16T14:30:23.066+0000] {processor.py:161} INFO - Started process (PID=352) to work on /opt/airflow/dags/steam_pipeline_dag.py
[2025-08-16T14:30:23.068+0000] {processor.py:830} INFO - Processing file /opt/airflow/dags/steam_pipeline_dag.py for tasks to queue
[2025-08-16T14:30:23.070+0000] {logging_mixin.py:188} INFO - [2025-08-16T14:30:23.069+0000] {dagbag.py:545} INFO - Filling up the DagBag from /opt/airflow/dags/steam_pipeline_dag.py
[2025-08-16T14:30:23.135+0000] {logging_mixin.py:188} INFO - [2025-08-16T14:30:23.125+0000] {dagbag.py:355} ERROR - Failed to import: /opt/airflow/dags/steam_pipeline_dag.py
Traceback (most recent call last):
  File "/home/airflow/.local/lib/python3.12/site-packages/airflow/models/dagbag.py", line 351, in parse
    loader.exec_module(new_module)
  File "<frozen importlib._bootstrap_external>", line 995, in exec_module
  File "<frozen importlib._bootstrap>", line 488, in _call_with_frames_removed
  File "/opt/airflow/dags/steam_pipeline_dag.py", line 13, in <module>
    from etl.bronze_extract import extract_app
  File "/opt/airflow/etl/bronze_extract.py", line 3, in <module>
    from tqdm import tqdm
ModuleNotFoundError: No module named 'tqdm'
[2025-08-16T14:30:23.138+0000] {processor.py:842} WARNING - No viable dags retrieved from /opt/airflow/dags/steam_pipeline_dag.py
[2025-08-16T14:30:23.157+0000] {processor.py:183} INFO - Processing /opt/airflow/dags/steam_pipeline_dag.py took 0.100 seconds
[2025-08-16T14:30:53.434+0000] {processor.py:161} INFO - Started process (PID=353) to work on /opt/airflow/dags/steam_pipeline_dag.py
[2025-08-16T14:30:53.436+0000] {processor.py:830} INFO - Processing file /opt/airflow/dags/steam_pipeline_dag.py for tasks to queue
[2025-08-16T14:30:53.438+0000] {logging_mixin.py:188} INFO - [2025-08-16T14:30:53.437+0000] {dagbag.py:545} INFO - Filling up the DagBag from /opt/airflow/dags/steam_pipeline_dag.py
[2025-08-16T14:30:53.503+0000] {logging_mixin.py:188} INFO - [2025-08-16T14:30:53.492+0000] {dagbag.py:355} ERROR - Failed to import: /opt/airflow/dags/steam_pipeline_dag.py
Traceback (most recent call last):
  File "/home/airflow/.local/lib/python3.12/site-packages/airflow/models/dagbag.py", line 351, in parse
    loader.exec_module(new_module)
  File "<frozen importlib._bootstrap_external>", line 995, in exec_module
  File "<frozen importlib._bootstrap>", line 488, in _call_with_frames_removed
  File "/opt/airflow/dags/steam_pipeline_dag.py", line 13, in <module>
    from etl.bronze_extract import extract_app
  File "/opt/airflow/etl/bronze_extract.py", line 3, in <module>
    from tqdm import tqdm
ModuleNotFoundError: No module named 'tqdm'
[2025-08-16T14:30:53.507+0000] {processor.py:842} WARNING - No viable dags retrieved from /opt/airflow/dags/steam_pipeline_dag.py
[2025-08-16T14:30:53.528+0000] {processor.py:183} INFO - Processing /opt/airflow/dags/steam_pipeline_dag.py took 0.100 seconds
[2025-08-16T14:31:23.764+0000] {processor.py:161} INFO - Started process (PID=354) to work on /opt/airflow/dags/steam_pipeline_dag.py
[2025-08-16T14:31:23.766+0000] {processor.py:830} INFO - Processing file /opt/airflow/dags/steam_pipeline_dag.py for tasks to queue
[2025-08-16T14:31:23.770+0000] {logging_mixin.py:188} INFO - [2025-08-16T14:31:23.770+0000] {dagbag.py:545} INFO - Filling up the DagBag from /opt/airflow/dags/steam_pipeline_dag.py
[2025-08-16T14:31:23.886+0000] {logging_mixin.py:188} INFO - [2025-08-16T14:31:23.870+0000] {dagbag.py:355} ERROR - Failed to import: /opt/airflow/dags/steam_pipeline_dag.py
Traceback (most recent call last):
  File "/home/airflow/.local/lib/python3.12/site-packages/airflow/models/dagbag.py", line 351, in parse
    loader.exec_module(new_module)
  File "<frozen importlib._bootstrap_external>", line 995, in exec_module
  File "<frozen importlib._bootstrap>", line 488, in _call_with_frames_removed
  File "/opt/airflow/dags/steam_pipeline_dag.py", line 13, in <module>
    from etl.bronze_extract import extract_app
  File "/opt/airflow/etl/bronze_extract.py", line 3, in <module>
    from tqdm import tqdm
ModuleNotFoundError: No module named 'tqdm'
[2025-08-16T14:31:23.891+0000] {processor.py:842} WARNING - No viable dags retrieved from /opt/airflow/dags/steam_pipeline_dag.py
[2025-08-16T14:31:23.915+0000] {processor.py:183} INFO - Processing /opt/airflow/dags/steam_pipeline_dag.py took 0.159 seconds
[2025-08-16T14:31:54.592+0000] {processor.py:161} INFO - Started process (PID=355) to work on /opt/airflow/dags/steam_pipeline_dag.py
[2025-08-16T14:31:54.593+0000] {processor.py:830} INFO - Processing file /opt/airflow/dags/steam_pipeline_dag.py for tasks to queue
[2025-08-16T14:31:54.595+0000] {logging_mixin.py:188} INFO - [2025-08-16T14:31:54.595+0000] {dagbag.py:545} INFO - Filling up the DagBag from /opt/airflow/dags/steam_pipeline_dag.py
[2025-08-16T14:31:54.670+0000] {logging_mixin.py:188} INFO - [2025-08-16T14:31:54.660+0000] {dagbag.py:355} ERROR - Failed to import: /opt/airflow/dags/steam_pipeline_dag.py
Traceback (most recent call last):
  File "/home/airflow/.local/lib/python3.12/site-packages/airflow/models/dagbag.py", line 351, in parse
    loader.exec_module(new_module)
  File "<frozen importlib._bootstrap_external>", line 995, in exec_module
  File "<frozen importlib._bootstrap>", line 488, in _call_with_frames_removed
  File "/opt/airflow/dags/steam_pipeline_dag.py", line 13, in <module>
    from etl.bronze_extract import extract_app
  File "/opt/airflow/etl/bronze_extract.py", line 3, in <module>
    from tqdm import tqdm
ModuleNotFoundError: No module named 'tqdm'
[2025-08-16T14:31:54.673+0000] {processor.py:842} WARNING - No viable dags retrieved from /opt/airflow/dags/steam_pipeline_dag.py
[2025-08-16T14:31:54.693+0000] {processor.py:183} INFO - Processing /opt/airflow/dags/steam_pipeline_dag.py took 0.108 seconds
[2025-08-16T14:32:25.506+0000] {processor.py:161} INFO - Started process (PID=356) to work on /opt/airflow/dags/steam_pipeline_dag.py
[2025-08-16T14:32:25.507+0000] {processor.py:830} INFO - Processing file /opt/airflow/dags/steam_pipeline_dag.py for tasks to queue
[2025-08-16T14:32:25.509+0000] {logging_mixin.py:188} INFO - [2025-08-16T14:32:25.509+0000] {dagbag.py:545} INFO - Filling up the DagBag from /opt/airflow/dags/steam_pipeline_dag.py
[2025-08-16T14:32:25.595+0000] {logging_mixin.py:188} INFO - [2025-08-16T14:32:25.578+0000] {dagbag.py:355} ERROR - Failed to import: /opt/airflow/dags/steam_pipeline_dag.py
Traceback (most recent call last):
  File "/home/airflow/.local/lib/python3.12/site-packages/airflow/models/dagbag.py", line 351, in parse
    loader.exec_module(new_module)
  File "<frozen importlib._bootstrap_external>", line 995, in exec_module
  File "<frozen importlib._bootstrap>", line 488, in _call_with_frames_removed
  File "/opt/airflow/dags/steam_pipeline_dag.py", line 13, in <module>
    from etl.bronze_extract import extract_app
  File "/opt/airflow/etl/bronze_extract.py", line 3, in <module>
    from tqdm import tqdm
ModuleNotFoundError: No module named 'tqdm'
[2025-08-16T14:32:25.599+0000] {processor.py:842} WARNING - No viable dags retrieved from /opt/airflow/dags/steam_pipeline_dag.py
[2025-08-16T14:32:25.625+0000] {processor.py:183} INFO - Processing /opt/airflow/dags/steam_pipeline_dag.py took 0.127 seconds
[2025-08-16T14:32:56.051+0000] {processor.py:161} INFO - Started process (PID=357) to work on /opt/airflow/dags/steam_pipeline_dag.py
[2025-08-16T14:32:56.052+0000] {processor.py:830} INFO - Processing file /opt/airflow/dags/steam_pipeline_dag.py for tasks to queue
[2025-08-16T14:32:56.054+0000] {logging_mixin.py:188} INFO - [2025-08-16T14:32:56.054+0000] {dagbag.py:545} INFO - Filling up the DagBag from /opt/airflow/dags/steam_pipeline_dag.py
[2025-08-16T14:32:56.111+0000] {logging_mixin.py:188} INFO - [2025-08-16T14:32:56.103+0000] {dagbag.py:355} ERROR - Failed to import: /opt/airflow/dags/steam_pipeline_dag.py
Traceback (most recent call last):
  File "/home/airflow/.local/lib/python3.12/site-packages/airflow/models/dagbag.py", line 351, in parse
    loader.exec_module(new_module)
  File "<frozen importlib._bootstrap_external>", line 995, in exec_module
  File "<frozen importlib._bootstrap>", line 488, in _call_with_frames_removed
  File "/opt/airflow/dags/steam_pipeline_dag.py", line 13, in <module>
    from etl.bronze_extract import extract_app
  File "/opt/airflow/etl/bronze_extract.py", line 3, in <module>
    from tqdm import tqdm
ModuleNotFoundError: No module named 'tqdm'
[2025-08-16T14:32:56.113+0000] {processor.py:842} WARNING - No viable dags retrieved from /opt/airflow/dags/steam_pipeline_dag.py
[2025-08-16T14:32:56.136+0000] {processor.py:183} INFO - Processing /opt/airflow/dags/steam_pipeline_dag.py took 0.092 seconds
[2025-08-16T14:33:26.674+0000] {processor.py:161} INFO - Started process (PID=358) to work on /opt/airflow/dags/steam_pipeline_dag.py
[2025-08-16T14:33:26.675+0000] {processor.py:830} INFO - Processing file /opt/airflow/dags/steam_pipeline_dag.py for tasks to queue
[2025-08-16T14:33:26.677+0000] {logging_mixin.py:188} INFO - [2025-08-16T14:33:26.677+0000] {dagbag.py:545} INFO - Filling up the DagBag from /opt/airflow/dags/steam_pipeline_dag.py
[2025-08-16T14:33:26.734+0000] {logging_mixin.py:188} INFO - [2025-08-16T14:33:26.728+0000] {dagbag.py:355} ERROR - Failed to import: /opt/airflow/dags/steam_pipeline_dag.py
Traceback (most recent call last):
  File "/home/airflow/.local/lib/python3.12/site-packages/airflow/models/dagbag.py", line 351, in parse
    loader.exec_module(new_module)
  File "<frozen importlib._bootstrap_external>", line 995, in exec_module
  File "<frozen importlib._bootstrap>", line 488, in _call_with_frames_removed
  File "/opt/airflow/dags/steam_pipeline_dag.py", line 13, in <module>
    from etl.bronze_extract import extract_app
  File "/opt/airflow/etl/bronze_extract.py", line 3, in <module>
    from tqdm import tqdm
ModuleNotFoundError: No module named 'tqdm'
[2025-08-16T14:33:26.737+0000] {processor.py:842} WARNING - No viable dags retrieved from /opt/airflow/dags/steam_pipeline_dag.py
[2025-08-16T14:33:26.761+0000] {processor.py:183} INFO - Processing /opt/airflow/dags/steam_pipeline_dag.py took 0.096 seconds
[2025-08-16T14:33:57.616+0000] {processor.py:161} INFO - Started process (PID=359) to work on /opt/airflow/dags/steam_pipeline_dag.py
[2025-08-16T14:33:57.617+0000] {processor.py:830} INFO - Processing file /opt/airflow/dags/steam_pipeline_dag.py for tasks to queue
[2025-08-16T14:33:57.619+0000] {logging_mixin.py:188} INFO - [2025-08-16T14:33:57.619+0000] {dagbag.py:545} INFO - Filling up the DagBag from /opt/airflow/dags/steam_pipeline_dag.py
[2025-08-16T14:33:57.674+0000] {logging_mixin.py:188} INFO - [2025-08-16T14:33:57.667+0000] {dagbag.py:355} ERROR - Failed to import: /opt/airflow/dags/steam_pipeline_dag.py
Traceback (most recent call last):
  File "/home/airflow/.local/lib/python3.12/site-packages/airflow/models/dagbag.py", line 351, in parse
    loader.exec_module(new_module)
  File "<frozen importlib._bootstrap_external>", line 995, in exec_module
  File "<frozen importlib._bootstrap>", line 488, in _call_with_frames_removed
  File "/opt/airflow/dags/steam_pipeline_dag.py", line 13, in <module>
    from etl.bronze_extract import extract_app
  File "/opt/airflow/etl/bronze_extract.py", line 3, in <module>
    from tqdm import tqdm
ModuleNotFoundError: No module named 'tqdm'
[2025-08-16T14:33:57.679+0000] {processor.py:842} WARNING - No viable dags retrieved from /opt/airflow/dags/steam_pipeline_dag.py
[2025-08-16T14:33:57.694+0000] {processor.py:183} INFO - Processing /opt/airflow/dags/steam_pipeline_dag.py took 0.083 seconds
[2025-08-16T14:34:27.958+0000] {processor.py:161} INFO - Started process (PID=360) to work on /opt/airflow/dags/steam_pipeline_dag.py
[2025-08-16T14:34:27.959+0000] {processor.py:830} INFO - Processing file /opt/airflow/dags/steam_pipeline_dag.py for tasks to queue
[2025-08-16T14:34:27.961+0000] {logging_mixin.py:188} INFO - [2025-08-16T14:34:27.961+0000] {dagbag.py:545} INFO - Filling up the DagBag from /opt/airflow/dags/steam_pipeline_dag.py
[2025-08-16T14:34:28.010+0000] {logging_mixin.py:188} INFO - [2025-08-16T14:34:27.997+0000] {dagbag.py:355} ERROR - Failed to import: /opt/airflow/dags/steam_pipeline_dag.py
Traceback (most recent call last):
  File "/home/airflow/.local/lib/python3.12/site-packages/airflow/models/dagbag.py", line 351, in parse
    loader.exec_module(new_module)
  File "<frozen importlib._bootstrap_external>", line 995, in exec_module
  File "<frozen importlib._bootstrap>", line 488, in _call_with_frames_removed
  File "/opt/airflow/dags/steam_pipeline_dag.py", line 13, in <module>
    from etl.bronze_extract import extract_app
  File "/opt/airflow/etl/bronze_extract.py", line 3, in <module>
    from tqdm import tqdm
ModuleNotFoundError: No module named 'tqdm'
[2025-08-16T14:34:28.016+0000] {processor.py:842} WARNING - No viable dags retrieved from /opt/airflow/dags/steam_pipeline_dag.py
[2025-08-16T14:34:28.032+0000] {processor.py:183} INFO - Processing /opt/airflow/dags/steam_pipeline_dag.py took 0.078 seconds
[2025-08-16T14:34:58.195+0000] {processor.py:161} INFO - Started process (PID=361) to work on /opt/airflow/dags/steam_pipeline_dag.py
[2025-08-16T14:34:58.196+0000] {processor.py:830} INFO - Processing file /opt/airflow/dags/steam_pipeline_dag.py for tasks to queue
[2025-08-16T14:34:58.199+0000] {logging_mixin.py:188} INFO - [2025-08-16T14:34:58.199+0000] {dagbag.py:545} INFO - Filling up the DagBag from /opt/airflow/dags/steam_pipeline_dag.py
[2025-08-16T14:34:58.265+0000] {logging_mixin.py:188} INFO - [2025-08-16T14:34:58.256+0000] {dagbag.py:355} ERROR - Failed to import: /opt/airflow/dags/steam_pipeline_dag.py
Traceback (most recent call last):
  File "/home/airflow/.local/lib/python3.12/site-packages/airflow/models/dagbag.py", line 351, in parse
    loader.exec_module(new_module)
  File "<frozen importlib._bootstrap_external>", line 995, in exec_module
  File "<frozen importlib._bootstrap>", line 488, in _call_with_frames_removed
  File "/opt/airflow/dags/steam_pipeline_dag.py", line 13, in <module>
    from etl.bronze_extract import extract_app
  File "/opt/airflow/etl/bronze_extract.py", line 3, in <module>
    from tqdm import tqdm
ModuleNotFoundError: No module named 'tqdm'
[2025-08-16T14:34:58.268+0000] {processor.py:842} WARNING - No viable dags retrieved from /opt/airflow/dags/steam_pipeline_dag.py
[2025-08-16T14:34:58.293+0000] {processor.py:183} INFO - Processing /opt/airflow/dags/steam_pipeline_dag.py took 0.107 seconds
[2025-08-16T14:35:29.330+0000] {processor.py:161} INFO - Started process (PID=362) to work on /opt/airflow/dags/steam_pipeline_dag.py
[2025-08-16T14:35:29.332+0000] {processor.py:830} INFO - Processing file /opt/airflow/dags/steam_pipeline_dag.py for tasks to queue
[2025-08-16T14:35:29.334+0000] {logging_mixin.py:188} INFO - [2025-08-16T14:35:29.333+0000] {dagbag.py:545} INFO - Filling up the DagBag from /opt/airflow/dags/steam_pipeline_dag.py
[2025-08-16T14:35:29.410+0000] {logging_mixin.py:188} INFO - [2025-08-16T14:35:29.399+0000] {dagbag.py:355} ERROR - Failed to import: /opt/airflow/dags/steam_pipeline_dag.py
Traceback (most recent call last):
  File "/home/airflow/.local/lib/python3.12/site-packages/airflow/models/dagbag.py", line 351, in parse
    loader.exec_module(new_module)
  File "<frozen importlib._bootstrap_external>", line 995, in exec_module
  File "<frozen importlib._bootstrap>", line 488, in _call_with_frames_removed
  File "/opt/airflow/dags/steam_pipeline_dag.py", line 13, in <module>
    from etl.bronze_extract import extract_app
  File "/opt/airflow/etl/bronze_extract.py", line 3, in <module>
    from tqdm import tqdm
ModuleNotFoundError: No module named 'tqdm'
[2025-08-16T14:35:29.414+0000] {processor.py:842} WARNING - No viable dags retrieved from /opt/airflow/dags/steam_pipeline_dag.py
[2025-08-16T14:35:29.437+0000] {processor.py:183} INFO - Processing /opt/airflow/dags/steam_pipeline_dag.py took 0.114 seconds
[2025-08-16T14:35:59.856+0000] {processor.py:161} INFO - Started process (PID=363) to work on /opt/airflow/dags/steam_pipeline_dag.py
[2025-08-16T14:35:59.862+0000] {processor.py:830} INFO - Processing file /opt/airflow/dags/steam_pipeline_dag.py for tasks to queue
[2025-08-16T14:35:59.864+0000] {logging_mixin.py:188} INFO - [2025-08-16T14:35:59.864+0000] {dagbag.py:545} INFO - Filling up the DagBag from /opt/airflow/dags/steam_pipeline_dag.py
[2025-08-16T14:35:59.933+0000] {logging_mixin.py:188} INFO - [2025-08-16T14:35:59.925+0000] {dagbag.py:355} ERROR - Failed to import: /opt/airflow/dags/steam_pipeline_dag.py
Traceback (most recent call last):
  File "/home/airflow/.local/lib/python3.12/site-packages/airflow/models/dagbag.py", line 351, in parse
    loader.exec_module(new_module)
  File "<frozen importlib._bootstrap_external>", line 995, in exec_module
  File "<frozen importlib._bootstrap>", line 488, in _call_with_frames_removed
  File "/opt/airflow/dags/steam_pipeline_dag.py", line 13, in <module>
    from etl.bronze_extract import extract_app
  File "/opt/airflow/etl/bronze_extract.py", line 3, in <module>
    from tqdm import tqdm
ModuleNotFoundError: No module named 'tqdm'
[2025-08-16T14:35:59.935+0000] {processor.py:842} WARNING - No viable dags retrieved from /opt/airflow/dags/steam_pipeline_dag.py
[2025-08-16T14:35:59.957+0000] {processor.py:183} INFO - Processing /opt/airflow/dags/steam_pipeline_dag.py took 0.108 seconds
[2025-08-16T14:36:30.429+0000] {processor.py:161} INFO - Started process (PID=364) to work on /opt/airflow/dags/steam_pipeline_dag.py
[2025-08-16T14:36:30.430+0000] {processor.py:830} INFO - Processing file /opt/airflow/dags/steam_pipeline_dag.py for tasks to queue
[2025-08-16T14:36:30.432+0000] {logging_mixin.py:188} INFO - [2025-08-16T14:36:30.432+0000] {dagbag.py:545} INFO - Filling up the DagBag from /opt/airflow/dags/steam_pipeline_dag.py
[2025-08-16T14:36:30.479+0000] {logging_mixin.py:188} INFO - [2025-08-16T14:36:30.472+0000] {dagbag.py:355} ERROR - Failed to import: /opt/airflow/dags/steam_pipeline_dag.py
Traceback (most recent call last):
  File "/home/airflow/.local/lib/python3.12/site-packages/airflow/models/dagbag.py", line 351, in parse
    loader.exec_module(new_module)
  File "<frozen importlib._bootstrap_external>", line 995, in exec_module
  File "<frozen importlib._bootstrap>", line 488, in _call_with_frames_removed
  File "/opt/airflow/dags/steam_pipeline_dag.py", line 13, in <module>
    from etl.bronze_extract import extract_app
  File "/opt/airflow/etl/bronze_extract.py", line 3, in <module>
    from tqdm import tqdm
ModuleNotFoundError: No module named 'tqdm'
[2025-08-16T14:36:30.481+0000] {processor.py:842} WARNING - No viable dags retrieved from /opt/airflow/dags/steam_pipeline_dag.py
[2025-08-16T14:36:30.496+0000] {processor.py:183} INFO - Processing /opt/airflow/dags/steam_pipeline_dag.py took 0.079 seconds
[2025-08-16T14:37:01.249+0000] {processor.py:161} INFO - Started process (PID=365) to work on /opt/airflow/dags/steam_pipeline_dag.py
[2025-08-16T14:37:01.250+0000] {processor.py:830} INFO - Processing file /opt/airflow/dags/steam_pipeline_dag.py for tasks to queue
[2025-08-16T14:37:01.253+0000] {logging_mixin.py:188} INFO - [2025-08-16T14:37:01.252+0000] {dagbag.py:545} INFO - Filling up the DagBag from /opt/airflow/dags/steam_pipeline_dag.py
[2025-08-16T14:37:01.304+0000] {logging_mixin.py:188} INFO - [2025-08-16T14:37:01.294+0000] {dagbag.py:355} ERROR - Failed to import: /opt/airflow/dags/steam_pipeline_dag.py
Traceback (most recent call last):
  File "/home/airflow/.local/lib/python3.12/site-packages/airflow/models/dagbag.py", line 351, in parse
    loader.exec_module(new_module)
  File "<frozen importlib._bootstrap_external>", line 995, in exec_module
  File "<frozen importlib._bootstrap>", line 488, in _call_with_frames_removed
  File "/opt/airflow/dags/steam_pipeline_dag.py", line 13, in <module>
    from etl.bronze_extract import extract_app
  File "/opt/airflow/etl/bronze_extract.py", line 3, in <module>
    from tqdm import tqdm
ModuleNotFoundError: No module named 'tqdm'
[2025-08-16T14:37:01.308+0000] {processor.py:842} WARNING - No viable dags retrieved from /opt/airflow/dags/steam_pipeline_dag.py
[2025-08-16T14:37:01.329+0000] {processor.py:183} INFO - Processing /opt/airflow/dags/steam_pipeline_dag.py took 0.089 seconds
[2025-08-16T14:37:31.600+0000] {processor.py:161} INFO - Started process (PID=366) to work on /opt/airflow/dags/steam_pipeline_dag.py
[2025-08-16T14:37:31.601+0000] {processor.py:830} INFO - Processing file /opt/airflow/dags/steam_pipeline_dag.py for tasks to queue
[2025-08-16T14:37:31.603+0000] {logging_mixin.py:188} INFO - [2025-08-16T14:37:31.603+0000] {dagbag.py:545} INFO - Filling up the DagBag from /opt/airflow/dags/steam_pipeline_dag.py
[2025-08-16T14:37:31.653+0000] {logging_mixin.py:188} INFO - [2025-08-16T14:37:31.646+0000] {dagbag.py:355} ERROR - Failed to import: /opt/airflow/dags/steam_pipeline_dag.py
Traceback (most recent call last):
  File "/home/airflow/.local/lib/python3.12/site-packages/airflow/models/dagbag.py", line 351, in parse
    loader.exec_module(new_module)
  File "<frozen importlib._bootstrap_external>", line 995, in exec_module
  File "<frozen importlib._bootstrap>", line 488, in _call_with_frames_removed
  File "/opt/airflow/dags/steam_pipeline_dag.py", line 13, in <module>
    from etl.bronze_extract import extract_app
  File "/opt/airflow/etl/bronze_extract.py", line 3, in <module>
    from tqdm import tqdm
ModuleNotFoundError: No module named 'tqdm'
[2025-08-16T14:37:31.656+0000] {processor.py:842} WARNING - No viable dags retrieved from /opt/airflow/dags/steam_pipeline_dag.py
[2025-08-16T14:37:31.671+0000] {processor.py:183} INFO - Processing /opt/airflow/dags/steam_pipeline_dag.py took 0.076 seconds
[2025-08-16T14:38:02.075+0000] {processor.py:161} INFO - Started process (PID=367) to work on /opt/airflow/dags/steam_pipeline_dag.py
[2025-08-16T14:38:02.076+0000] {processor.py:830} INFO - Processing file /opt/airflow/dags/steam_pipeline_dag.py for tasks to queue
[2025-08-16T14:38:02.078+0000] {logging_mixin.py:188} INFO - [2025-08-16T14:38:02.078+0000] {dagbag.py:545} INFO - Filling up the DagBag from /opt/airflow/dags/steam_pipeline_dag.py
[2025-08-16T14:38:02.140+0000] {logging_mixin.py:188} INFO - [2025-08-16T14:38:02.131+0000] {dagbag.py:355} ERROR - Failed to import: /opt/airflow/dags/steam_pipeline_dag.py
Traceback (most recent call last):
  File "/home/airflow/.local/lib/python3.12/site-packages/airflow/models/dagbag.py", line 351, in parse
    loader.exec_module(new_module)
  File "<frozen importlib._bootstrap_external>", line 995, in exec_module
  File "<frozen importlib._bootstrap>", line 488, in _call_with_frames_removed
  File "/opt/airflow/dags/steam_pipeline_dag.py", line 13, in <module>
    from etl.bronze_extract import extract_app
  File "/opt/airflow/etl/bronze_extract.py", line 3, in <module>
    from tqdm import tqdm
ModuleNotFoundError: No module named 'tqdm'
[2025-08-16T14:38:02.143+0000] {processor.py:842} WARNING - No viable dags retrieved from /opt/airflow/dags/steam_pipeline_dag.py
[2025-08-16T14:38:02.160+0000] {processor.py:183} INFO - Processing /opt/airflow/dags/steam_pipeline_dag.py took 0.090 seconds
[2025-08-16T14:38:32.513+0000] {processor.py:161} INFO - Started process (PID=368) to work on /opt/airflow/dags/steam_pipeline_dag.py
[2025-08-16T14:38:32.514+0000] {processor.py:830} INFO - Processing file /opt/airflow/dags/steam_pipeline_dag.py for tasks to queue
[2025-08-16T14:38:32.517+0000] {logging_mixin.py:188} INFO - [2025-08-16T14:38:32.516+0000] {dagbag.py:545} INFO - Filling up the DagBag from /opt/airflow/dags/steam_pipeline_dag.py
[2025-08-16T14:38:32.583+0000] {logging_mixin.py:188} INFO - [2025-08-16T14:38:32.576+0000] {dagbag.py:355} ERROR - Failed to import: /opt/airflow/dags/steam_pipeline_dag.py
Traceback (most recent call last):
  File "/home/airflow/.local/lib/python3.12/site-packages/airflow/models/dagbag.py", line 351, in parse
    loader.exec_module(new_module)
  File "<frozen importlib._bootstrap_external>", line 995, in exec_module
  File "<frozen importlib._bootstrap>", line 488, in _call_with_frames_removed
  File "/opt/airflow/dags/steam_pipeline_dag.py", line 13, in <module>
    from etl.bronze_extract import extract_app
  File "/opt/airflow/etl/bronze_extract.py", line 3, in <module>
    from tqdm import tqdm
ModuleNotFoundError: No module named 'tqdm'
[2025-08-16T14:38:32.585+0000] {processor.py:842} WARNING - No viable dags retrieved from /opt/airflow/dags/steam_pipeline_dag.py
[2025-08-16T14:38:32.604+0000] {processor.py:183} INFO - Processing /opt/airflow/dags/steam_pipeline_dag.py took 0.102 seconds
[2025-08-16T14:39:03.173+0000] {processor.py:161} INFO - Started process (PID=369) to work on /opt/airflow/dags/steam_pipeline_dag.py
[2025-08-16T14:39:03.174+0000] {processor.py:830} INFO - Processing file /opt/airflow/dags/steam_pipeline_dag.py for tasks to queue
[2025-08-16T14:39:03.177+0000] {logging_mixin.py:188} INFO - [2025-08-16T14:39:03.176+0000] {dagbag.py:545} INFO - Filling up the DagBag from /opt/airflow/dags/steam_pipeline_dag.py
[2025-08-16T14:39:03.233+0000] {logging_mixin.py:188} INFO - [2025-08-16T14:39:03.223+0000] {dagbag.py:355} ERROR - Failed to import: /opt/airflow/dags/steam_pipeline_dag.py
Traceback (most recent call last):
  File "/home/airflow/.local/lib/python3.12/site-packages/airflow/models/dagbag.py", line 351, in parse
    loader.exec_module(new_module)
  File "<frozen importlib._bootstrap_external>", line 995, in exec_module
  File "<frozen importlib._bootstrap>", line 488, in _call_with_frames_removed
  File "/opt/airflow/dags/steam_pipeline_dag.py", line 13, in <module>
    from etl.bronze_extract import extract_app
  File "/opt/airflow/etl/bronze_extract.py", line 3, in <module>
    from tqdm import tqdm
ModuleNotFoundError: No module named 'tqdm'
[2025-08-16T14:39:03.236+0000] {processor.py:842} WARNING - No viable dags retrieved from /opt/airflow/dags/steam_pipeline_dag.py
[2025-08-16T14:39:03.259+0000] {processor.py:183} INFO - Processing /opt/airflow/dags/steam_pipeline_dag.py took 0.092 seconds
[2025-08-16T14:39:34.077+0000] {processor.py:161} INFO - Started process (PID=370) to work on /opt/airflow/dags/steam_pipeline_dag.py
[2025-08-16T14:39:34.078+0000] {processor.py:830} INFO - Processing file /opt/airflow/dags/steam_pipeline_dag.py for tasks to queue
[2025-08-16T14:39:34.081+0000] {logging_mixin.py:188} INFO - [2025-08-16T14:39:34.080+0000] {dagbag.py:545} INFO - Filling up the DagBag from /opt/airflow/dags/steam_pipeline_dag.py
[2025-08-16T14:39:34.145+0000] {logging_mixin.py:188} INFO - [2025-08-16T14:39:34.137+0000] {dagbag.py:355} ERROR - Failed to import: /opt/airflow/dags/steam_pipeline_dag.py
Traceback (most recent call last):
  File "/home/airflow/.local/lib/python3.12/site-packages/airflow/models/dagbag.py", line 351, in parse
    loader.exec_module(new_module)
  File "<frozen importlib._bootstrap_external>", line 995, in exec_module
  File "<frozen importlib._bootstrap>", line 488, in _call_with_frames_removed
  File "/opt/airflow/dags/steam_pipeline_dag.py", line 13, in <module>
    from etl.bronze_extract import extract_app
  File "/opt/airflow/etl/bronze_extract.py", line 3, in <module>
    from tqdm import tqdm
ModuleNotFoundError: No module named 'tqdm'
[2025-08-16T14:39:34.148+0000] {processor.py:842} WARNING - No viable dags retrieved from /opt/airflow/dags/steam_pipeline_dag.py
[2025-08-16T14:39:34.169+0000] {processor.py:183} INFO - Processing /opt/airflow/dags/steam_pipeline_dag.py took 0.097 seconds
[2025-08-16T14:40:04.453+0000] {processor.py:161} INFO - Started process (PID=371) to work on /opt/airflow/dags/steam_pipeline_dag.py
[2025-08-16T14:40:04.455+0000] {processor.py:830} INFO - Processing file /opt/airflow/dags/steam_pipeline_dag.py for tasks to queue
[2025-08-16T14:40:04.459+0000] {logging_mixin.py:188} INFO - [2025-08-16T14:40:04.459+0000] {dagbag.py:545} INFO - Filling up the DagBag from /opt/airflow/dags/steam_pipeline_dag.py
[2025-08-16T14:40:04.565+0000] {logging_mixin.py:188} INFO - [2025-08-16T14:40:04.557+0000] {dagbag.py:355} ERROR - Failed to import: /opt/airflow/dags/steam_pipeline_dag.py
Traceback (most recent call last):
  File "/home/airflow/.local/lib/python3.12/site-packages/airflow/models/dagbag.py", line 351, in parse
    loader.exec_module(new_module)
  File "<frozen importlib._bootstrap_external>", line 995, in exec_module
  File "<frozen importlib._bootstrap>", line 488, in _call_with_frames_removed
  File "/opt/airflow/dags/steam_pipeline_dag.py", line 13, in <module>
    from etl.bronze_extract import extract_app
  File "/opt/airflow/etl/bronze_extract.py", line 3, in <module>
    from tqdm import tqdm
ModuleNotFoundError: No module named 'tqdm'
[2025-08-16T14:40:04.568+0000] {processor.py:842} WARNING - No viable dags retrieved from /opt/airflow/dags/steam_pipeline_dag.py
[2025-08-16T14:40:04.590+0000] {processor.py:183} INFO - Processing /opt/airflow/dags/steam_pipeline_dag.py took 0.143 seconds
[2025-08-16T14:40:34.752+0000] {processor.py:161} INFO - Started process (PID=372) to work on /opt/airflow/dags/steam_pipeline_dag.py
[2025-08-16T14:40:34.754+0000] {processor.py:830} INFO - Processing file /opt/airflow/dags/steam_pipeline_dag.py for tasks to queue
[2025-08-16T14:40:34.758+0000] {logging_mixin.py:188} INFO - [2025-08-16T14:40:34.757+0000] {dagbag.py:545} INFO - Filling up the DagBag from /opt/airflow/dags/steam_pipeline_dag.py
[2025-08-16T14:40:34.853+0000] {logging_mixin.py:188} INFO - [2025-08-16T14:40:34.839+0000] {dagbag.py:355} ERROR - Failed to import: /opt/airflow/dags/steam_pipeline_dag.py
Traceback (most recent call last):
  File "/home/airflow/.local/lib/python3.12/site-packages/airflow/models/dagbag.py", line 351, in parse
    loader.exec_module(new_module)
  File "<frozen importlib._bootstrap_external>", line 995, in exec_module
  File "<frozen importlib._bootstrap>", line 488, in _call_with_frames_removed
  File "/opt/airflow/dags/steam_pipeline_dag.py", line 13, in <module>
    from etl.bronze_extract import extract_app
  File "/opt/airflow/etl/bronze_extract.py", line 3, in <module>
    from tqdm import tqdm
ModuleNotFoundError: No module named 'tqdm'
[2025-08-16T14:40:34.857+0000] {processor.py:842} WARNING - No viable dags retrieved from /opt/airflow/dags/steam_pipeline_dag.py
[2025-08-16T14:40:34.875+0000] {processor.py:183} INFO - Processing /opt/airflow/dags/steam_pipeline_dag.py took 0.131 seconds
[2025-08-16T14:41:05.699+0000] {processor.py:161} INFO - Started process (PID=373) to work on /opt/airflow/dags/steam_pipeline_dag.py
[2025-08-16T14:41:05.703+0000] {processor.py:830} INFO - Processing file /opt/airflow/dags/steam_pipeline_dag.py for tasks to queue
[2025-08-16T14:41:05.706+0000] {logging_mixin.py:188} INFO - [2025-08-16T14:41:05.705+0000] {dagbag.py:545} INFO - Filling up the DagBag from /opt/airflow/dags/steam_pipeline_dag.py
[2025-08-16T14:41:05.794+0000] {logging_mixin.py:188} INFO - [2025-08-16T14:41:05.768+0000] {dagbag.py:355} ERROR - Failed to import: /opt/airflow/dags/steam_pipeline_dag.py
Traceback (most recent call last):
  File "/home/airflow/.local/lib/python3.12/site-packages/airflow/models/dagbag.py", line 351, in parse
    loader.exec_module(new_module)
  File "<frozen importlib._bootstrap_external>", line 995, in exec_module
  File "<frozen importlib._bootstrap>", line 488, in _call_with_frames_removed
  File "/opt/airflow/dags/steam_pipeline_dag.py", line 13, in <module>
    from etl.bronze_extract import extract_app
  File "/opt/airflow/etl/bronze_extract.py", line 3, in <module>
    from tqdm import tqdm
ModuleNotFoundError: No module named 'tqdm'
[2025-08-16T14:41:05.796+0000] {processor.py:842} WARNING - No viable dags retrieved from /opt/airflow/dags/steam_pipeline_dag.py
[2025-08-16T14:41:05.816+0000] {processor.py:183} INFO - Processing /opt/airflow/dags/steam_pipeline_dag.py took 0.125 seconds
[2025-08-16T14:41:36.177+0000] {processor.py:161} INFO - Started process (PID=374) to work on /opt/airflow/dags/steam_pipeline_dag.py
[2025-08-16T14:41:36.179+0000] {processor.py:830} INFO - Processing file /opt/airflow/dags/steam_pipeline_dag.py for tasks to queue
[2025-08-16T14:41:36.182+0000] {logging_mixin.py:188} INFO - [2025-08-16T14:41:36.181+0000] {dagbag.py:545} INFO - Filling up the DagBag from /opt/airflow/dags/steam_pipeline_dag.py
[2025-08-16T14:41:36.242+0000] {logging_mixin.py:188} INFO - [2025-08-16T14:41:36.232+0000] {dagbag.py:355} ERROR - Failed to import: /opt/airflow/dags/steam_pipeline_dag.py
Traceback (most recent call last):
  File "/home/airflow/.local/lib/python3.12/site-packages/airflow/models/dagbag.py", line 351, in parse
    loader.exec_module(new_module)
  File "<frozen importlib._bootstrap_external>", line 995, in exec_module
  File "<frozen importlib._bootstrap>", line 488, in _call_with_frames_removed
  File "/opt/airflow/dags/steam_pipeline_dag.py", line 13, in <module>
    from etl.bronze_extract import extract_app
  File "/opt/airflow/etl/bronze_extract.py", line 3, in <module>
    from tqdm import tqdm
ModuleNotFoundError: No module named 'tqdm'
[2025-08-16T14:41:36.247+0000] {processor.py:842} WARNING - No viable dags retrieved from /opt/airflow/dags/steam_pipeline_dag.py
[2025-08-16T14:41:36.267+0000] {processor.py:183} INFO - Processing /opt/airflow/dags/steam_pipeline_dag.py took 0.097 seconds
[2025-08-16T14:42:06.458+0000] {processor.py:161} INFO - Started process (PID=375) to work on /opt/airflow/dags/steam_pipeline_dag.py
[2025-08-16T14:42:06.460+0000] {processor.py:830} INFO - Processing file /opt/airflow/dags/steam_pipeline_dag.py for tasks to queue
[2025-08-16T14:42:06.466+0000] {logging_mixin.py:188} INFO - [2025-08-16T14:42:06.465+0000] {dagbag.py:545} INFO - Filling up the DagBag from /opt/airflow/dags/steam_pipeline_dag.py
[2025-08-16T14:42:06.582+0000] {logging_mixin.py:188} INFO - [2025-08-16T14:42:06.566+0000] {dagbag.py:355} ERROR - Failed to import: /opt/airflow/dags/steam_pipeline_dag.py
Traceback (most recent call last):
  File "/home/airflow/.local/lib/python3.12/site-packages/airflow/models/dagbag.py", line 351, in parse
    loader.exec_module(new_module)
  File "<frozen importlib._bootstrap_external>", line 995, in exec_module
  File "<frozen importlib._bootstrap>", line 488, in _call_with_frames_removed
  File "/opt/airflow/dags/steam_pipeline_dag.py", line 13, in <module>
    from etl.bronze_extract import extract_app
  File "/opt/airflow/etl/bronze_extract.py", line 3, in <module>
    from tqdm import tqdm
ModuleNotFoundError: No module named 'tqdm'
[2025-08-16T14:42:06.587+0000] {processor.py:842} WARNING - No viable dags retrieved from /opt/airflow/dags/steam_pipeline_dag.py
[2025-08-16T14:42:06.614+0000] {processor.py:183} INFO - Processing /opt/airflow/dags/steam_pipeline_dag.py took 0.162 seconds
[2025-08-16T14:42:37.221+0000] {processor.py:161} INFO - Started process (PID=376) to work on /opt/airflow/dags/steam_pipeline_dag.py
[2025-08-16T14:42:37.223+0000] {processor.py:830} INFO - Processing file /opt/airflow/dags/steam_pipeline_dag.py for tasks to queue
[2025-08-16T14:42:37.226+0000] {logging_mixin.py:188} INFO - [2025-08-16T14:42:37.225+0000] {dagbag.py:545} INFO - Filling up the DagBag from /opt/airflow/dags/steam_pipeline_dag.py
[2025-08-16T14:42:37.319+0000] {logging_mixin.py:188} INFO - [2025-08-16T14:42:37.309+0000] {dagbag.py:355} ERROR - Failed to import: /opt/airflow/dags/steam_pipeline_dag.py
Traceback (most recent call last):
  File "/home/airflow/.local/lib/python3.12/site-packages/airflow/models/dagbag.py", line 351, in parse
    loader.exec_module(new_module)
  File "<frozen importlib._bootstrap_external>", line 995, in exec_module
  File "<frozen importlib._bootstrap>", line 488, in _call_with_frames_removed
  File "/opt/airflow/dags/steam_pipeline_dag.py", line 13, in <module>
    from etl.bronze_extract import extract_app
  File "/opt/airflow/etl/bronze_extract.py", line 3, in <module>
    from tqdm import tqdm
ModuleNotFoundError: No module named 'tqdm'
[2025-08-16T14:42:37.322+0000] {processor.py:842} WARNING - No viable dags retrieved from /opt/airflow/dags/steam_pipeline_dag.py
[2025-08-16T14:42:37.346+0000] {processor.py:183} INFO - Processing /opt/airflow/dags/steam_pipeline_dag.py took 0.137 seconds
[2025-08-16T14:43:08.026+0000] {processor.py:161} INFO - Started process (PID=377) to work on /opt/airflow/dags/steam_pipeline_dag.py
[2025-08-16T14:43:08.028+0000] {processor.py:830} INFO - Processing file /opt/airflow/dags/steam_pipeline_dag.py for tasks to queue
[2025-08-16T14:43:08.030+0000] {logging_mixin.py:188} INFO - [2025-08-16T14:43:08.029+0000] {dagbag.py:545} INFO - Filling up the DagBag from /opt/airflow/dags/steam_pipeline_dag.py
[2025-08-16T14:43:08.103+0000] {logging_mixin.py:188} INFO - [2025-08-16T14:43:08.092+0000] {dagbag.py:355} ERROR - Failed to import: /opt/airflow/dags/steam_pipeline_dag.py
Traceback (most recent call last):
  File "/home/airflow/.local/lib/python3.12/site-packages/airflow/models/dagbag.py", line 351, in parse
    loader.exec_module(new_module)
  File "<frozen importlib._bootstrap_external>", line 995, in exec_module
  File "<frozen importlib._bootstrap>", line 488, in _call_with_frames_removed
  File "/opt/airflow/dags/steam_pipeline_dag.py", line 13, in <module>
    from etl.bronze_extract import extract_app
  File "/opt/airflow/etl/bronze_extract.py", line 3, in <module>
    from tqdm import tqdm
ModuleNotFoundError: No module named 'tqdm'
[2025-08-16T14:43:08.107+0000] {processor.py:842} WARNING - No viable dags retrieved from /opt/airflow/dags/steam_pipeline_dag.py
[2025-08-16T14:43:08.133+0000] {processor.py:183} INFO - Processing /opt/airflow/dags/steam_pipeline_dag.py took 0.114 seconds
[2025-08-16T14:43:39.043+0000] {processor.py:161} INFO - Started process (PID=378) to work on /opt/airflow/dags/steam_pipeline_dag.py
[2025-08-16T14:43:39.045+0000] {processor.py:830} INFO - Processing file /opt/airflow/dags/steam_pipeline_dag.py for tasks to queue
[2025-08-16T14:43:39.048+0000] {logging_mixin.py:188} INFO - [2025-08-16T14:43:39.047+0000] {dagbag.py:545} INFO - Filling up the DagBag from /opt/airflow/dags/steam_pipeline_dag.py
[2025-08-16T14:43:39.134+0000] {logging_mixin.py:188} INFO - [2025-08-16T14:43:39.125+0000] {dagbag.py:355} ERROR - Failed to import: /opt/airflow/dags/steam_pipeline_dag.py
Traceback (most recent call last):
  File "/home/airflow/.local/lib/python3.12/site-packages/airflow/models/dagbag.py", line 351, in parse
    loader.exec_module(new_module)
  File "<frozen importlib._bootstrap_external>", line 995, in exec_module
  File "<frozen importlib._bootstrap>", line 488, in _call_with_frames_removed
  File "/opt/airflow/dags/steam_pipeline_dag.py", line 13, in <module>
    from etl.bronze_extract import extract_app
  File "/opt/airflow/etl/bronze_extract.py", line 3, in <module>
    from tqdm import tqdm
ModuleNotFoundError: No module named 'tqdm'
[2025-08-16T14:43:39.137+0000] {processor.py:842} WARNING - No viable dags retrieved from /opt/airflow/dags/steam_pipeline_dag.py
[2025-08-16T14:43:39.162+0000] {processor.py:183} INFO - Processing /opt/airflow/dags/steam_pipeline_dag.py took 0.130 seconds
[2025-08-16T14:44:09.534+0000] {processor.py:161} INFO - Started process (PID=379) to work on /opt/airflow/dags/steam_pipeline_dag.py
[2025-08-16T14:44:09.535+0000] {processor.py:830} INFO - Processing file /opt/airflow/dags/steam_pipeline_dag.py for tasks to queue
[2025-08-16T14:44:09.538+0000] {logging_mixin.py:188} INFO - [2025-08-16T14:44:09.537+0000] {dagbag.py:545} INFO - Filling up the DagBag from /opt/airflow/dags/steam_pipeline_dag.py
[2025-08-16T14:44:09.609+0000] {logging_mixin.py:188} INFO - [2025-08-16T14:44:09.601+0000] {dagbag.py:355} ERROR - Failed to import: /opt/airflow/dags/steam_pipeline_dag.py
Traceback (most recent call last):
  File "/home/airflow/.local/lib/python3.12/site-packages/airflow/models/dagbag.py", line 351, in parse
    loader.exec_module(new_module)
  File "<frozen importlib._bootstrap_external>", line 995, in exec_module
  File "<frozen importlib._bootstrap>", line 488, in _call_with_frames_removed
  File "/opt/airflow/dags/steam_pipeline_dag.py", line 13, in <module>
    from etl.bronze_extract import extract_app
  File "/opt/airflow/etl/bronze_extract.py", line 3, in <module>
    from tqdm import tqdm
ModuleNotFoundError: No module named 'tqdm'
[2025-08-16T14:44:09.613+0000] {processor.py:842} WARNING - No viable dags retrieved from /opt/airflow/dags/steam_pipeline_dag.py
[2025-08-16T14:44:09.636+0000] {processor.py:183} INFO - Processing /opt/airflow/dags/steam_pipeline_dag.py took 0.109 seconds
[2025-08-16T14:44:40.067+0000] {processor.py:161} INFO - Started process (PID=380) to work on /opt/airflow/dags/steam_pipeline_dag.py
[2025-08-16T14:44:40.069+0000] {processor.py:830} INFO - Processing file /opt/airflow/dags/steam_pipeline_dag.py for tasks to queue
[2025-08-16T14:44:40.075+0000] {logging_mixin.py:188} INFO - [2025-08-16T14:44:40.074+0000] {dagbag.py:545} INFO - Filling up the DagBag from /opt/airflow/dags/steam_pipeline_dag.py
[2025-08-16T14:44:40.128+0000] {logging_mixin.py:188} INFO - [2025-08-16T14:44:40.120+0000] {dagbag.py:355} ERROR - Failed to import: /opt/airflow/dags/steam_pipeline_dag.py
Traceback (most recent call last):
  File "/home/airflow/.local/lib/python3.12/site-packages/airflow/models/dagbag.py", line 351, in parse
    loader.exec_module(new_module)
  File "<frozen importlib._bootstrap_external>", line 995, in exec_module
  File "<frozen importlib._bootstrap>", line 488, in _call_with_frames_removed
  File "/opt/airflow/dags/steam_pipeline_dag.py", line 13, in <module>
    from etl.bronze_extract import extract_app
  File "/opt/airflow/etl/bronze_extract.py", line 3, in <module>
    from tqdm import tqdm
ModuleNotFoundError: No module named 'tqdm'
[2025-08-16T14:44:40.130+0000] {processor.py:842} WARNING - No viable dags retrieved from /opt/airflow/dags/steam_pipeline_dag.py
[2025-08-16T14:44:40.152+0000] {processor.py:183} INFO - Processing /opt/airflow/dags/steam_pipeline_dag.py took 0.099 seconds
[2025-08-16T14:45:10.839+0000] {processor.py:161} INFO - Started process (PID=381) to work on /opt/airflow/dags/steam_pipeline_dag.py
[2025-08-16T14:45:10.843+0000] {processor.py:830} INFO - Processing file /opt/airflow/dags/steam_pipeline_dag.py for tasks to queue
[2025-08-16T14:45:10.848+0000] {logging_mixin.py:188} INFO - [2025-08-16T14:45:10.847+0000] {dagbag.py:545} INFO - Filling up the DagBag from /opt/airflow/dags/steam_pipeline_dag.py
[2025-08-16T14:45:10.909+0000] {logging_mixin.py:188} INFO - [2025-08-16T14:45:10.901+0000] {dagbag.py:355} ERROR - Failed to import: /opt/airflow/dags/steam_pipeline_dag.py
Traceback (most recent call last):
  File "/home/airflow/.local/lib/python3.12/site-packages/airflow/models/dagbag.py", line 351, in parse
    loader.exec_module(new_module)
  File "<frozen importlib._bootstrap_external>", line 995, in exec_module
  File "<frozen importlib._bootstrap>", line 488, in _call_with_frames_removed
  File "/opt/airflow/dags/steam_pipeline_dag.py", line 13, in <module>
    from etl.bronze_extract import extract_app
  File "/opt/airflow/etl/bronze_extract.py", line 3, in <module>
    from tqdm import tqdm
ModuleNotFoundError: No module named 'tqdm'
[2025-08-16T14:45:10.916+0000] {processor.py:842} WARNING - No viable dags retrieved from /opt/airflow/dags/steam_pipeline_dag.py
[2025-08-16T14:45:10.939+0000] {processor.py:183} INFO - Processing /opt/airflow/dags/steam_pipeline_dag.py took 0.108 seconds
[2025-08-16T14:45:41.432+0000] {processor.py:161} INFO - Started process (PID=382) to work on /opt/airflow/dags/steam_pipeline_dag.py
[2025-08-16T14:45:41.436+0000] {processor.py:830} INFO - Processing file /opt/airflow/dags/steam_pipeline_dag.py for tasks to queue
[2025-08-16T14:45:41.438+0000] {logging_mixin.py:188} INFO - [2025-08-16T14:45:41.438+0000] {dagbag.py:545} INFO - Filling up the DagBag from /opt/airflow/dags/steam_pipeline_dag.py
[2025-08-16T14:45:41.489+0000] {logging_mixin.py:188} INFO - [2025-08-16T14:45:41.483+0000] {dagbag.py:355} ERROR - Failed to import: /opt/airflow/dags/steam_pipeline_dag.py
Traceback (most recent call last):
  File "/home/airflow/.local/lib/python3.12/site-packages/airflow/models/dagbag.py", line 351, in parse
    loader.exec_module(new_module)
  File "<frozen importlib._bootstrap_external>", line 995, in exec_module
  File "<frozen importlib._bootstrap>", line 488, in _call_with_frames_removed
  File "/opt/airflow/dags/steam_pipeline_dag.py", line 13, in <module>
    from etl.bronze_extract import extract_app
  File "/opt/airflow/etl/bronze_extract.py", line 3, in <module>
    from tqdm import tqdm
ModuleNotFoundError: No module named 'tqdm'
[2025-08-16T14:45:41.492+0000] {processor.py:842} WARNING - No viable dags retrieved from /opt/airflow/dags/steam_pipeline_dag.py
[2025-08-16T14:45:41.506+0000] {processor.py:183} INFO - Processing /opt/airflow/dags/steam_pipeline_dag.py took 0.080 seconds
[2025-08-16T14:46:12.091+0000] {processor.py:161} INFO - Started process (PID=383) to work on /opt/airflow/dags/steam_pipeline_dag.py
[2025-08-16T14:46:12.093+0000] {processor.py:830} INFO - Processing file /opt/airflow/dags/steam_pipeline_dag.py for tasks to queue
[2025-08-16T14:46:12.095+0000] {logging_mixin.py:188} INFO - [2025-08-16T14:46:12.094+0000] {dagbag.py:545} INFO - Filling up the DagBag from /opt/airflow/dags/steam_pipeline_dag.py
[2025-08-16T14:46:12.148+0000] {logging_mixin.py:188} INFO - [2025-08-16T14:46:12.141+0000] {dagbag.py:355} ERROR - Failed to import: /opt/airflow/dags/steam_pipeline_dag.py
Traceback (most recent call last):
  File "/home/airflow/.local/lib/python3.12/site-packages/airflow/models/dagbag.py", line 351, in parse
    loader.exec_module(new_module)
  File "<frozen importlib._bootstrap_external>", line 995, in exec_module
  File "<frozen importlib._bootstrap>", line 488, in _call_with_frames_removed
  File "/opt/airflow/dags/steam_pipeline_dag.py", line 13, in <module>
    from etl.bronze_extract import extract_app
  File "/opt/airflow/etl/bronze_extract.py", line 3, in <module>
    from tqdm import tqdm
ModuleNotFoundError: No module named 'tqdm'
[2025-08-16T14:46:12.151+0000] {processor.py:842} WARNING - No viable dags retrieved from /opt/airflow/dags/steam_pipeline_dag.py
[2025-08-16T14:46:12.167+0000] {processor.py:183} INFO - Processing /opt/airflow/dags/steam_pipeline_dag.py took 0.082 seconds
[2025-08-16T14:46:42.569+0000] {processor.py:161} INFO - Started process (PID=384) to work on /opt/airflow/dags/steam_pipeline_dag.py
[2025-08-16T14:46:42.570+0000] {processor.py:830} INFO - Processing file /opt/airflow/dags/steam_pipeline_dag.py for tasks to queue
[2025-08-16T14:46:42.573+0000] {logging_mixin.py:188} INFO - [2025-08-16T14:46:42.572+0000] {dagbag.py:545} INFO - Filling up the DagBag from /opt/airflow/dags/steam_pipeline_dag.py
[2025-08-16T14:46:42.642+0000] {logging_mixin.py:188} INFO - [2025-08-16T14:46:42.635+0000] {dagbag.py:355} ERROR - Failed to import: /opt/airflow/dags/steam_pipeline_dag.py
Traceback (most recent call last):
  File "/home/airflow/.local/lib/python3.12/site-packages/airflow/models/dagbag.py", line 351, in parse
    loader.exec_module(new_module)
  File "<frozen importlib._bootstrap_external>", line 995, in exec_module
  File "<frozen importlib._bootstrap>", line 488, in _call_with_frames_removed
  File "/opt/airflow/dags/steam_pipeline_dag.py", line 13, in <module>
    from etl.bronze_extract import extract_app
  File "/opt/airflow/etl/bronze_extract.py", line 3, in <module>
    from tqdm import tqdm
ModuleNotFoundError: No module named 'tqdm'
[2025-08-16T14:46:42.645+0000] {processor.py:842} WARNING - No viable dags retrieved from /opt/airflow/dags/steam_pipeline_dag.py
[2025-08-16T14:46:42.663+0000] {processor.py:183} INFO - Processing /opt/airflow/dags/steam_pipeline_dag.py took 0.102 seconds
[2025-08-16T14:47:13.183+0000] {processor.py:161} INFO - Started process (PID=385) to work on /opt/airflow/dags/steam_pipeline_dag.py
[2025-08-16T14:47:13.185+0000] {processor.py:830} INFO - Processing file /opt/airflow/dags/steam_pipeline_dag.py for tasks to queue
[2025-08-16T14:47:13.187+0000] {logging_mixin.py:188} INFO - [2025-08-16T14:47:13.186+0000] {dagbag.py:545} INFO - Filling up the DagBag from /opt/airflow/dags/steam_pipeline_dag.py
[2025-08-16T14:47:13.272+0000] {logging_mixin.py:188} INFO - [2025-08-16T14:47:13.261+0000] {dagbag.py:355} ERROR - Failed to import: /opt/airflow/dags/steam_pipeline_dag.py
Traceback (most recent call last):
  File "/home/airflow/.local/lib/python3.12/site-packages/airflow/models/dagbag.py", line 351, in parse
    loader.exec_module(new_module)
  File "<frozen importlib._bootstrap_external>", line 995, in exec_module
  File "<frozen importlib._bootstrap>", line 488, in _call_with_frames_removed
  File "/opt/airflow/dags/steam_pipeline_dag.py", line 13, in <module>
    from etl.bronze_extract import extract_app
  File "/opt/airflow/etl/bronze_extract.py", line 3, in <module>
    from tqdm import tqdm
ModuleNotFoundError: No module named 'tqdm'
[2025-08-16T14:47:13.275+0000] {processor.py:842} WARNING - No viable dags retrieved from /opt/airflow/dags/steam_pipeline_dag.py
[2025-08-16T14:47:13.298+0000] {processor.py:183} INFO - Processing /opt/airflow/dags/steam_pipeline_dag.py took 0.122 seconds
[2025-08-16T14:47:43.980+0000] {processor.py:161} INFO - Started process (PID=386) to work on /opt/airflow/dags/steam_pipeline_dag.py
[2025-08-16T14:47:43.982+0000] {processor.py:830} INFO - Processing file /opt/airflow/dags/steam_pipeline_dag.py for tasks to queue
[2025-08-16T14:47:43.983+0000] {logging_mixin.py:188} INFO - [2025-08-16T14:47:43.983+0000] {dagbag.py:545} INFO - Filling up the DagBag from /opt/airflow/dags/steam_pipeline_dag.py
[2025-08-16T14:47:44.063+0000] {logging_mixin.py:188} INFO - [2025-08-16T14:47:44.055+0000] {dagbag.py:355} ERROR - Failed to import: /opt/airflow/dags/steam_pipeline_dag.py
Traceback (most recent call last):
  File "/home/airflow/.local/lib/python3.12/site-packages/airflow/models/dagbag.py", line 351, in parse
    loader.exec_module(new_module)
  File "<frozen importlib._bootstrap_external>", line 995, in exec_module
  File "<frozen importlib._bootstrap>", line 488, in _call_with_frames_removed
  File "/opt/airflow/dags/steam_pipeline_dag.py", line 13, in <module>
    from etl.bronze_extract import extract_app
  File "/opt/airflow/etl/bronze_extract.py", line 3, in <module>
    from tqdm import tqdm
ModuleNotFoundError: No module named 'tqdm'
[2025-08-16T14:47:44.065+0000] {processor.py:842} WARNING - No viable dags retrieved from /opt/airflow/dags/steam_pipeline_dag.py
[2025-08-16T14:47:44.083+0000] {processor.py:183} INFO - Processing /opt/airflow/dags/steam_pipeline_dag.py took 0.109 seconds
[2025-08-16T14:48:14.411+0000] {processor.py:161} INFO - Started process (PID=387) to work on /opt/airflow/dags/steam_pipeline_dag.py
[2025-08-16T14:48:14.412+0000] {processor.py:830} INFO - Processing file /opt/airflow/dags/steam_pipeline_dag.py for tasks to queue
[2025-08-16T14:48:14.415+0000] {logging_mixin.py:188} INFO - [2025-08-16T14:48:14.414+0000] {dagbag.py:545} INFO - Filling up the DagBag from /opt/airflow/dags/steam_pipeline_dag.py
[2025-08-16T14:48:14.480+0000] {logging_mixin.py:188} INFO - [2025-08-16T14:48:14.471+0000] {dagbag.py:355} ERROR - Failed to import: /opt/airflow/dags/steam_pipeline_dag.py
Traceback (most recent call last):
  File "/home/airflow/.local/lib/python3.12/site-packages/airflow/models/dagbag.py", line 351, in parse
    loader.exec_module(new_module)
  File "<frozen importlib._bootstrap_external>", line 995, in exec_module
  File "<frozen importlib._bootstrap>", line 488, in _call_with_frames_removed
  File "/opt/airflow/dags/steam_pipeline_dag.py", line 13, in <module>
    from etl.bronze_extract import extract_app
  File "/opt/airflow/etl/bronze_extract.py", line 3, in <module>
    from tqdm import tqdm
ModuleNotFoundError: No module named 'tqdm'
[2025-08-16T14:48:14.483+0000] {processor.py:842} WARNING - No viable dags retrieved from /opt/airflow/dags/steam_pipeline_dag.py
[2025-08-16T14:48:14.502+0000] {processor.py:183} INFO - Processing /opt/airflow/dags/steam_pipeline_dag.py took 0.099 seconds
[2025-08-16T14:48:45.306+0000] {processor.py:161} INFO - Started process (PID=388) to work on /opt/airflow/dags/steam_pipeline_dag.py
[2025-08-16T14:48:45.307+0000] {processor.py:830} INFO - Processing file /opt/airflow/dags/steam_pipeline_dag.py for tasks to queue
[2025-08-16T14:48:45.310+0000] {logging_mixin.py:188} INFO - [2025-08-16T14:48:45.309+0000] {dagbag.py:545} INFO - Filling up the DagBag from /opt/airflow/dags/steam_pipeline_dag.py
[2025-08-16T14:48:45.372+0000] {logging_mixin.py:188} INFO - [2025-08-16T14:48:45.364+0000] {dagbag.py:355} ERROR - Failed to import: /opt/airflow/dags/steam_pipeline_dag.py
Traceback (most recent call last):
  File "/home/airflow/.local/lib/python3.12/site-packages/airflow/models/dagbag.py", line 351, in parse
    loader.exec_module(new_module)
  File "<frozen importlib._bootstrap_external>", line 995, in exec_module
  File "<frozen importlib._bootstrap>", line 488, in _call_with_frames_removed
  File "/opt/airflow/dags/steam_pipeline_dag.py", line 13, in <module>
    from etl.bronze_extract import extract_app
  File "/opt/airflow/etl/bronze_extract.py", line 3, in <module>
    from tqdm import tqdm
ModuleNotFoundError: No module named 'tqdm'
[2025-08-16T14:48:45.375+0000] {processor.py:842} WARNING - No viable dags retrieved from /opt/airflow/dags/steam_pipeline_dag.py
[2025-08-16T14:48:45.395+0000] {processor.py:183} INFO - Processing /opt/airflow/dags/steam_pipeline_dag.py took 0.096 seconds
[2025-08-16T14:49:15.659+0000] {processor.py:161} INFO - Started process (PID=389) to work on /opt/airflow/dags/steam_pipeline_dag.py
[2025-08-16T14:49:15.661+0000] {processor.py:830} INFO - Processing file /opt/airflow/dags/steam_pipeline_dag.py for tasks to queue
[2025-08-16T14:49:15.663+0000] {logging_mixin.py:188} INFO - [2025-08-16T14:49:15.663+0000] {dagbag.py:545} INFO - Filling up the DagBag from /opt/airflow/dags/steam_pipeline_dag.py
[2025-08-16T14:49:15.766+0000] {logging_mixin.py:188} INFO - [2025-08-16T14:49:15.753+0000] {dagbag.py:355} ERROR - Failed to import: /opt/airflow/dags/steam_pipeline_dag.py
Traceback (most recent call last):
  File "/home/airflow/.local/lib/python3.12/site-packages/airflow/models/dagbag.py", line 351, in parse
    loader.exec_module(new_module)
  File "<frozen importlib._bootstrap_external>", line 995, in exec_module
  File "<frozen importlib._bootstrap>", line 488, in _call_with_frames_removed
  File "/opt/airflow/dags/steam_pipeline_dag.py", line 13, in <module>
    from etl.bronze_extract import extract_app
  File "/opt/airflow/etl/bronze_extract.py", line 3, in <module>
    from tqdm import tqdm
ModuleNotFoundError: No module named 'tqdm'
[2025-08-16T14:49:15.769+0000] {processor.py:842} WARNING - No viable dags retrieved from /opt/airflow/dags/steam_pipeline_dag.py
[2025-08-16T14:49:15.788+0000] {processor.py:183} INFO - Processing /opt/airflow/dags/steam_pipeline_dag.py took 0.137 seconds
[2025-08-16T14:49:45.951+0000] {processor.py:161} INFO - Started process (PID=390) to work on /opt/airflow/dags/steam_pipeline_dag.py
[2025-08-16T14:49:45.954+0000] {processor.py:830} INFO - Processing file /opt/airflow/dags/steam_pipeline_dag.py for tasks to queue
[2025-08-16T14:49:45.961+0000] {logging_mixin.py:188} INFO - [2025-08-16T14:49:45.961+0000] {dagbag.py:545} INFO - Filling up the DagBag from /opt/airflow/dags/steam_pipeline_dag.py
[2025-08-16T14:49:46.044+0000] {logging_mixin.py:188} INFO - [2025-08-16T14:49:46.037+0000] {dagbag.py:355} ERROR - Failed to import: /opt/airflow/dags/steam_pipeline_dag.py
Traceback (most recent call last):
  File "/home/airflow/.local/lib/python3.12/site-packages/airflow/models/dagbag.py", line 351, in parse
    loader.exec_module(new_module)
  File "<frozen importlib._bootstrap_external>", line 995, in exec_module
  File "<frozen importlib._bootstrap>", line 488, in _call_with_frames_removed
  File "/opt/airflow/dags/steam_pipeline_dag.py", line 13, in <module>
    from etl.bronze_extract import extract_app
  File "/opt/airflow/etl/bronze_extract.py", line 3, in <module>
    from tqdm import tqdm
ModuleNotFoundError: No module named 'tqdm'
[2025-08-16T14:49:46.047+0000] {processor.py:842} WARNING - No viable dags retrieved from /opt/airflow/dags/steam_pipeline_dag.py
[2025-08-16T14:49:46.066+0000] {processor.py:183} INFO - Processing /opt/airflow/dags/steam_pipeline_dag.py took 0.122 seconds
[2025-08-16T14:50:16.647+0000] {processor.py:161} INFO - Started process (PID=391) to work on /opt/airflow/dags/steam_pipeline_dag.py
[2025-08-16T14:50:16.648+0000] {processor.py:830} INFO - Processing file /opt/airflow/dags/steam_pipeline_dag.py for tasks to queue
[2025-08-16T14:50:16.650+0000] {logging_mixin.py:188} INFO - [2025-08-16T14:50:16.650+0000] {dagbag.py:545} INFO - Filling up the DagBag from /opt/airflow/dags/steam_pipeline_dag.py
[2025-08-16T14:50:16.779+0000] {logging_mixin.py:188} INFO - [2025-08-16T14:50:16.771+0000] {dagbag.py:355} ERROR - Failed to import: /opt/airflow/dags/steam_pipeline_dag.py
Traceback (most recent call last):
  File "/home/airflow/.local/lib/python3.12/site-packages/airflow/models/dagbag.py", line 351, in parse
    loader.exec_module(new_module)
  File "<frozen importlib._bootstrap_external>", line 995, in exec_module
  File "<frozen importlib._bootstrap>", line 488, in _call_with_frames_removed
  File "/opt/airflow/dags/steam_pipeline_dag.py", line 13, in <module>
    from etl.bronze_extract import extract_app
  File "/opt/airflow/etl/bronze_extract.py", line 3, in <module>
    from tqdm import tqdm
ModuleNotFoundError: No module named 'tqdm'
[2025-08-16T14:50:16.783+0000] {processor.py:842} WARNING - No viable dags retrieved from /opt/airflow/dags/steam_pipeline_dag.py
[2025-08-16T14:50:16.801+0000] {processor.py:183} INFO - Processing /opt/airflow/dags/steam_pipeline_dag.py took 0.160 seconds
[2025-08-16T14:50:47.603+0000] {processor.py:161} INFO - Started process (PID=392) to work on /opt/airflow/dags/steam_pipeline_dag.py
[2025-08-16T14:50:47.605+0000] {processor.py:830} INFO - Processing file /opt/airflow/dags/steam_pipeline_dag.py for tasks to queue
[2025-08-16T14:50:47.607+0000] {logging_mixin.py:188} INFO - [2025-08-16T14:50:47.607+0000] {dagbag.py:545} INFO - Filling up the DagBag from /opt/airflow/dags/steam_pipeline_dag.py
[2025-08-16T14:50:47.661+0000] {logging_mixin.py:188} INFO - [2025-08-16T14:50:47.654+0000] {dagbag.py:355} ERROR - Failed to import: /opt/airflow/dags/steam_pipeline_dag.py
Traceback (most recent call last):
  File "/home/airflow/.local/lib/python3.12/site-packages/airflow/models/dagbag.py", line 351, in parse
    loader.exec_module(new_module)
  File "<frozen importlib._bootstrap_external>", line 995, in exec_module
  File "<frozen importlib._bootstrap>", line 488, in _call_with_frames_removed
  File "/opt/airflow/dags/steam_pipeline_dag.py", line 13, in <module>
    from etl.bronze_extract import extract_app
  File "/opt/airflow/etl/bronze_extract.py", line 3, in <module>
    from tqdm import tqdm
ModuleNotFoundError: No module named 'tqdm'
[2025-08-16T14:50:47.664+0000] {processor.py:842} WARNING - No viable dags retrieved from /opt/airflow/dags/steam_pipeline_dag.py
[2025-08-16T14:50:47.682+0000] {processor.py:183} INFO - Processing /opt/airflow/dags/steam_pipeline_dag.py took 0.085 seconds
[2025-08-16T14:51:17.812+0000] {processor.py:161} INFO - Started process (PID=393) to work on /opt/airflow/dags/steam_pipeline_dag.py
[2025-08-16T14:51:17.814+0000] {processor.py:830} INFO - Processing file /opt/airflow/dags/steam_pipeline_dag.py for tasks to queue
[2025-08-16T14:51:17.817+0000] {logging_mixin.py:188} INFO - [2025-08-16T14:51:17.816+0000] {dagbag.py:545} INFO - Filling up the DagBag from /opt/airflow/dags/steam_pipeline_dag.py
[2025-08-16T14:51:17.871+0000] {logging_mixin.py:188} INFO - [2025-08-16T14:51:17.866+0000] {dagbag.py:355} ERROR - Failed to import: /opt/airflow/dags/steam_pipeline_dag.py
Traceback (most recent call last):
  File "/home/airflow/.local/lib/python3.12/site-packages/airflow/models/dagbag.py", line 351, in parse
    loader.exec_module(new_module)
  File "<frozen importlib._bootstrap_external>", line 995, in exec_module
  File "<frozen importlib._bootstrap>", line 488, in _call_with_frames_removed
  File "/opt/airflow/dags/steam_pipeline_dag.py", line 13, in <module>
    from etl.bronze_extract import extract_app
  File "/opt/airflow/etl/bronze_extract.py", line 3, in <module>
    from tqdm import tqdm
ModuleNotFoundError: No module named 'tqdm'
[2025-08-16T14:51:17.876+0000] {processor.py:842} WARNING - No viable dags retrieved from /opt/airflow/dags/steam_pipeline_dag.py
[2025-08-16T14:51:17.897+0000] {processor.py:183} INFO - Processing /opt/airflow/dags/steam_pipeline_dag.py took 0.094 seconds
[2025-08-16T14:51:48.912+0000] {processor.py:161} INFO - Started process (PID=394) to work on /opt/airflow/dags/steam_pipeline_dag.py
[2025-08-16T14:51:48.914+0000] {processor.py:830} INFO - Processing file /opt/airflow/dags/steam_pipeline_dag.py for tasks to queue
[2025-08-16T14:51:48.917+0000] {logging_mixin.py:188} INFO - [2025-08-16T14:51:48.916+0000] {dagbag.py:545} INFO - Filling up the DagBag from /opt/airflow/dags/steam_pipeline_dag.py
[2025-08-16T14:51:49.003+0000] {logging_mixin.py:188} INFO - [2025-08-16T14:51:48.990+0000] {dagbag.py:355} ERROR - Failed to import: /opt/airflow/dags/steam_pipeline_dag.py
Traceback (most recent call last):
  File "/home/airflow/.local/lib/python3.12/site-packages/airflow/models/dagbag.py", line 351, in parse
    loader.exec_module(new_module)
  File "<frozen importlib._bootstrap_external>", line 995, in exec_module
  File "<frozen importlib._bootstrap>", line 488, in _call_with_frames_removed
  File "/opt/airflow/dags/steam_pipeline_dag.py", line 13, in <module>
    from etl.bronze_extract import extract_app
  File "/opt/airflow/etl/bronze_extract.py", line 3, in <module>
    from tqdm import tqdm
ModuleNotFoundError: No module named 'tqdm'
[2025-08-16T14:51:49.006+0000] {processor.py:842} WARNING - No viable dags retrieved from /opt/airflow/dags/steam_pipeline_dag.py
[2025-08-16T14:51:49.026+0000] {processor.py:183} INFO - Processing /opt/airflow/dags/steam_pipeline_dag.py took 0.126 seconds
[2025-08-16T14:52:19.358+0000] {processor.py:161} INFO - Started process (PID=395) to work on /opt/airflow/dags/steam_pipeline_dag.py
[2025-08-16T14:52:19.359+0000] {processor.py:830} INFO - Processing file /opt/airflow/dags/steam_pipeline_dag.py for tasks to queue
[2025-08-16T14:52:19.361+0000] {logging_mixin.py:188} INFO - [2025-08-16T14:52:19.361+0000] {dagbag.py:545} INFO - Filling up the DagBag from /opt/airflow/dags/steam_pipeline_dag.py
[2025-08-16T14:52:19.499+0000] {logging_mixin.py:188} INFO - [2025-08-16T14:52:19.472+0000] {dagbag.py:355} ERROR - Failed to import: /opt/airflow/dags/steam_pipeline_dag.py
Traceback (most recent call last):
  File "/home/airflow/.local/lib/python3.12/site-packages/airflow/models/dagbag.py", line 351, in parse
    loader.exec_module(new_module)
  File "<frozen importlib._bootstrap_external>", line 995, in exec_module
  File "<frozen importlib._bootstrap>", line 488, in _call_with_frames_removed
  File "/opt/airflow/dags/steam_pipeline_dag.py", line 13, in <module>
    from etl.bronze_extract import extract_app
  File "/opt/airflow/etl/bronze_extract.py", line 3, in <module>
    from tqdm import tqdm
ModuleNotFoundError: No module named 'tqdm'
[2025-08-16T14:52:19.505+0000] {processor.py:842} WARNING - No viable dags retrieved from /opt/airflow/dags/steam_pipeline_dag.py
[2025-08-16T14:52:19.530+0000] {processor.py:183} INFO - Processing /opt/airflow/dags/steam_pipeline_dag.py took 0.178 seconds
[2025-08-16T14:52:49.832+0000] {processor.py:161} INFO - Started process (PID=396) to work on /opt/airflow/dags/steam_pipeline_dag.py
[2025-08-16T14:52:49.833+0000] {processor.py:830} INFO - Processing file /opt/airflow/dags/steam_pipeline_dag.py for tasks to queue
[2025-08-16T14:52:49.837+0000] {logging_mixin.py:188} INFO - [2025-08-16T14:52:49.836+0000] {dagbag.py:545} INFO - Filling up the DagBag from /opt/airflow/dags/steam_pipeline_dag.py
[2025-08-16T14:52:49.902+0000] {logging_mixin.py:188} INFO - [2025-08-16T14:52:49.893+0000] {dagbag.py:355} ERROR - Failed to import: /opt/airflow/dags/steam_pipeline_dag.py
Traceback (most recent call last):
  File "/home/airflow/.local/lib/python3.12/site-packages/airflow/models/dagbag.py", line 351, in parse
    loader.exec_module(new_module)
  File "<frozen importlib._bootstrap_external>", line 995, in exec_module
  File "<frozen importlib._bootstrap>", line 488, in _call_with_frames_removed
  File "/opt/airflow/dags/steam_pipeline_dag.py", line 13, in <module>
    from etl.bronze_extract import extract_app
  File "/opt/airflow/etl/bronze_extract.py", line 3, in <module>
    from tqdm import tqdm
ModuleNotFoundError: No module named 'tqdm'
[2025-08-16T14:52:49.905+0000] {processor.py:842} WARNING - No viable dags retrieved from /opt/airflow/dags/steam_pipeline_dag.py
[2025-08-16T14:52:49.928+0000] {processor.py:183} INFO - Processing /opt/airflow/dags/steam_pipeline_dag.py took 0.102 seconds
[2025-08-16T14:53:20.040+0000] {processor.py:161} INFO - Started process (PID=397) to work on /opt/airflow/dags/steam_pipeline_dag.py
[2025-08-16T14:53:20.042+0000] {processor.py:830} INFO - Processing file /opt/airflow/dags/steam_pipeline_dag.py for tasks to queue
[2025-08-16T14:53:20.045+0000] {logging_mixin.py:188} INFO - [2025-08-16T14:53:20.044+0000] {dagbag.py:545} INFO - Filling up the DagBag from /opt/airflow/dags/steam_pipeline_dag.py
[2025-08-16T14:53:20.095+0000] {logging_mixin.py:188} INFO - [2025-08-16T14:53:20.086+0000] {dagbag.py:355} ERROR - Failed to import: /opt/airflow/dags/steam_pipeline_dag.py
Traceback (most recent call last):
  File "/home/airflow/.local/lib/python3.12/site-packages/airflow/models/dagbag.py", line 351, in parse
    loader.exec_module(new_module)
  File "<frozen importlib._bootstrap_external>", line 995, in exec_module
  File "<frozen importlib._bootstrap>", line 488, in _call_with_frames_removed
  File "/opt/airflow/dags/steam_pipeline_dag.py", line 13, in <module>
    from etl.bronze_extract import extract_app
  File "/opt/airflow/etl/bronze_extract.py", line 3, in <module>
    from tqdm import tqdm
ModuleNotFoundError: No module named 'tqdm'
[2025-08-16T14:53:20.098+0000] {processor.py:842} WARNING - No viable dags retrieved from /opt/airflow/dags/steam_pipeline_dag.py
[2025-08-16T14:53:20.115+0000] {processor.py:183} INFO - Processing /opt/airflow/dags/steam_pipeline_dag.py took 0.081 seconds
[2025-08-16T14:53:51.088+0000] {processor.py:161} INFO - Started process (PID=398) to work on /opt/airflow/dags/steam_pipeline_dag.py
[2025-08-16T14:53:51.089+0000] {processor.py:830} INFO - Processing file /opt/airflow/dags/steam_pipeline_dag.py for tasks to queue
[2025-08-16T14:53:51.092+0000] {logging_mixin.py:188} INFO - [2025-08-16T14:53:51.091+0000] {dagbag.py:545} INFO - Filling up the DagBag from /opt/airflow/dags/steam_pipeline_dag.py
[2025-08-16T14:53:51.175+0000] {logging_mixin.py:188} INFO - [2025-08-16T14:53:51.168+0000] {dagbag.py:355} ERROR - Failed to import: /opt/airflow/dags/steam_pipeline_dag.py
Traceback (most recent call last):
  File "/home/airflow/.local/lib/python3.12/site-packages/airflow/models/dagbag.py", line 351, in parse
    loader.exec_module(new_module)
  File "<frozen importlib._bootstrap_external>", line 995, in exec_module
  File "<frozen importlib._bootstrap>", line 488, in _call_with_frames_removed
  File "/opt/airflow/dags/steam_pipeline_dag.py", line 13, in <module>
    from etl.bronze_extract import extract_app
  File "/opt/airflow/etl/bronze_extract.py", line 3, in <module>
    from tqdm import tqdm
ModuleNotFoundError: No module named 'tqdm'
[2025-08-16T14:53:51.178+0000] {processor.py:842} WARNING - No viable dags retrieved from /opt/airflow/dags/steam_pipeline_dag.py
[2025-08-16T14:53:51.195+0000] {processor.py:183} INFO - Processing /opt/airflow/dags/steam_pipeline_dag.py took 0.120 seconds
[2025-08-16T14:54:21.619+0000] {processor.py:161} INFO - Started process (PID=399) to work on /opt/airflow/dags/steam_pipeline_dag.py
[2025-08-16T14:54:21.620+0000] {processor.py:830} INFO - Processing file /opt/airflow/dags/steam_pipeline_dag.py for tasks to queue
[2025-08-16T14:54:21.624+0000] {logging_mixin.py:188} INFO - [2025-08-16T14:54:21.624+0000] {dagbag.py:545} INFO - Filling up the DagBag from /opt/airflow/dags/steam_pipeline_dag.py
[2025-08-16T14:54:21.687+0000] {logging_mixin.py:188} INFO - [2025-08-16T14:54:21.679+0000] {dagbag.py:355} ERROR - Failed to import: /opt/airflow/dags/steam_pipeline_dag.py
Traceback (most recent call last):
  File "/home/airflow/.local/lib/python3.12/site-packages/airflow/models/dagbag.py", line 351, in parse
    loader.exec_module(new_module)
  File "<frozen importlib._bootstrap_external>", line 995, in exec_module
  File "<frozen importlib._bootstrap>", line 488, in _call_with_frames_removed
  File "/opt/airflow/dags/steam_pipeline_dag.py", line 13, in <module>
    from etl.bronze_extract import extract_app
  File "/opt/airflow/etl/bronze_extract.py", line 3, in <module>
    from tqdm import tqdm
ModuleNotFoundError: No module named 'tqdm'
[2025-08-16T14:54:21.690+0000] {processor.py:842} WARNING - No viable dags retrieved from /opt/airflow/dags/steam_pipeline_dag.py
[2025-08-16T14:54:21.714+0000] {processor.py:183} INFO - Processing /opt/airflow/dags/steam_pipeline_dag.py took 0.105 seconds
[2025-08-16T14:54:52.379+0000] {processor.py:161} INFO - Started process (PID=400) to work on /opt/airflow/dags/steam_pipeline_dag.py
[2025-08-16T14:54:52.380+0000] {processor.py:830} INFO - Processing file /opt/airflow/dags/steam_pipeline_dag.py for tasks to queue
[2025-08-16T14:54:52.383+0000] {logging_mixin.py:188} INFO - [2025-08-16T14:54:52.383+0000] {dagbag.py:545} INFO - Filling up the DagBag from /opt/airflow/dags/steam_pipeline_dag.py
[2025-08-16T14:54:52.449+0000] {logging_mixin.py:188} INFO - [2025-08-16T14:54:52.440+0000] {dagbag.py:355} ERROR - Failed to import: /opt/airflow/dags/steam_pipeline_dag.py
Traceback (most recent call last):
  File "/home/airflow/.local/lib/python3.12/site-packages/airflow/models/dagbag.py", line 351, in parse
    loader.exec_module(new_module)
  File "<frozen importlib._bootstrap_external>", line 995, in exec_module
  File "<frozen importlib._bootstrap>", line 488, in _call_with_frames_removed
  File "/opt/airflow/dags/steam_pipeline_dag.py", line 13, in <module>
    from etl.bronze_extract import extract_app
  File "/opt/airflow/etl/bronze_extract.py", line 3, in <module>
    from tqdm import tqdm
ModuleNotFoundError: No module named 'tqdm'
[2025-08-16T14:54:52.452+0000] {processor.py:842} WARNING - No viable dags retrieved from /opt/airflow/dags/steam_pipeline_dag.py
[2025-08-16T14:54:52.470+0000] {processor.py:183} INFO - Processing /opt/airflow/dags/steam_pipeline_dag.py took 0.097 seconds
[2025-08-16T14:55:22.883+0000] {processor.py:161} INFO - Started process (PID=401) to work on /opt/airflow/dags/steam_pipeline_dag.py
[2025-08-16T14:55:22.884+0000] {processor.py:830} INFO - Processing file /opt/airflow/dags/steam_pipeline_dag.py for tasks to queue
[2025-08-16T14:55:22.886+0000] {logging_mixin.py:188} INFO - [2025-08-16T14:55:22.886+0000] {dagbag.py:545} INFO - Filling up the DagBag from /opt/airflow/dags/steam_pipeline_dag.py
[2025-08-16T14:55:22.985+0000] {logging_mixin.py:188} INFO - [2025-08-16T14:55:22.976+0000] {dagbag.py:355} ERROR - Failed to import: /opt/airflow/dags/steam_pipeline_dag.py
Traceback (most recent call last):
  File "/home/airflow/.local/lib/python3.12/site-packages/airflow/models/dagbag.py", line 351, in parse
    loader.exec_module(new_module)
  File "<frozen importlib._bootstrap_external>", line 995, in exec_module
  File "<frozen importlib._bootstrap>", line 488, in _call_with_frames_removed
  File "/opt/airflow/dags/steam_pipeline_dag.py", line 13, in <module>
    from etl.bronze_extract import extract_app
  File "/opt/airflow/etl/bronze_extract.py", line 3, in <module>
    from tqdm import tqdm
ModuleNotFoundError: No module named 'tqdm'
[2025-08-16T14:55:22.988+0000] {processor.py:842} WARNING - No viable dags retrieved from /opt/airflow/dags/steam_pipeline_dag.py
[2025-08-16T14:55:23.012+0000] {processor.py:183} INFO - Processing /opt/airflow/dags/steam_pipeline_dag.py took 0.136 seconds
[2025-08-16T14:55:53.378+0000] {processor.py:161} INFO - Started process (PID=402) to work on /opt/airflow/dags/steam_pipeline_dag.py
[2025-08-16T14:55:53.379+0000] {processor.py:830} INFO - Processing file /opt/airflow/dags/steam_pipeline_dag.py for tasks to queue
[2025-08-16T14:55:53.381+0000] {logging_mixin.py:188} INFO - [2025-08-16T14:55:53.381+0000] {dagbag.py:545} INFO - Filling up the DagBag from /opt/airflow/dags/steam_pipeline_dag.py
[2025-08-16T14:55:53.441+0000] {logging_mixin.py:188} INFO - [2025-08-16T14:55:53.434+0000] {dagbag.py:355} ERROR - Failed to import: /opt/airflow/dags/steam_pipeline_dag.py
Traceback (most recent call last):
  File "/home/airflow/.local/lib/python3.12/site-packages/airflow/models/dagbag.py", line 351, in parse
    loader.exec_module(new_module)
  File "<frozen importlib._bootstrap_external>", line 995, in exec_module
  File "<frozen importlib._bootstrap>", line 488, in _call_with_frames_removed
  File "/opt/airflow/dags/steam_pipeline_dag.py", line 13, in <module>
    from etl.bronze_extract import extract_app
  File "/opt/airflow/etl/bronze_extract.py", line 3, in <module>
    from tqdm import tqdm
ModuleNotFoundError: No module named 'tqdm'
[2025-08-16T14:55:53.443+0000] {processor.py:842} WARNING - No viable dags retrieved from /opt/airflow/dags/steam_pipeline_dag.py
[2025-08-16T14:55:53.457+0000] {processor.py:183} INFO - Processing /opt/airflow/dags/steam_pipeline_dag.py took 0.091 seconds
[2025-08-16T14:56:24.634+0000] {processor.py:161} INFO - Started process (PID=403) to work on /opt/airflow/dags/steam_pipeline_dag.py
[2025-08-16T14:56:24.636+0000] {processor.py:830} INFO - Processing file /opt/airflow/dags/steam_pipeline_dag.py for tasks to queue
[2025-08-16T14:56:24.639+0000] {logging_mixin.py:188} INFO - [2025-08-16T14:56:24.638+0000] {dagbag.py:545} INFO - Filling up the DagBag from /opt/airflow/dags/steam_pipeline_dag.py
[2025-08-16T14:56:24.746+0000] {logging_mixin.py:188} INFO - [2025-08-16T14:56:24.725+0000] {dagbag.py:355} ERROR - Failed to import: /opt/airflow/dags/steam_pipeline_dag.py
Traceback (most recent call last):
  File "/home/airflow/.local/lib/python3.12/site-packages/airflow/models/dagbag.py", line 351, in parse
    loader.exec_module(new_module)
  File "<frozen importlib._bootstrap_external>", line 995, in exec_module
  File "<frozen importlib._bootstrap>", line 488, in _call_with_frames_removed
  File "/opt/airflow/dags/steam_pipeline_dag.py", line 13, in <module>
    from etl.bronze_extract import extract_app
  File "/opt/airflow/etl/bronze_extract.py", line 3, in <module>
    from tqdm import tqdm
ModuleNotFoundError: No module named 'tqdm'
[2025-08-16T14:56:24.751+0000] {processor.py:842} WARNING - No viable dags retrieved from /opt/airflow/dags/steam_pipeline_dag.py
[2025-08-16T14:56:24.777+0000] {processor.py:183} INFO - Processing /opt/airflow/dags/steam_pipeline_dag.py took 0.151 seconds
[2025-08-16T14:56:55.724+0000] {processor.py:161} INFO - Started process (PID=404) to work on /opt/airflow/dags/steam_pipeline_dag.py
[2025-08-16T14:56:55.727+0000] {processor.py:830} INFO - Processing file /opt/airflow/dags/steam_pipeline_dag.py for tasks to queue
[2025-08-16T14:56:55.729+0000] {logging_mixin.py:188} INFO - [2025-08-16T14:56:55.729+0000] {dagbag.py:545} INFO - Filling up the DagBag from /opt/airflow/dags/steam_pipeline_dag.py
[2025-08-16T14:56:55.809+0000] {logging_mixin.py:188} INFO - [2025-08-16T14:56:55.797+0000] {dagbag.py:355} ERROR - Failed to import: /opt/airflow/dags/steam_pipeline_dag.py
Traceback (most recent call last):
  File "/home/airflow/.local/lib/python3.12/site-packages/airflow/models/dagbag.py", line 351, in parse
    loader.exec_module(new_module)
  File "<frozen importlib._bootstrap_external>", line 995, in exec_module
  File "<frozen importlib._bootstrap>", line 488, in _call_with_frames_removed
  File "/opt/airflow/dags/steam_pipeline_dag.py", line 13, in <module>
    from etl.bronze_extract import extract_app
  File "/opt/airflow/etl/bronze_extract.py", line 3, in <module>
    from tqdm import tqdm
ModuleNotFoundError: No module named 'tqdm'
[2025-08-16T14:56:55.815+0000] {processor.py:842} WARNING - No viable dags retrieved from /opt/airflow/dags/steam_pipeline_dag.py
[2025-08-16T14:56:55.842+0000] {processor.py:183} INFO - Processing /opt/airflow/dags/steam_pipeline_dag.py took 0.133 seconds
[2025-08-16T14:57:27.152+0000] {processor.py:161} INFO - Started process (PID=405) to work on /opt/airflow/dags/steam_pipeline_dag.py
[2025-08-16T14:57:27.155+0000] {processor.py:830} INFO - Processing file /opt/airflow/dags/steam_pipeline_dag.py for tasks to queue
[2025-08-16T14:57:27.158+0000] {logging_mixin.py:188} INFO - [2025-08-16T14:57:27.157+0000] {dagbag.py:545} INFO - Filling up the DagBag from /opt/airflow/dags/steam_pipeline_dag.py
[2025-08-16T14:57:27.214+0000] {logging_mixin.py:188} INFO - [2025-08-16T14:57:27.207+0000] {dagbag.py:355} ERROR - Failed to import: /opt/airflow/dags/steam_pipeline_dag.py
Traceback (most recent call last):
  File "/home/airflow/.local/lib/python3.12/site-packages/airflow/models/dagbag.py", line 351, in parse
    loader.exec_module(new_module)
  File "<frozen importlib._bootstrap_external>", line 995, in exec_module
  File "<frozen importlib._bootstrap>", line 488, in _call_with_frames_removed
  File "/opt/airflow/dags/steam_pipeline_dag.py", line 13, in <module>
    from etl.bronze_extract import extract_app
  File "/opt/airflow/etl/bronze_extract.py", line 3, in <module>
    from tqdm import tqdm
ModuleNotFoundError: No module named 'tqdm'
[2025-08-16T14:57:27.217+0000] {processor.py:842} WARNING - No viable dags retrieved from /opt/airflow/dags/steam_pipeline_dag.py
[2025-08-16T14:57:27.231+0000] {processor.py:183} INFO - Processing /opt/airflow/dags/steam_pipeline_dag.py took 0.085 seconds
[2025-08-16T14:57:57.737+0000] {processor.py:161} INFO - Started process (PID=406) to work on /opt/airflow/dags/steam_pipeline_dag.py
[2025-08-16T14:57:57.738+0000] {processor.py:830} INFO - Processing file /opt/airflow/dags/steam_pipeline_dag.py for tasks to queue
[2025-08-16T14:57:57.740+0000] {logging_mixin.py:188} INFO - [2025-08-16T14:57:57.739+0000] {dagbag.py:545} INFO - Filling up the DagBag from /opt/airflow/dags/steam_pipeline_dag.py
[2025-08-16T14:57:57.791+0000] {logging_mixin.py:188} INFO - [2025-08-16T14:57:57.786+0000] {dagbag.py:355} ERROR - Failed to import: /opt/airflow/dags/steam_pipeline_dag.py
Traceback (most recent call last):
  File "/home/airflow/.local/lib/python3.12/site-packages/airflow/models/dagbag.py", line 351, in parse
    loader.exec_module(new_module)
  File "<frozen importlib._bootstrap_external>", line 995, in exec_module
  File "<frozen importlib._bootstrap>", line 488, in _call_with_frames_removed
  File "/opt/airflow/dags/steam_pipeline_dag.py", line 13, in <module>
    from etl.bronze_extract import extract_app
  File "/opt/airflow/etl/bronze_extract.py", line 3, in <module>
    from tqdm import tqdm
ModuleNotFoundError: No module named 'tqdm'
[2025-08-16T14:57:57.793+0000] {processor.py:842} WARNING - No viable dags retrieved from /opt/airflow/dags/steam_pipeline_dag.py
[2025-08-16T14:57:57.813+0000] {processor.py:183} INFO - Processing /opt/airflow/dags/steam_pipeline_dag.py took 0.081 seconds
[2025-08-16T14:58:28.017+0000] {processor.py:161} INFO - Started process (PID=407) to work on /opt/airflow/dags/steam_pipeline_dag.py
[2025-08-16T14:58:28.019+0000] {processor.py:830} INFO - Processing file /opt/airflow/dags/steam_pipeline_dag.py for tasks to queue
[2025-08-16T14:58:28.021+0000] {logging_mixin.py:188} INFO - [2025-08-16T14:58:28.021+0000] {dagbag.py:545} INFO - Filling up the DagBag from /opt/airflow/dags/steam_pipeline_dag.py
[2025-08-16T14:58:28.099+0000] {logging_mixin.py:188} INFO - [2025-08-16T14:58:28.089+0000] {dagbag.py:355} ERROR - Failed to import: /opt/airflow/dags/steam_pipeline_dag.py
Traceback (most recent call last):
  File "/home/airflow/.local/lib/python3.12/site-packages/airflow/models/dagbag.py", line 351, in parse
    loader.exec_module(new_module)
  File "<frozen importlib._bootstrap_external>", line 995, in exec_module
  File "<frozen importlib._bootstrap>", line 488, in _call_with_frames_removed
  File "/opt/airflow/dags/steam_pipeline_dag.py", line 13, in <module>
    from etl.bronze_extract import extract_app
  File "/opt/airflow/etl/bronze_extract.py", line 3, in <module>
    from tqdm import tqdm
ModuleNotFoundError: No module named 'tqdm'
[2025-08-16T14:58:28.103+0000] {processor.py:842} WARNING - No viable dags retrieved from /opt/airflow/dags/steam_pipeline_dag.py
[2025-08-16T14:58:28.123+0000] {processor.py:183} INFO - Processing /opt/airflow/dags/steam_pipeline_dag.py took 0.115 seconds
[2025-08-16T14:58:58.728+0000] {processor.py:161} INFO - Started process (PID=408) to work on /opt/airflow/dags/steam_pipeline_dag.py
[2025-08-16T14:58:58.730+0000] {processor.py:830} INFO - Processing file /opt/airflow/dags/steam_pipeline_dag.py for tasks to queue
[2025-08-16T14:58:58.731+0000] {logging_mixin.py:188} INFO - [2025-08-16T14:58:58.731+0000] {dagbag.py:545} INFO - Filling up the DagBag from /opt/airflow/dags/steam_pipeline_dag.py
[2025-08-16T14:58:58.792+0000] {logging_mixin.py:188} INFO - [2025-08-16T14:58:58.783+0000] {dagbag.py:355} ERROR - Failed to import: /opt/airflow/dags/steam_pipeline_dag.py
Traceback (most recent call last):
  File "/home/airflow/.local/lib/python3.12/site-packages/airflow/models/dagbag.py", line 351, in parse
    loader.exec_module(new_module)
  File "<frozen importlib._bootstrap_external>", line 995, in exec_module
  File "<frozen importlib._bootstrap>", line 488, in _call_with_frames_removed
  File "/opt/airflow/dags/steam_pipeline_dag.py", line 13, in <module>
    from etl.bronze_extract import extract_app
  File "/opt/airflow/etl/bronze_extract.py", line 3, in <module>
    from tqdm import tqdm
ModuleNotFoundError: No module named 'tqdm'
[2025-08-16T14:58:58.796+0000] {processor.py:842} WARNING - No viable dags retrieved from /opt/airflow/dags/steam_pipeline_dag.py
[2025-08-16T14:58:58.816+0000] {processor.py:183} INFO - Processing /opt/airflow/dags/steam_pipeline_dag.py took 0.095 seconds
[2025-08-16T14:59:29.012+0000] {processor.py:161} INFO - Started process (PID=409) to work on /opt/airflow/dags/steam_pipeline_dag.py
[2025-08-16T14:59:29.013+0000] {processor.py:830} INFO - Processing file /opt/airflow/dags/steam_pipeline_dag.py for tasks to queue
[2025-08-16T14:59:29.015+0000] {logging_mixin.py:188} INFO - [2025-08-16T14:59:29.014+0000] {dagbag.py:545} INFO - Filling up the DagBag from /opt/airflow/dags/steam_pipeline_dag.py
[2025-08-16T14:59:29.095+0000] {logging_mixin.py:188} INFO - [2025-08-16T14:59:29.085+0000] {dagbag.py:355} ERROR - Failed to import: /opt/airflow/dags/steam_pipeline_dag.py
Traceback (most recent call last):
  File "/home/airflow/.local/lib/python3.12/site-packages/airflow/models/dagbag.py", line 351, in parse
    loader.exec_module(new_module)
  File "<frozen importlib._bootstrap_external>", line 995, in exec_module
  File "<frozen importlib._bootstrap>", line 488, in _call_with_frames_removed
  File "/opt/airflow/dags/steam_pipeline_dag.py", line 13, in <module>
    from etl.bronze_extract import extract_app
  File "/opt/airflow/etl/bronze_extract.py", line 3, in <module>
    from tqdm import tqdm
ModuleNotFoundError: No module named 'tqdm'
[2025-08-16T14:59:29.098+0000] {processor.py:842} WARNING - No viable dags retrieved from /opt/airflow/dags/steam_pipeline_dag.py
[2025-08-16T14:59:29.114+0000] {processor.py:183} INFO - Processing /opt/airflow/dags/steam_pipeline_dag.py took 0.110 seconds
[2025-08-16T14:59:59.265+0000] {processor.py:161} INFO - Started process (PID=410) to work on /opt/airflow/dags/steam_pipeline_dag.py
[2025-08-16T14:59:59.266+0000] {processor.py:830} INFO - Processing file /opt/airflow/dags/steam_pipeline_dag.py for tasks to queue
[2025-08-16T14:59:59.269+0000] {logging_mixin.py:188} INFO - [2025-08-16T14:59:59.268+0000] {dagbag.py:545} INFO - Filling up the DagBag from /opt/airflow/dags/steam_pipeline_dag.py
[2025-08-16T14:59:59.372+0000] {logging_mixin.py:188} INFO - [2025-08-16T14:59:59.358+0000] {dagbag.py:355} ERROR - Failed to import: /opt/airflow/dags/steam_pipeline_dag.py
Traceback (most recent call last):
  File "/home/airflow/.local/lib/python3.12/site-packages/airflow/models/dagbag.py", line 351, in parse
    loader.exec_module(new_module)
  File "<frozen importlib._bootstrap_external>", line 995, in exec_module
  File "<frozen importlib._bootstrap>", line 488, in _call_with_frames_removed
  File "/opt/airflow/dags/steam_pipeline_dag.py", line 13, in <module>
    from etl.bronze_extract import extract_app
  File "/opt/airflow/etl/bronze_extract.py", line 3, in <module>
    from tqdm import tqdm
ModuleNotFoundError: No module named 'tqdm'
[2025-08-16T14:59:59.375+0000] {processor.py:842} WARNING - No viable dags retrieved from /opt/airflow/dags/steam_pipeline_dag.py
[2025-08-16T14:59:59.399+0000] {processor.py:183} INFO - Processing /opt/airflow/dags/steam_pipeline_dag.py took 0.140 seconds
[2025-08-16T15:00:29.583+0000] {processor.py:161} INFO - Started process (PID=411) to work on /opt/airflow/dags/steam_pipeline_dag.py
[2025-08-16T15:00:29.585+0000] {processor.py:830} INFO - Processing file /opt/airflow/dags/steam_pipeline_dag.py for tasks to queue
[2025-08-16T15:00:29.587+0000] {logging_mixin.py:188} INFO - [2025-08-16T15:00:29.587+0000] {dagbag.py:545} INFO - Filling up the DagBag from /opt/airflow/dags/steam_pipeline_dag.py
[2025-08-16T15:00:29.741+0000] {logging_mixin.py:188} INFO - [2025-08-16T15:00:29.725+0000] {dagbag.py:355} ERROR - Failed to import: /opt/airflow/dags/steam_pipeline_dag.py
Traceback (most recent call last):
  File "/home/airflow/.local/lib/python3.12/site-packages/airflow/models/dagbag.py", line 351, in parse
    loader.exec_module(new_module)
  File "<frozen importlib._bootstrap_external>", line 995, in exec_module
  File "<frozen importlib._bootstrap>", line 488, in _call_with_frames_removed
  File "/opt/airflow/dags/steam_pipeline_dag.py", line 13, in <module>
    from etl.bronze_extract import extract_app
  File "/opt/airflow/etl/bronze_extract.py", line 3, in <module>
    from tqdm import tqdm
ModuleNotFoundError: No module named 'tqdm'
[2025-08-16T15:00:29.745+0000] {processor.py:842} WARNING - No viable dags retrieved from /opt/airflow/dags/steam_pipeline_dag.py
[2025-08-16T15:00:29.773+0000] {processor.py:183} INFO - Processing /opt/airflow/dags/steam_pipeline_dag.py took 0.198 seconds
[2025-08-16T15:01:00.295+0000] {processor.py:161} INFO - Started process (PID=412) to work on /opt/airflow/dags/steam_pipeline_dag.py
[2025-08-16T15:01:00.297+0000] {processor.py:830} INFO - Processing file /opt/airflow/dags/steam_pipeline_dag.py for tasks to queue
[2025-08-16T15:01:00.300+0000] {logging_mixin.py:188} INFO - [2025-08-16T15:01:00.299+0000] {dagbag.py:545} INFO - Filling up the DagBag from /opt/airflow/dags/steam_pipeline_dag.py
[2025-08-16T15:01:00.372+0000] {logging_mixin.py:188} INFO - [2025-08-16T15:01:00.363+0000] {dagbag.py:355} ERROR - Failed to import: /opt/airflow/dags/steam_pipeline_dag.py
Traceback (most recent call last):
  File "/home/airflow/.local/lib/python3.12/site-packages/airflow/models/dagbag.py", line 351, in parse
    loader.exec_module(new_module)
  File "<frozen importlib._bootstrap_external>", line 995, in exec_module
  File "<frozen importlib._bootstrap>", line 488, in _call_with_frames_removed
  File "/opt/airflow/dags/steam_pipeline_dag.py", line 13, in <module>
    from etl.bronze_extract import extract_app
  File "/opt/airflow/etl/bronze_extract.py", line 3, in <module>
    from tqdm import tqdm
ModuleNotFoundError: No module named 'tqdm'
[2025-08-16T15:01:00.375+0000] {processor.py:842} WARNING - No viable dags retrieved from /opt/airflow/dags/steam_pipeline_dag.py
[2025-08-16T15:01:00.394+0000] {processor.py:183} INFO - Processing /opt/airflow/dags/steam_pipeline_dag.py took 0.106 seconds
[2025-08-16T15:01:31.313+0000] {processor.py:161} INFO - Started process (PID=413) to work on /opt/airflow/dags/steam_pipeline_dag.py
[2025-08-16T15:01:31.314+0000] {processor.py:830} INFO - Processing file /opt/airflow/dags/steam_pipeline_dag.py for tasks to queue
[2025-08-16T15:01:31.316+0000] {logging_mixin.py:188} INFO - [2025-08-16T15:01:31.316+0000] {dagbag.py:545} INFO - Filling up the DagBag from /opt/airflow/dags/steam_pipeline_dag.py
[2025-08-16T15:01:31.434+0000] {logging_mixin.py:188} INFO - [2025-08-16T15:01:31.422+0000] {dagbag.py:355} ERROR - Failed to import: /opt/airflow/dags/steam_pipeline_dag.py
Traceback (most recent call last):
  File "/home/airflow/.local/lib/python3.12/site-packages/airflow/models/dagbag.py", line 351, in parse
    loader.exec_module(new_module)
  File "<frozen importlib._bootstrap_external>", line 995, in exec_module
  File "<frozen importlib._bootstrap>", line 488, in _call_with_frames_removed
  File "/opt/airflow/dags/steam_pipeline_dag.py", line 13, in <module>
    from etl.bronze_extract import extract_app
  File "/opt/airflow/etl/bronze_extract.py", line 3, in <module>
    from tqdm import tqdm
ModuleNotFoundError: No module named 'tqdm'
[2025-08-16T15:01:31.440+0000] {processor.py:842} WARNING - No viable dags retrieved from /opt/airflow/dags/steam_pipeline_dag.py
[2025-08-16T15:01:31.467+0000] {processor.py:183} INFO - Processing /opt/airflow/dags/steam_pipeline_dag.py took 0.162 seconds
[2025-08-16T15:02:01.678+0000] {processor.py:161} INFO - Started process (PID=414) to work on /opt/airflow/dags/steam_pipeline_dag.py
[2025-08-16T15:02:01.686+0000] {processor.py:830} INFO - Processing file /opt/airflow/dags/steam_pipeline_dag.py for tasks to queue
[2025-08-16T15:02:01.690+0000] {logging_mixin.py:188} INFO - [2025-08-16T15:02:01.689+0000] {dagbag.py:545} INFO - Filling up the DagBag from /opt/airflow/dags/steam_pipeline_dag.py
[2025-08-16T15:02:01.763+0000] {logging_mixin.py:188} INFO - [2025-08-16T15:02:01.755+0000] {dagbag.py:355} ERROR - Failed to import: /opt/airflow/dags/steam_pipeline_dag.py
Traceback (most recent call last):
  File "/home/airflow/.local/lib/python3.12/site-packages/airflow/models/dagbag.py", line 351, in parse
    loader.exec_module(new_module)
  File "<frozen importlib._bootstrap_external>", line 995, in exec_module
  File "<frozen importlib._bootstrap>", line 488, in _call_with_frames_removed
  File "/opt/airflow/dags/steam_pipeline_dag.py", line 13, in <module>
    from etl.bronze_extract import extract_app
  File "/opt/airflow/etl/bronze_extract.py", line 3, in <module>
    from tqdm import tqdm
ModuleNotFoundError: No module named 'tqdm'
[2025-08-16T15:02:01.767+0000] {processor.py:842} WARNING - No viable dags retrieved from /opt/airflow/dags/steam_pipeline_dag.py
[2025-08-16T15:02:01.786+0000] {processor.py:183} INFO - Processing /opt/airflow/dags/steam_pipeline_dag.py took 0.116 seconds
[2025-08-16T15:02:32.718+0000] {processor.py:161} INFO - Started process (PID=415) to work on /opt/airflow/dags/steam_pipeline_dag.py
[2025-08-16T15:02:32.720+0000] {processor.py:830} INFO - Processing file /opt/airflow/dags/steam_pipeline_dag.py for tasks to queue
[2025-08-16T15:02:32.724+0000] {logging_mixin.py:188} INFO - [2025-08-16T15:02:32.723+0000] {dagbag.py:545} INFO - Filling up the DagBag from /opt/airflow/dags/steam_pipeline_dag.py
[2025-08-16T15:02:32.771+0000] {logging_mixin.py:188} INFO - [2025-08-16T15:02:32.764+0000] {dagbag.py:355} ERROR - Failed to import: /opt/airflow/dags/steam_pipeline_dag.py
Traceback (most recent call last):
  File "/home/airflow/.local/lib/python3.12/site-packages/airflow/models/dagbag.py", line 351, in parse
    loader.exec_module(new_module)
  File "<frozen importlib._bootstrap_external>", line 995, in exec_module
  File "<frozen importlib._bootstrap>", line 488, in _call_with_frames_removed
  File "/opt/airflow/dags/steam_pipeline_dag.py", line 13, in <module>
    from etl.bronze_extract import extract_app
  File "/opt/airflow/etl/bronze_extract.py", line 3, in <module>
    from tqdm import tqdm
ModuleNotFoundError: No module named 'tqdm'
[2025-08-16T15:02:32.773+0000] {processor.py:842} WARNING - No viable dags retrieved from /opt/airflow/dags/steam_pipeline_dag.py
[2025-08-16T15:02:32.787+0000] {processor.py:183} INFO - Processing /opt/airflow/dags/steam_pipeline_dag.py took 0.074 seconds
[2025-08-16T15:03:03.437+0000] {processor.py:161} INFO - Started process (PID=416) to work on /opt/airflow/dags/steam_pipeline_dag.py
[2025-08-16T15:03:03.438+0000] {processor.py:830} INFO - Processing file /opt/airflow/dags/steam_pipeline_dag.py for tasks to queue
[2025-08-16T15:03:03.440+0000] {logging_mixin.py:188} INFO - [2025-08-16T15:03:03.440+0000] {dagbag.py:545} INFO - Filling up the DagBag from /opt/airflow/dags/steam_pipeline_dag.py
[2025-08-16T15:03:03.484+0000] {logging_mixin.py:188} INFO - [2025-08-16T15:03:03.478+0000] {dagbag.py:355} ERROR - Failed to import: /opt/airflow/dags/steam_pipeline_dag.py
Traceback (most recent call last):
  File "/home/airflow/.local/lib/python3.12/site-packages/airflow/models/dagbag.py", line 351, in parse
    loader.exec_module(new_module)
  File "<frozen importlib._bootstrap_external>", line 995, in exec_module
  File "<frozen importlib._bootstrap>", line 488, in _call_with_frames_removed
  File "/opt/airflow/dags/steam_pipeline_dag.py", line 13, in <module>
    from etl.bronze_extract import extract_app
  File "/opt/airflow/etl/bronze_extract.py", line 3, in <module>
    from tqdm import tqdm
ModuleNotFoundError: No module named 'tqdm'
[2025-08-16T15:03:03.486+0000] {processor.py:842} WARNING - No viable dags retrieved from /opt/airflow/dags/steam_pipeline_dag.py
[2025-08-16T15:03:03.514+0000] {processor.py:183} INFO - Processing /opt/airflow/dags/steam_pipeline_dag.py took 0.084 seconds
[2025-08-16T15:03:34.653+0000] {processor.py:161} INFO - Started process (PID=417) to work on /opt/airflow/dags/steam_pipeline_dag.py
[2025-08-16T15:03:34.654+0000] {processor.py:830} INFO - Processing file /opt/airflow/dags/steam_pipeline_dag.py for tasks to queue
[2025-08-16T15:03:34.657+0000] {logging_mixin.py:188} INFO - [2025-08-16T15:03:34.656+0000] {dagbag.py:545} INFO - Filling up the DagBag from /opt/airflow/dags/steam_pipeline_dag.py
[2025-08-16T15:03:34.720+0000] {logging_mixin.py:188} INFO - [2025-08-16T15:03:34.707+0000] {dagbag.py:355} ERROR - Failed to import: /opt/airflow/dags/steam_pipeline_dag.py
Traceback (most recent call last):
  File "/home/airflow/.local/lib/python3.12/site-packages/airflow/models/dagbag.py", line 351, in parse
    loader.exec_module(new_module)
  File "<frozen importlib._bootstrap_external>", line 995, in exec_module
  File "<frozen importlib._bootstrap>", line 488, in _call_with_frames_removed
  File "/opt/airflow/dags/steam_pipeline_dag.py", line 13, in <module>
    from etl.bronze_extract import extract_app
  File "/opt/airflow/etl/bronze_extract.py", line 3, in <module>
    from tqdm import tqdm
ModuleNotFoundError: No module named 'tqdm'
[2025-08-16T15:03:34.724+0000] {processor.py:842} WARNING - No viable dags retrieved from /opt/airflow/dags/steam_pipeline_dag.py
[2025-08-16T15:03:34.745+0000] {processor.py:183} INFO - Processing /opt/airflow/dags/steam_pipeline_dag.py took 0.099 seconds
[2025-08-16T15:04:05.992+0000] {processor.py:161} INFO - Started process (PID=418) to work on /opt/airflow/dags/steam_pipeline_dag.py
[2025-08-16T15:04:05.993+0000] {processor.py:830} INFO - Processing file /opt/airflow/dags/steam_pipeline_dag.py for tasks to queue
[2025-08-16T15:04:05.999+0000] {logging_mixin.py:188} INFO - [2025-08-16T15:04:05.999+0000] {dagbag.py:545} INFO - Filling up the DagBag from /opt/airflow/dags/steam_pipeline_dag.py
[2025-08-16T15:04:06.070+0000] {logging_mixin.py:188} INFO - [2025-08-16T15:04:06.058+0000] {dagbag.py:355} ERROR - Failed to import: /opt/airflow/dags/steam_pipeline_dag.py
Traceback (most recent call last):
  File "/home/airflow/.local/lib/python3.12/site-packages/airflow/models/dagbag.py", line 351, in parse
    loader.exec_module(new_module)
  File "<frozen importlib._bootstrap_external>", line 995, in exec_module
  File "<frozen importlib._bootstrap>", line 488, in _call_with_frames_removed
  File "/opt/airflow/dags/steam_pipeline_dag.py", line 13, in <module>
    from etl.bronze_extract import extract_app
  File "/opt/airflow/etl/bronze_extract.py", line 3, in <module>
    from tqdm import tqdm
ModuleNotFoundError: No module named 'tqdm'
[2025-08-16T15:04:06.073+0000] {processor.py:842} WARNING - No viable dags retrieved from /opt/airflow/dags/steam_pipeline_dag.py
[2025-08-16T15:04:06.099+0000] {processor.py:183} INFO - Processing /opt/airflow/dags/steam_pipeline_dag.py took 0.117 seconds
[2025-08-16T15:04:36.469+0000] {processor.py:161} INFO - Started process (PID=419) to work on /opt/airflow/dags/steam_pipeline_dag.py
[2025-08-16T15:04:36.470+0000] {processor.py:830} INFO - Processing file /opt/airflow/dags/steam_pipeline_dag.py for tasks to queue
[2025-08-16T15:04:36.472+0000] {logging_mixin.py:188} INFO - [2025-08-16T15:04:36.472+0000] {dagbag.py:545} INFO - Filling up the DagBag from /opt/airflow/dags/steam_pipeline_dag.py
[2025-08-16T15:04:36.528+0000] {logging_mixin.py:188} INFO - [2025-08-16T15:04:36.520+0000] {dagbag.py:355} ERROR - Failed to import: /opt/airflow/dags/steam_pipeline_dag.py
Traceback (most recent call last):
  File "/home/airflow/.local/lib/python3.12/site-packages/airflow/models/dagbag.py", line 351, in parse
    loader.exec_module(new_module)
  File "<frozen importlib._bootstrap_external>", line 995, in exec_module
  File "<frozen importlib._bootstrap>", line 488, in _call_with_frames_removed
  File "/opt/airflow/dags/steam_pipeline_dag.py", line 13, in <module>
    from etl.bronze_extract import extract_app
  File "/opt/airflow/etl/bronze_extract.py", line 3, in <module>
    from tqdm import tqdm
ModuleNotFoundError: No module named 'tqdm'
[2025-08-16T15:04:36.531+0000] {processor.py:842} WARNING - No viable dags retrieved from /opt/airflow/dags/steam_pipeline_dag.py
[2025-08-16T15:04:36.549+0000] {processor.py:183} INFO - Processing /opt/airflow/dags/steam_pipeline_dag.py took 0.085 seconds
[2025-08-16T15:05:06.939+0000] {processor.py:161} INFO - Started process (PID=420) to work on /opt/airflow/dags/steam_pipeline_dag.py
[2025-08-16T15:05:06.941+0000] {processor.py:830} INFO - Processing file /opt/airflow/dags/steam_pipeline_dag.py for tasks to queue
[2025-08-16T15:05:06.944+0000] {logging_mixin.py:188} INFO - [2025-08-16T15:05:06.943+0000] {dagbag.py:545} INFO - Filling up the DagBag from /opt/airflow/dags/steam_pipeline_dag.py
[2025-08-16T15:05:07.047+0000] {logging_mixin.py:188} INFO - [2025-08-16T15:05:07.038+0000] {dagbag.py:355} ERROR - Failed to import: /opt/airflow/dags/steam_pipeline_dag.py
Traceback (most recent call last):
  File "/home/airflow/.local/lib/python3.12/site-packages/airflow/models/dagbag.py", line 351, in parse
    loader.exec_module(new_module)
  File "<frozen importlib._bootstrap_external>", line 995, in exec_module
  File "<frozen importlib._bootstrap>", line 488, in _call_with_frames_removed
  File "/opt/airflow/dags/steam_pipeline_dag.py", line 13, in <module>
    from etl.bronze_extract import extract_app
  File "/opt/airflow/etl/bronze_extract.py", line 3, in <module>
    from tqdm import tqdm
ModuleNotFoundError: No module named 'tqdm'
[2025-08-16T15:05:07.050+0000] {processor.py:842} WARNING - No viable dags retrieved from /opt/airflow/dags/steam_pipeline_dag.py
[2025-08-16T15:05:07.068+0000] {processor.py:183} INFO - Processing /opt/airflow/dags/steam_pipeline_dag.py took 0.141 seconds
[2025-08-16T15:05:37.247+0000] {processor.py:161} INFO - Started process (PID=421) to work on /opt/airflow/dags/steam_pipeline_dag.py
[2025-08-16T15:05:37.249+0000] {processor.py:830} INFO - Processing file /opt/airflow/dags/steam_pipeline_dag.py for tasks to queue
[2025-08-16T15:05:37.251+0000] {logging_mixin.py:188} INFO - [2025-08-16T15:05:37.250+0000] {dagbag.py:545} INFO - Filling up the DagBag from /opt/airflow/dags/steam_pipeline_dag.py
[2025-08-16T15:05:37.328+0000] {logging_mixin.py:188} INFO - [2025-08-16T15:05:37.318+0000] {dagbag.py:355} ERROR - Failed to import: /opt/airflow/dags/steam_pipeline_dag.py
Traceback (most recent call last):
  File "/home/airflow/.local/lib/python3.12/site-packages/airflow/models/dagbag.py", line 351, in parse
    loader.exec_module(new_module)
  File "<frozen importlib._bootstrap_external>", line 995, in exec_module
  File "<frozen importlib._bootstrap>", line 488, in _call_with_frames_removed
  File "/opt/airflow/dags/steam_pipeline_dag.py", line 13, in <module>
    from etl.bronze_extract import extract_app
  File "/opt/airflow/etl/bronze_extract.py", line 3, in <module>
    from tqdm import tqdm
ModuleNotFoundError: No module named 'tqdm'
[2025-08-16T15:05:37.332+0000] {processor.py:842} WARNING - No viable dags retrieved from /opt/airflow/dags/steam_pipeline_dag.py
[2025-08-16T15:05:37.355+0000] {processor.py:183} INFO - Processing /opt/airflow/dags/steam_pipeline_dag.py took 0.116 seconds
[2025-08-16T15:06:08.015+0000] {processor.py:161} INFO - Started process (PID=422) to work on /opt/airflow/dags/steam_pipeline_dag.py
[2025-08-16T15:06:08.016+0000] {processor.py:830} INFO - Processing file /opt/airflow/dags/steam_pipeline_dag.py for tasks to queue
[2025-08-16T15:06:08.019+0000] {logging_mixin.py:188} INFO - [2025-08-16T15:06:08.018+0000] {dagbag.py:545} INFO - Filling up the DagBag from /opt/airflow/dags/steam_pipeline_dag.py
[2025-08-16T15:06:08.098+0000] {logging_mixin.py:188} INFO - [2025-08-16T15:06:08.091+0000] {dagbag.py:355} ERROR - Failed to import: /opt/airflow/dags/steam_pipeline_dag.py
Traceback (most recent call last):
  File "/home/airflow/.local/lib/python3.12/site-packages/airflow/models/dagbag.py", line 351, in parse
    loader.exec_module(new_module)
  File "<frozen importlib._bootstrap_external>", line 995, in exec_module
  File "<frozen importlib._bootstrap>", line 488, in _call_with_frames_removed
  File "/opt/airflow/dags/steam_pipeline_dag.py", line 13, in <module>
    from etl.bronze_extract import extract_app
  File "/opt/airflow/etl/bronze_extract.py", line 3, in <module>
    from tqdm import tqdm
ModuleNotFoundError: No module named 'tqdm'
[2025-08-16T15:06:08.101+0000] {processor.py:842} WARNING - No viable dags retrieved from /opt/airflow/dags/steam_pipeline_dag.py
[2025-08-16T15:06:08.119+0000] {processor.py:183} INFO - Processing /opt/airflow/dags/steam_pipeline_dag.py took 0.111 seconds
[2025-08-16T15:06:38.357+0000] {processor.py:161} INFO - Started process (PID=423) to work on /opt/airflow/dags/steam_pipeline_dag.py
[2025-08-16T15:06:38.358+0000] {processor.py:830} INFO - Processing file /opt/airflow/dags/steam_pipeline_dag.py for tasks to queue
[2025-08-16T15:06:38.361+0000] {logging_mixin.py:188} INFO - [2025-08-16T15:06:38.360+0000] {dagbag.py:545} INFO - Filling up the DagBag from /opt/airflow/dags/steam_pipeline_dag.py
[2025-08-16T15:06:38.419+0000] {logging_mixin.py:188} INFO - [2025-08-16T15:06:38.412+0000] {dagbag.py:355} ERROR - Failed to import: /opt/airflow/dags/steam_pipeline_dag.py
Traceback (most recent call last):
  File "/home/airflow/.local/lib/python3.12/site-packages/airflow/models/dagbag.py", line 351, in parse
    loader.exec_module(new_module)
  File "<frozen importlib._bootstrap_external>", line 995, in exec_module
  File "<frozen importlib._bootstrap>", line 488, in _call_with_frames_removed
  File "/opt/airflow/dags/steam_pipeline_dag.py", line 13, in <module>
    from etl.bronze_extract import extract_app
  File "/opt/airflow/etl/bronze_extract.py", line 3, in <module>
    from tqdm import tqdm
ModuleNotFoundError: No module named 'tqdm'
[2025-08-16T15:06:38.422+0000] {processor.py:842} WARNING - No viable dags retrieved from /opt/airflow/dags/steam_pipeline_dag.py
[2025-08-16T15:06:38.439+0000] {processor.py:183} INFO - Processing /opt/airflow/dags/steam_pipeline_dag.py took 0.090 seconds
[2025-08-16T15:07:09.086+0000] {processor.py:161} INFO - Started process (PID=424) to work on /opt/airflow/dags/steam_pipeline_dag.py
[2025-08-16T15:07:09.087+0000] {processor.py:830} INFO - Processing file /opt/airflow/dags/steam_pipeline_dag.py for tasks to queue
[2025-08-16T15:07:09.091+0000] {logging_mixin.py:188} INFO - [2025-08-16T15:07:09.091+0000] {dagbag.py:545} INFO - Filling up the DagBag from /opt/airflow/dags/steam_pipeline_dag.py
[2025-08-16T15:07:09.198+0000] {logging_mixin.py:188} INFO - [2025-08-16T15:07:09.179+0000] {dagbag.py:355} ERROR - Failed to import: /opt/airflow/dags/steam_pipeline_dag.py
Traceback (most recent call last):
  File "/home/airflow/.local/lib/python3.12/site-packages/airflow/models/dagbag.py", line 351, in parse
    loader.exec_module(new_module)
  File "<frozen importlib._bootstrap_external>", line 995, in exec_module
  File "<frozen importlib._bootstrap>", line 488, in _call_with_frames_removed
  File "/opt/airflow/dags/steam_pipeline_dag.py", line 13, in <module>
    from etl.bronze_extract import extract_app
  File "/opt/airflow/etl/bronze_extract.py", line 3, in <module>
    from tqdm import tqdm
ModuleNotFoundError: No module named 'tqdm'
[2025-08-16T15:07:09.204+0000] {processor.py:842} WARNING - No viable dags retrieved from /opt/airflow/dags/steam_pipeline_dag.py
[2025-08-16T15:07:09.235+0000] {processor.py:183} INFO - Processing /opt/airflow/dags/steam_pipeline_dag.py took 0.158 seconds
[2025-08-16T15:07:39.543+0000] {processor.py:161} INFO - Started process (PID=425) to work on /opt/airflow/dags/steam_pipeline_dag.py
[2025-08-16T15:07:39.544+0000] {processor.py:830} INFO - Processing file /opt/airflow/dags/steam_pipeline_dag.py for tasks to queue
[2025-08-16T15:07:39.547+0000] {logging_mixin.py:188} INFO - [2025-08-16T15:07:39.546+0000] {dagbag.py:545} INFO - Filling up the DagBag from /opt/airflow/dags/steam_pipeline_dag.py
[2025-08-16T15:07:39.602+0000] {logging_mixin.py:188} INFO - [2025-08-16T15:07:39.593+0000] {dagbag.py:355} ERROR - Failed to import: /opt/airflow/dags/steam_pipeline_dag.py
Traceback (most recent call last):
  File "/home/airflow/.local/lib/python3.12/site-packages/airflow/models/dagbag.py", line 351, in parse
    loader.exec_module(new_module)
  File "<frozen importlib._bootstrap_external>", line 995, in exec_module
  File "<frozen importlib._bootstrap>", line 488, in _call_with_frames_removed
  File "/opt/airflow/dags/steam_pipeline_dag.py", line 13, in <module>
    from etl.bronze_extract import extract_app
  File "/opt/airflow/etl/bronze_extract.py", line 3, in <module>
    from tqdm import tqdm
ModuleNotFoundError: No module named 'tqdm'
[2025-08-16T15:07:39.605+0000] {processor.py:842} WARNING - No viable dags retrieved from /opt/airflow/dags/steam_pipeline_dag.py
[2025-08-16T15:07:39.623+0000] {processor.py:183} INFO - Processing /opt/airflow/dags/steam_pipeline_dag.py took 0.088 seconds
[2025-08-16T15:08:10.501+0000] {processor.py:161} INFO - Started process (PID=426) to work on /opt/airflow/dags/steam_pipeline_dag.py
[2025-08-16T15:08:10.502+0000] {processor.py:830} INFO - Processing file /opt/airflow/dags/steam_pipeline_dag.py for tasks to queue
[2025-08-16T15:08:10.505+0000] {logging_mixin.py:188} INFO - [2025-08-16T15:08:10.504+0000] {dagbag.py:545} INFO - Filling up the DagBag from /opt/airflow/dags/steam_pipeline_dag.py
[2025-08-16T15:08:10.563+0000] {logging_mixin.py:188} INFO - [2025-08-16T15:08:10.555+0000] {dagbag.py:355} ERROR - Failed to import: /opt/airflow/dags/steam_pipeline_dag.py
Traceback (most recent call last):
  File "/home/airflow/.local/lib/python3.12/site-packages/airflow/models/dagbag.py", line 351, in parse
    loader.exec_module(new_module)
  File "<frozen importlib._bootstrap_external>", line 995, in exec_module
  File "<frozen importlib._bootstrap>", line 488, in _call_with_frames_removed
  File "/opt/airflow/dags/steam_pipeline_dag.py", line 13, in <module>
    from etl.bronze_extract import extract_app
  File "/opt/airflow/etl/bronze_extract.py", line 3, in <module>
    from tqdm import tqdm
ModuleNotFoundError: No module named 'tqdm'
[2025-08-16T15:08:10.565+0000] {processor.py:842} WARNING - No viable dags retrieved from /opt/airflow/dags/steam_pipeline_dag.py
[2025-08-16T15:08:10.581+0000] {processor.py:183} INFO - Processing /opt/airflow/dags/steam_pipeline_dag.py took 0.089 seconds
[2025-08-16T15:08:41.000+0000] {processor.py:161} INFO - Started process (PID=427) to work on /opt/airflow/dags/steam_pipeline_dag.py
[2025-08-16T15:08:41.002+0000] {processor.py:830} INFO - Processing file /opt/airflow/dags/steam_pipeline_dag.py for tasks to queue
[2025-08-16T15:08:41.005+0000] {logging_mixin.py:188} INFO - [2025-08-16T15:08:41.004+0000] {dagbag.py:545} INFO - Filling up the DagBag from /opt/airflow/dags/steam_pipeline_dag.py
[2025-08-16T15:08:41.085+0000] {logging_mixin.py:188} INFO - [2025-08-16T15:08:41.074+0000] {dagbag.py:355} ERROR - Failed to import: /opt/airflow/dags/steam_pipeline_dag.py
Traceback (most recent call last):
  File "/home/airflow/.local/lib/python3.12/site-packages/airflow/models/dagbag.py", line 351, in parse
    loader.exec_module(new_module)
  File "<frozen importlib._bootstrap_external>", line 995, in exec_module
  File "<frozen importlib._bootstrap>", line 488, in _call_with_frames_removed
  File "/opt/airflow/dags/steam_pipeline_dag.py", line 13, in <module>
    from etl.bronze_extract import extract_app
  File "/opt/airflow/etl/bronze_extract.py", line 3, in <module>
    from tqdm import tqdm
ModuleNotFoundError: No module named 'tqdm'
[2025-08-16T15:08:41.088+0000] {processor.py:842} WARNING - No viable dags retrieved from /opt/airflow/dags/steam_pipeline_dag.py
[2025-08-16T15:08:41.109+0000] {processor.py:183} INFO - Processing /opt/airflow/dags/steam_pipeline_dag.py took 0.119 seconds
[2025-08-16T15:09:11.333+0000] {processor.py:161} INFO - Started process (PID=428) to work on /opt/airflow/dags/steam_pipeline_dag.py
[2025-08-16T15:09:11.334+0000] {processor.py:830} INFO - Processing file /opt/airflow/dags/steam_pipeline_dag.py for tasks to queue
[2025-08-16T15:09:11.339+0000] {logging_mixin.py:188} INFO - [2025-08-16T15:09:11.338+0000] {dagbag.py:545} INFO - Filling up the DagBag from /opt/airflow/dags/steam_pipeline_dag.py
[2025-08-16T15:09:11.402+0000] {logging_mixin.py:188} INFO - [2025-08-16T15:09:11.393+0000] {dagbag.py:355} ERROR - Failed to import: /opt/airflow/dags/steam_pipeline_dag.py
Traceback (most recent call last):
  File "/home/airflow/.local/lib/python3.12/site-packages/airflow/models/dagbag.py", line 351, in parse
    loader.exec_module(new_module)
  File "<frozen importlib._bootstrap_external>", line 995, in exec_module
  File "<frozen importlib._bootstrap>", line 488, in _call_with_frames_removed
  File "/opt/airflow/dags/steam_pipeline_dag.py", line 13, in <module>
    from etl.bronze_extract import extract_app
  File "/opt/airflow/etl/bronze_extract.py", line 3, in <module>
    from tqdm import tqdm
ModuleNotFoundError: No module named 'tqdm'
[2025-08-16T15:09:11.405+0000] {processor.py:842} WARNING - No viable dags retrieved from /opt/airflow/dags/steam_pipeline_dag.py
[2025-08-16T15:09:11.421+0000] {processor.py:183} INFO - Processing /opt/airflow/dags/steam_pipeline_dag.py took 0.106 seconds
[2025-08-16T15:09:42.126+0000] {processor.py:161} INFO - Started process (PID=429) to work on /opt/airflow/dags/steam_pipeline_dag.py
[2025-08-16T15:09:42.127+0000] {processor.py:830} INFO - Processing file /opt/airflow/dags/steam_pipeline_dag.py for tasks to queue
[2025-08-16T15:09:42.130+0000] {logging_mixin.py:188} INFO - [2025-08-16T15:09:42.130+0000] {dagbag.py:545} INFO - Filling up the DagBag from /opt/airflow/dags/steam_pipeline_dag.py
[2025-08-16T15:09:42.182+0000] {logging_mixin.py:188} INFO - [2025-08-16T15:09:42.176+0000] {dagbag.py:355} ERROR - Failed to import: /opt/airflow/dags/steam_pipeline_dag.py
Traceback (most recent call last):
  File "/home/airflow/.local/lib/python3.12/site-packages/airflow/models/dagbag.py", line 351, in parse
    loader.exec_module(new_module)
  File "<frozen importlib._bootstrap_external>", line 995, in exec_module
  File "<frozen importlib._bootstrap>", line 488, in _call_with_frames_removed
  File "/opt/airflow/dags/steam_pipeline_dag.py", line 13, in <module>
    from etl.bronze_extract import extract_app
  File "/opt/airflow/etl/bronze_extract.py", line 3, in <module>
    from tqdm import tqdm
ModuleNotFoundError: No module named 'tqdm'
[2025-08-16T15:09:42.184+0000] {processor.py:842} WARNING - No viable dags retrieved from /opt/airflow/dags/steam_pipeline_dag.py
[2025-08-16T15:09:42.200+0000] {processor.py:183} INFO - Processing /opt/airflow/dags/steam_pipeline_dag.py took 0.086 seconds
[2025-08-16T15:10:12.436+0000] {processor.py:161} INFO - Started process (PID=430) to work on /opt/airflow/dags/steam_pipeline_dag.py
[2025-08-16T15:10:12.437+0000] {processor.py:830} INFO - Processing file /opt/airflow/dags/steam_pipeline_dag.py for tasks to queue
[2025-08-16T15:10:12.439+0000] {logging_mixin.py:188} INFO - [2025-08-16T15:10:12.439+0000] {dagbag.py:545} INFO - Filling up the DagBag from /opt/airflow/dags/steam_pipeline_dag.py
[2025-08-16T15:10:12.494+0000] {logging_mixin.py:188} INFO - [2025-08-16T15:10:12.487+0000] {dagbag.py:355} ERROR - Failed to import: /opt/airflow/dags/steam_pipeline_dag.py
Traceback (most recent call last):
  File "/home/airflow/.local/lib/python3.12/site-packages/airflow/models/dagbag.py", line 351, in parse
    loader.exec_module(new_module)
  File "<frozen importlib._bootstrap_external>", line 995, in exec_module
  File "<frozen importlib._bootstrap>", line 488, in _call_with_frames_removed
  File "/opt/airflow/dags/steam_pipeline_dag.py", line 13, in <module>
    from etl.bronze_extract import extract_app
  File "/opt/airflow/etl/bronze_extract.py", line 3, in <module>
    from tqdm import tqdm
ModuleNotFoundError: No module named 'tqdm'
[2025-08-16T15:10:12.497+0000] {processor.py:842} WARNING - No viable dags retrieved from /opt/airflow/dags/steam_pipeline_dag.py
[2025-08-16T15:10:12.518+0000] {processor.py:183} INFO - Processing /opt/airflow/dags/steam_pipeline_dag.py took 0.088 seconds
[2025-08-16T15:10:42.708+0000] {processor.py:161} INFO - Started process (PID=431) to work on /opt/airflow/dags/steam_pipeline_dag.py
[2025-08-16T15:10:42.709+0000] {processor.py:830} INFO - Processing file /opt/airflow/dags/steam_pipeline_dag.py for tasks to queue
[2025-08-16T15:10:42.711+0000] {logging_mixin.py:188} INFO - [2025-08-16T15:10:42.710+0000] {dagbag.py:545} INFO - Filling up the DagBag from /opt/airflow/dags/steam_pipeline_dag.py
[2025-08-16T15:10:42.769+0000] {logging_mixin.py:188} INFO - [2025-08-16T15:10:42.762+0000] {dagbag.py:355} ERROR - Failed to import: /opt/airflow/dags/steam_pipeline_dag.py
Traceback (most recent call last):
  File "/home/airflow/.local/lib/python3.12/site-packages/airflow/models/dagbag.py", line 351, in parse
    loader.exec_module(new_module)
  File "<frozen importlib._bootstrap_external>", line 995, in exec_module
  File "<frozen importlib._bootstrap>", line 488, in _call_with_frames_removed
  File "/opt/airflow/dags/steam_pipeline_dag.py", line 13, in <module>
    from etl.bronze_extract import extract_app
  File "/opt/airflow/etl/bronze_extract.py", line 3, in <module>
    from tqdm import tqdm
ModuleNotFoundError: No module named 'tqdm'
[2025-08-16T15:10:42.772+0000] {processor.py:842} WARNING - No viable dags retrieved from /opt/airflow/dags/steam_pipeline_dag.py
[2025-08-16T15:10:42.790+0000] {processor.py:183} INFO - Processing /opt/airflow/dags/steam_pipeline_dag.py took 0.089 seconds
[2025-08-16T15:11:13.076+0000] {processor.py:161} INFO - Started process (PID=432) to work on /opt/airflow/dags/steam_pipeline_dag.py
[2025-08-16T15:11:13.077+0000] {processor.py:830} INFO - Processing file /opt/airflow/dags/steam_pipeline_dag.py for tasks to queue
[2025-08-16T15:11:13.079+0000] {logging_mixin.py:188} INFO - [2025-08-16T15:11:13.078+0000] {dagbag.py:545} INFO - Filling up the DagBag from /opt/airflow/dags/steam_pipeline_dag.py
[2025-08-16T15:11:13.122+0000] {logging_mixin.py:188} INFO - [2025-08-16T15:11:13.116+0000] {dagbag.py:355} ERROR - Failed to import: /opt/airflow/dags/steam_pipeline_dag.py
Traceback (most recent call last):
  File "/home/airflow/.local/lib/python3.12/site-packages/airflow/models/dagbag.py", line 351, in parse
    loader.exec_module(new_module)
  File "<frozen importlib._bootstrap_external>", line 995, in exec_module
  File "<frozen importlib._bootstrap>", line 488, in _call_with_frames_removed
  File "/opt/airflow/dags/steam_pipeline_dag.py", line 13, in <module>
    from etl.bronze_extract import extract_app
  File "/opt/airflow/etl/bronze_extract.py", line 3, in <module>
    from tqdm import tqdm
ModuleNotFoundError: No module named 'tqdm'
[2025-08-16T15:11:13.124+0000] {processor.py:842} WARNING - No viable dags retrieved from /opt/airflow/dags/steam_pipeline_dag.py
[2025-08-16T15:11:13.142+0000] {processor.py:183} INFO - Processing /opt/airflow/dags/steam_pipeline_dag.py took 0.074 seconds
[2025-08-16T15:11:44.244+0000] {processor.py:161} INFO - Started process (PID=433) to work on /opt/airflow/dags/steam_pipeline_dag.py
[2025-08-16T15:11:44.245+0000] {processor.py:830} INFO - Processing file /opt/airflow/dags/steam_pipeline_dag.py for tasks to queue
[2025-08-16T15:11:44.247+0000] {logging_mixin.py:188} INFO - [2025-08-16T15:11:44.247+0000] {dagbag.py:545} INFO - Filling up the DagBag from /opt/airflow/dags/steam_pipeline_dag.py
[2025-08-16T15:11:44.297+0000] {logging_mixin.py:188} INFO - [2025-08-16T15:11:44.291+0000] {dagbag.py:355} ERROR - Failed to import: /opt/airflow/dags/steam_pipeline_dag.py
Traceback (most recent call last):
  File "/home/airflow/.local/lib/python3.12/site-packages/airflow/models/dagbag.py", line 351, in parse
    loader.exec_module(new_module)
  File "<frozen importlib._bootstrap_external>", line 995, in exec_module
  File "<frozen importlib._bootstrap>", line 488, in _call_with_frames_removed
  File "/opt/airflow/dags/steam_pipeline_dag.py", line 13, in <module>
    from etl.bronze_extract import extract_app
  File "/opt/airflow/etl/bronze_extract.py", line 3, in <module>
    from tqdm import tqdm
ModuleNotFoundError: No module named 'tqdm'
[2025-08-16T15:11:44.299+0000] {processor.py:842} WARNING - No viable dags retrieved from /opt/airflow/dags/steam_pipeline_dag.py
[2025-08-16T15:11:44.317+0000] {processor.py:183} INFO - Processing /opt/airflow/dags/steam_pipeline_dag.py took 0.082 seconds
[2025-08-16T15:12:14.477+0000] {processor.py:161} INFO - Started process (PID=434) to work on /opt/airflow/dags/steam_pipeline_dag.py
[2025-08-16T15:12:14.478+0000] {processor.py:830} INFO - Processing file /opt/airflow/dags/steam_pipeline_dag.py for tasks to queue
[2025-08-16T15:12:14.481+0000] {logging_mixin.py:188} INFO - [2025-08-16T15:12:14.481+0000] {dagbag.py:545} INFO - Filling up the DagBag from /opt/airflow/dags/steam_pipeline_dag.py
[2025-08-16T15:12:14.578+0000] {logging_mixin.py:188} INFO - [2025-08-16T15:12:14.571+0000] {dagbag.py:355} ERROR - Failed to import: /opt/airflow/dags/steam_pipeline_dag.py
Traceback (most recent call last):
  File "/home/airflow/.local/lib/python3.12/site-packages/airflow/models/dagbag.py", line 351, in parse
    loader.exec_module(new_module)
  File "<frozen importlib._bootstrap_external>", line 995, in exec_module
  File "<frozen importlib._bootstrap>", line 488, in _call_with_frames_removed
  File "/opt/airflow/dags/steam_pipeline_dag.py", line 13, in <module>
    from etl.bronze_extract import extract_app
  File "/opt/airflow/etl/bronze_extract.py", line 3, in <module>
    from tqdm import tqdm
ModuleNotFoundError: No module named 'tqdm'
[2025-08-16T15:12:14.580+0000] {processor.py:842} WARNING - No viable dags retrieved from /opt/airflow/dags/steam_pipeline_dag.py
[2025-08-16T15:12:14.598+0000] {processor.py:183} INFO - Processing /opt/airflow/dags/steam_pipeline_dag.py took 0.130 seconds
[2025-08-16T15:12:45.087+0000] {processor.py:161} INFO - Started process (PID=435) to work on /opt/airflow/dags/steam_pipeline_dag.py
[2025-08-16T15:12:45.089+0000] {processor.py:830} INFO - Processing file /opt/airflow/dags/steam_pipeline_dag.py for tasks to queue
[2025-08-16T15:12:45.091+0000] {logging_mixin.py:188} INFO - [2025-08-16T15:12:45.091+0000] {dagbag.py:545} INFO - Filling up the DagBag from /opt/airflow/dags/steam_pipeline_dag.py
[2025-08-16T15:12:45.149+0000] {logging_mixin.py:188} INFO - [2025-08-16T15:12:45.142+0000] {dagbag.py:355} ERROR - Failed to import: /opt/airflow/dags/steam_pipeline_dag.py
Traceback (most recent call last):
  File "/home/airflow/.local/lib/python3.12/site-packages/airflow/models/dagbag.py", line 351, in parse
    loader.exec_module(new_module)
  File "<frozen importlib._bootstrap_external>", line 995, in exec_module
  File "<frozen importlib._bootstrap>", line 488, in _call_with_frames_removed
  File "/opt/airflow/dags/steam_pipeline_dag.py", line 13, in <module>
    from etl.bronze_extract import extract_app
  File "/opt/airflow/etl/bronze_extract.py", line 3, in <module>
    from tqdm import tqdm
ModuleNotFoundError: No module named 'tqdm'
[2025-08-16T15:12:45.150+0000] {processor.py:842} WARNING - No viable dags retrieved from /opt/airflow/dags/steam_pipeline_dag.py
[2025-08-16T15:12:45.173+0000] {processor.py:183} INFO - Processing /opt/airflow/dags/steam_pipeline_dag.py took 0.096 seconds
[2025-08-16T15:13:15.440+0000] {processor.py:161} INFO - Started process (PID=436) to work on /opt/airflow/dags/steam_pipeline_dag.py
[2025-08-16T15:13:15.442+0000] {processor.py:830} INFO - Processing file /opt/airflow/dags/steam_pipeline_dag.py for tasks to queue
[2025-08-16T15:13:15.444+0000] {logging_mixin.py:188} INFO - [2025-08-16T15:13:15.444+0000] {dagbag.py:545} INFO - Filling up the DagBag from /opt/airflow/dags/steam_pipeline_dag.py
[2025-08-16T15:13:15.541+0000] {logging_mixin.py:188} INFO - [2025-08-16T15:13:15.533+0000] {dagbag.py:355} ERROR - Failed to import: /opt/airflow/dags/steam_pipeline_dag.py
Traceback (most recent call last):
  File "/home/airflow/.local/lib/python3.12/site-packages/airflow/models/dagbag.py", line 351, in parse
    loader.exec_module(new_module)
  File "<frozen importlib._bootstrap_external>", line 995, in exec_module
  File "<frozen importlib._bootstrap>", line 488, in _call_with_frames_removed
  File "/opt/airflow/dags/steam_pipeline_dag.py", line 13, in <module>
    from etl.bronze_extract import extract_app
  File "/opt/airflow/etl/bronze_extract.py", line 3, in <module>
    from tqdm import tqdm
ModuleNotFoundError: No module named 'tqdm'
[2025-08-16T15:13:15.545+0000] {processor.py:842} WARNING - No viable dags retrieved from /opt/airflow/dags/steam_pipeline_dag.py
[2025-08-16T15:13:15.567+0000] {processor.py:183} INFO - Processing /opt/airflow/dags/steam_pipeline_dag.py took 0.138 seconds
[2025-08-16T15:13:45.700+0000] {processor.py:161} INFO - Started process (PID=437) to work on /opt/airflow/dags/steam_pipeline_dag.py
[2025-08-16T15:13:45.701+0000] {processor.py:830} INFO - Processing file /opt/airflow/dags/steam_pipeline_dag.py for tasks to queue
[2025-08-16T15:13:45.703+0000] {logging_mixin.py:188} INFO - [2025-08-16T15:13:45.702+0000] {dagbag.py:545} INFO - Filling up the DagBag from /opt/airflow/dags/steam_pipeline_dag.py
[2025-08-16T15:13:45.758+0000] {logging_mixin.py:188} INFO - [2025-08-16T15:13:45.748+0000] {dagbag.py:355} ERROR - Failed to import: /opt/airflow/dags/steam_pipeline_dag.py
Traceback (most recent call last):
  File "/home/airflow/.local/lib/python3.12/site-packages/airflow/models/dagbag.py", line 351, in parse
    loader.exec_module(new_module)
  File "<frozen importlib._bootstrap_external>", line 995, in exec_module
  File "<frozen importlib._bootstrap>", line 488, in _call_with_frames_removed
  File "/opt/airflow/dags/steam_pipeline_dag.py", line 13, in <module>
    from etl.bronze_extract import extract_app
  File "/opt/airflow/etl/bronze_extract.py", line 3, in <module>
    from tqdm import tqdm
ModuleNotFoundError: No module named 'tqdm'
[2025-08-16T15:13:45.762+0000] {processor.py:842} WARNING - No viable dags retrieved from /opt/airflow/dags/steam_pipeline_dag.py
[2025-08-16T15:13:45.778+0000] {processor.py:183} INFO - Processing /opt/airflow/dags/steam_pipeline_dag.py took 0.083 seconds
[2025-08-16T15:14:30.069+0000] {processor.py:161} INFO - Started process (PID=438) to work on /opt/airflow/dags/steam_pipeline_dag.py
[2025-08-16T15:14:30.070+0000] {processor.py:830} INFO - Processing file /opt/airflow/dags/steam_pipeline_dag.py for tasks to queue
[2025-08-16T15:14:30.073+0000] {logging_mixin.py:188} INFO - [2025-08-16T15:14:30.073+0000] {dagbag.py:545} INFO - Filling up the DagBag from /opt/airflow/dags/steam_pipeline_dag.py
[2025-08-16T15:14:30.150+0000] {logging_mixin.py:188} INFO - [2025-08-16T15:14:30.139+0000] {dagbag.py:355} ERROR - Failed to import: /opt/airflow/dags/steam_pipeline_dag.py
Traceback (most recent call last):
  File "/home/airflow/.local/lib/python3.12/site-packages/airflow/models/dagbag.py", line 351, in parse
    loader.exec_module(new_module)
  File "<frozen importlib._bootstrap_external>", line 995, in exec_module
  File "<frozen importlib._bootstrap>", line 488, in _call_with_frames_removed
  File "/opt/airflow/dags/steam_pipeline_dag.py", line 13, in <module>
    from etl.bronze_extract import extract_app
  File "/opt/airflow/etl/bronze_extract.py", line 3, in <module>
    from tqdm import tqdm
ModuleNotFoundError: No module named 'tqdm'
[2025-08-16T15:14:30.154+0000] {processor.py:842} WARNING - No viable dags retrieved from /opt/airflow/dags/steam_pipeline_dag.py
[2025-08-16T15:14:30.175+0000] {processor.py:183} INFO - Processing /opt/airflow/dags/steam_pipeline_dag.py took 0.113 seconds
[2025-08-16T15:15:00.702+0000] {processor.py:161} INFO - Started process (PID=439) to work on /opt/airflow/dags/steam_pipeline_dag.py
[2025-08-16T15:15:00.712+0000] {processor.py:830} INFO - Processing file /opt/airflow/dags/steam_pipeline_dag.py for tasks to queue
[2025-08-16T15:15:00.733+0000] {logging_mixin.py:188} INFO - [2025-08-16T15:15:00.732+0000] {dagbag.py:545} INFO - Filling up the DagBag from /opt/airflow/dags/steam_pipeline_dag.py
[2025-08-16T15:15:00.818+0000] {logging_mixin.py:188} INFO - [2025-08-16T15:15:00.808+0000] {dagbag.py:355} ERROR - Failed to import: /opt/airflow/dags/steam_pipeline_dag.py
Traceback (most recent call last):
  File "/home/airflow/.local/lib/python3.12/site-packages/airflow/models/dagbag.py", line 351, in parse
    loader.exec_module(new_module)
  File "<frozen importlib._bootstrap_external>", line 995, in exec_module
  File "<frozen importlib._bootstrap>", line 488, in _call_with_frames_removed
  File "/opt/airflow/dags/steam_pipeline_dag.py", line 13, in <module>
    from etl.bronze_extract import extract_app
  File "/opt/airflow/etl/bronze_extract.py", line 3, in <module>
    from tqdm import tqdm
ModuleNotFoundError: No module named 'tqdm'
[2025-08-16T15:15:00.821+0000] {processor.py:842} WARNING - No viable dags retrieved from /opt/airflow/dags/steam_pipeline_dag.py
[2025-08-16T15:15:00.842+0000] {processor.py:183} INFO - Processing /opt/airflow/dags/steam_pipeline_dag.py took 0.148 seconds
[2025-08-16T15:15:31.573+0000] {processor.py:161} INFO - Started process (PID=440) to work on /opt/airflow/dags/steam_pipeline_dag.py
[2025-08-16T15:15:31.576+0000] {processor.py:830} INFO - Processing file /opt/airflow/dags/steam_pipeline_dag.py for tasks to queue
[2025-08-16T15:15:31.579+0000] {logging_mixin.py:188} INFO - [2025-08-16T15:15:31.578+0000] {dagbag.py:545} INFO - Filling up the DagBag from /opt/airflow/dags/steam_pipeline_dag.py
[2025-08-16T15:15:31.752+0000] {logging_mixin.py:188} INFO - [2025-08-16T15:15:31.732+0000] {dagbag.py:355} ERROR - Failed to import: /opt/airflow/dags/steam_pipeline_dag.py
Traceback (most recent call last):
  File "/home/airflow/.local/lib/python3.12/site-packages/airflow/models/dagbag.py", line 351, in parse
    loader.exec_module(new_module)
  File "<frozen importlib._bootstrap_external>", line 995, in exec_module
  File "<frozen importlib._bootstrap>", line 488, in _call_with_frames_removed
  File "/opt/airflow/dags/steam_pipeline_dag.py", line 13, in <module>
    from etl.bronze_extract import extract_app
  File "/opt/airflow/etl/bronze_extract.py", line 3, in <module>
    from tqdm import tqdm
ModuleNotFoundError: No module named 'tqdm'
[2025-08-16T15:15:31.757+0000] {processor.py:842} WARNING - No viable dags retrieved from /opt/airflow/dags/steam_pipeline_dag.py
[2025-08-16T15:15:31.788+0000] {processor.py:183} INFO - Processing /opt/airflow/dags/steam_pipeline_dag.py took 0.223 seconds
[2025-08-16T15:16:02.060+0000] {processor.py:161} INFO - Started process (PID=441) to work on /opt/airflow/dags/steam_pipeline_dag.py
[2025-08-16T15:16:02.062+0000] {processor.py:830} INFO - Processing file /opt/airflow/dags/steam_pipeline_dag.py for tasks to queue
[2025-08-16T15:16:02.066+0000] {logging_mixin.py:188} INFO - [2025-08-16T15:16:02.065+0000] {dagbag.py:545} INFO - Filling up the DagBag from /opt/airflow/dags/steam_pipeline_dag.py
[2025-08-16T15:16:02.212+0000] {logging_mixin.py:188} INFO - [2025-08-16T15:16:02.189+0000] {dagbag.py:355} ERROR - Failed to import: /opt/airflow/dags/steam_pipeline_dag.py
Traceback (most recent call last):
  File "/home/airflow/.local/lib/python3.12/site-packages/airflow/models/dagbag.py", line 351, in parse
    loader.exec_module(new_module)
  File "<frozen importlib._bootstrap_external>", line 995, in exec_module
  File "<frozen importlib._bootstrap>", line 488, in _call_with_frames_removed
  File "/opt/airflow/dags/steam_pipeline_dag.py", line 13, in <module>
    from etl.bronze_extract import extract_app
  File "/opt/airflow/etl/bronze_extract.py", line 3, in <module>
    from tqdm import tqdm
ModuleNotFoundError: No module named 'tqdm'
[2025-08-16T15:16:02.219+0000] {processor.py:842} WARNING - No viable dags retrieved from /opt/airflow/dags/steam_pipeline_dag.py
[2025-08-16T15:16:02.246+0000] {processor.py:183} INFO - Processing /opt/airflow/dags/steam_pipeline_dag.py took 0.193 seconds
[2025-08-16T15:16:33.390+0000] {processor.py:161} INFO - Started process (PID=442) to work on /opt/airflow/dags/steam_pipeline_dag.py
[2025-08-16T15:16:33.391+0000] {processor.py:830} INFO - Processing file /opt/airflow/dags/steam_pipeline_dag.py for tasks to queue
[2025-08-16T15:16:33.394+0000] {logging_mixin.py:188} INFO - [2025-08-16T15:16:33.393+0000] {dagbag.py:545} INFO - Filling up the DagBag from /opt/airflow/dags/steam_pipeline_dag.py
[2025-08-16T15:16:33.546+0000] {logging_mixin.py:188} INFO - [2025-08-16T15:16:33.522+0000] {dagbag.py:355} ERROR - Failed to import: /opt/airflow/dags/steam_pipeline_dag.py
Traceback (most recent call last):
  File "/home/airflow/.local/lib/python3.12/site-packages/airflow/models/dagbag.py", line 351, in parse
    loader.exec_module(new_module)
  File "<frozen importlib._bootstrap_external>", line 995, in exec_module
  File "<frozen importlib._bootstrap>", line 488, in _call_with_frames_removed
  File "/opt/airflow/dags/steam_pipeline_dag.py", line 13, in <module>
    from etl.bronze_extract import extract_app
  File "/opt/airflow/etl/bronze_extract.py", line 3, in <module>
    from tqdm import tqdm
ModuleNotFoundError: No module named 'tqdm'
[2025-08-16T15:16:33.554+0000] {processor.py:842} WARNING - No viable dags retrieved from /opt/airflow/dags/steam_pipeline_dag.py
[2025-08-16T15:16:33.582+0000] {processor.py:183} INFO - Processing /opt/airflow/dags/steam_pipeline_dag.py took 0.199 seconds
[2025-08-16T15:17:04.294+0000] {processor.py:161} INFO - Started process (PID=443) to work on /opt/airflow/dags/steam_pipeline_dag.py
[2025-08-16T15:17:04.296+0000] {processor.py:830} INFO - Processing file /opt/airflow/dags/steam_pipeline_dag.py for tasks to queue
[2025-08-16T15:17:04.300+0000] {logging_mixin.py:188} INFO - [2025-08-16T15:17:04.300+0000] {dagbag.py:545} INFO - Filling up the DagBag from /opt/airflow/dags/steam_pipeline_dag.py
[2025-08-16T15:17:04.447+0000] {logging_mixin.py:188} INFO - [2025-08-16T15:17:04.421+0000] {dagbag.py:355} ERROR - Failed to import: /opt/airflow/dags/steam_pipeline_dag.py
Traceback (most recent call last):
  File "/home/airflow/.local/lib/python3.12/site-packages/airflow/models/dagbag.py", line 351, in parse
    loader.exec_module(new_module)
  File "<frozen importlib._bootstrap_external>", line 995, in exec_module
  File "<frozen importlib._bootstrap>", line 488, in _call_with_frames_removed
  File "/opt/airflow/dags/steam_pipeline_dag.py", line 13, in <module>
    from etl.bronze_extract import extract_app
  File "/opt/airflow/etl/bronze_extract.py", line 3, in <module>
    from tqdm import tqdm
ModuleNotFoundError: No module named 'tqdm'
[2025-08-16T15:17:04.455+0000] {processor.py:842} WARNING - No viable dags retrieved from /opt/airflow/dags/steam_pipeline_dag.py
[2025-08-16T15:17:04.481+0000] {processor.py:183} INFO - Processing /opt/airflow/dags/steam_pipeline_dag.py took 0.195 seconds
[2025-08-16T15:17:35.469+0000] {processor.py:161} INFO - Started process (PID=444) to work on /opt/airflow/dags/steam_pipeline_dag.py
[2025-08-16T15:17:35.473+0000] {processor.py:830} INFO - Processing file /opt/airflow/dags/steam_pipeline_dag.py for tasks to queue
[2025-08-16T15:17:35.476+0000] {logging_mixin.py:188} INFO - [2025-08-16T15:17:35.476+0000] {dagbag.py:545} INFO - Filling up the DagBag from /opt/airflow/dags/steam_pipeline_dag.py
[2025-08-16T15:17:35.583+0000] {logging_mixin.py:188} INFO - [2025-08-16T15:17:35.572+0000] {dagbag.py:355} ERROR - Failed to import: /opt/airflow/dags/steam_pipeline_dag.py
Traceback (most recent call last):
  File "/home/airflow/.local/lib/python3.12/site-packages/airflow/models/dagbag.py", line 351, in parse
    loader.exec_module(new_module)
  File "<frozen importlib._bootstrap_external>", line 995, in exec_module
  File "<frozen importlib._bootstrap>", line 488, in _call_with_frames_removed
  File "/opt/airflow/dags/steam_pipeline_dag.py", line 13, in <module>
    from etl.bronze_extract import extract_app
  File "/opt/airflow/etl/bronze_extract.py", line 3, in <module>
    from tqdm import tqdm
ModuleNotFoundError: No module named 'tqdm'
[2025-08-16T15:17:35.586+0000] {processor.py:842} WARNING - No viable dags retrieved from /opt/airflow/dags/steam_pipeline_dag.py
[2025-08-16T15:17:35.613+0000] {processor.py:183} INFO - Processing /opt/airflow/dags/steam_pipeline_dag.py took 0.156 seconds
[2025-08-16T15:18:06.206+0000] {processor.py:161} INFO - Started process (PID=445) to work on /opt/airflow/dags/steam_pipeline_dag.py
[2025-08-16T15:18:06.208+0000] {processor.py:830} INFO - Processing file /opt/airflow/dags/steam_pipeline_dag.py for tasks to queue
[2025-08-16T15:18:06.212+0000] {logging_mixin.py:188} INFO - [2025-08-16T15:18:06.211+0000] {dagbag.py:545} INFO - Filling up the DagBag from /opt/airflow/dags/steam_pipeline_dag.py
[2025-08-16T15:18:06.340+0000] {logging_mixin.py:188} INFO - [2025-08-16T15:18:06.322+0000] {dagbag.py:355} ERROR - Failed to import: /opt/airflow/dags/steam_pipeline_dag.py
Traceback (most recent call last):
  File "/home/airflow/.local/lib/python3.12/site-packages/airflow/models/dagbag.py", line 351, in parse
    loader.exec_module(new_module)
  File "<frozen importlib._bootstrap_external>", line 995, in exec_module
  File "<frozen importlib._bootstrap>", line 488, in _call_with_frames_removed
  File "/opt/airflow/dags/steam_pipeline_dag.py", line 13, in <module>
    from etl.bronze_extract import extract_app
  File "/opt/airflow/etl/bronze_extract.py", line 3, in <module>
    from tqdm import tqdm
ModuleNotFoundError: No module named 'tqdm'
[2025-08-16T15:18:06.347+0000] {processor.py:842} WARNING - No viable dags retrieved from /opt/airflow/dags/steam_pipeline_dag.py
[2025-08-16T15:18:06.373+0000] {processor.py:183} INFO - Processing /opt/airflow/dags/steam_pipeline_dag.py took 0.174 seconds
[2025-08-16T15:18:37.201+0000] {processor.py:161} INFO - Started process (PID=446) to work on /opt/airflow/dags/steam_pipeline_dag.py
[2025-08-16T15:18:37.202+0000] {processor.py:830} INFO - Processing file /opt/airflow/dags/steam_pipeline_dag.py for tasks to queue
[2025-08-16T15:18:37.205+0000] {logging_mixin.py:188} INFO - [2025-08-16T15:18:37.205+0000] {dagbag.py:545} INFO - Filling up the DagBag from /opt/airflow/dags/steam_pipeline_dag.py
[2025-08-16T15:18:37.361+0000] {logging_mixin.py:188} INFO - [2025-08-16T15:18:37.337+0000] {dagbag.py:355} ERROR - Failed to import: /opt/airflow/dags/steam_pipeline_dag.py
Traceback (most recent call last):
  File "/home/airflow/.local/lib/python3.12/site-packages/airflow/models/dagbag.py", line 351, in parse
    loader.exec_module(new_module)
  File "<frozen importlib._bootstrap_external>", line 995, in exec_module
  File "<frozen importlib._bootstrap>", line 488, in _call_with_frames_removed
  File "/opt/airflow/dags/steam_pipeline_dag.py", line 13, in <module>
    from etl.bronze_extract import extract_app
  File "/opt/airflow/etl/bronze_extract.py", line 3, in <module>
    from tqdm import tqdm
ModuleNotFoundError: No module named 'tqdm'
[2025-08-16T15:18:37.369+0000] {processor.py:842} WARNING - No viable dags retrieved from /opt/airflow/dags/steam_pipeline_dag.py
[2025-08-16T15:18:37.394+0000] {processor.py:183} INFO - Processing /opt/airflow/dags/steam_pipeline_dag.py took 0.202 seconds
[2025-08-16T15:30:12.034+0000] {processor.py:161} INFO - Started process (PID=447) to work on /opt/airflow/dags/steam_pipeline_dag.py
[2025-08-16T15:30:12.035+0000] {processor.py:830} INFO - Processing file /opt/airflow/dags/steam_pipeline_dag.py for tasks to queue
[2025-08-16T15:30:12.037+0000] {logging_mixin.py:188} INFO - [2025-08-16T15:30:12.036+0000] {dagbag.py:545} INFO - Filling up the DagBag from /opt/airflow/dags/steam_pipeline_dag.py
[2025-08-16T15:30:12.073+0000] {logging_mixin.py:188} INFO - [2025-08-16T15:30:12.070+0000] {dagbag.py:355} ERROR - Failed to import: /opt/airflow/dags/steam_pipeline_dag.py
Traceback (most recent call last):
  File "/home/airflow/.local/lib/python3.12/site-packages/airflow/models/dagbag.py", line 351, in parse
    loader.exec_module(new_module)
  File "<frozen importlib._bootstrap_external>", line 995, in exec_module
  File "<frozen importlib._bootstrap>", line 488, in _call_with_frames_removed
  File "/opt/airflow/dags/steam_pipeline_dag.py", line 13, in <module>
    from etl.bronze_extract import extract_app
  File "/opt/airflow/etl/bronze_extract.py", line 3, in <module>
    from tqdm import tqdm
ModuleNotFoundError: No module named 'tqdm'
[2025-08-16T15:30:12.074+0000] {processor.py:842} WARNING - No viable dags retrieved from /opt/airflow/dags/steam_pipeline_dag.py
[2025-08-16T15:30:12.086+0000] {processor.py:183} INFO - Processing /opt/airflow/dags/steam_pipeline_dag.py took 0.055 seconds
[2025-08-16T15:30:42.390+0000] {processor.py:161} INFO - Started process (PID=448) to work on /opt/airflow/dags/steam_pipeline_dag.py
[2025-08-16T15:30:42.391+0000] {processor.py:830} INFO - Processing file /opt/airflow/dags/steam_pipeline_dag.py for tasks to queue
[2025-08-16T15:30:42.394+0000] {logging_mixin.py:188} INFO - [2025-08-16T15:30:42.394+0000] {dagbag.py:545} INFO - Filling up the DagBag from /opt/airflow/dags/steam_pipeline_dag.py
[2025-08-16T15:30:42.491+0000] {logging_mixin.py:188} INFO - [2025-08-16T15:30:42.480+0000] {dagbag.py:355} ERROR - Failed to import: /opt/airflow/dags/steam_pipeline_dag.py
Traceback (most recent call last):
  File "/home/airflow/.local/lib/python3.12/site-packages/airflow/models/dagbag.py", line 351, in parse
    loader.exec_module(new_module)
  File "<frozen importlib._bootstrap_external>", line 995, in exec_module
  File "<frozen importlib._bootstrap>", line 488, in _call_with_frames_removed
  File "/opt/airflow/dags/steam_pipeline_dag.py", line 13, in <module>
    from etl.bronze_extract import extract_app
  File "/opt/airflow/etl/bronze_extract.py", line 3, in <module>
    from tqdm import tqdm
ModuleNotFoundError: No module named 'tqdm'
[2025-08-16T15:30:42.495+0000] {processor.py:842} WARNING - No viable dags retrieved from /opt/airflow/dags/steam_pipeline_dag.py
[2025-08-16T15:30:42.521+0000] {processor.py:183} INFO - Processing /opt/airflow/dags/steam_pipeline_dag.py took 0.137 seconds
[2025-08-16T15:31:13.023+0000] {processor.py:161} INFO - Started process (PID=449) to work on /opt/airflow/dags/steam_pipeline_dag.py
[2025-08-16T15:31:13.024+0000] {processor.py:830} INFO - Processing file /opt/airflow/dags/steam_pipeline_dag.py for tasks to queue
[2025-08-16T15:31:13.027+0000] {logging_mixin.py:188} INFO - [2025-08-16T15:31:13.027+0000] {dagbag.py:545} INFO - Filling up the DagBag from /opt/airflow/dags/steam_pipeline_dag.py
[2025-08-16T15:31:13.139+0000] {logging_mixin.py:188} INFO - [2025-08-16T15:31:13.126+0000] {dagbag.py:355} ERROR - Failed to import: /opt/airflow/dags/steam_pipeline_dag.py
Traceback (most recent call last):
  File "/home/airflow/.local/lib/python3.12/site-packages/airflow/models/dagbag.py", line 351, in parse
    loader.exec_module(new_module)
  File "<frozen importlib._bootstrap_external>", line 995, in exec_module
  File "<frozen importlib._bootstrap>", line 488, in _call_with_frames_removed
  File "/opt/airflow/dags/steam_pipeline_dag.py", line 13, in <module>
    from etl.bronze_extract import extract_app
  File "/opt/airflow/etl/bronze_extract.py", line 3, in <module>
    from tqdm import tqdm
ModuleNotFoundError: No module named 'tqdm'
[2025-08-16T15:31:13.143+0000] {processor.py:842} WARNING - No viable dags retrieved from /opt/airflow/dags/steam_pipeline_dag.py
[2025-08-16T15:31:13.172+0000] {processor.py:183} INFO - Processing /opt/airflow/dags/steam_pipeline_dag.py took 0.158 seconds
[2025-08-16T15:31:43.866+0000] {processor.py:161} INFO - Started process (PID=450) to work on /opt/airflow/dags/steam_pipeline_dag.py
[2025-08-16T15:31:43.868+0000] {processor.py:830} INFO - Processing file /opt/airflow/dags/steam_pipeline_dag.py for tasks to queue
[2025-08-16T15:31:43.872+0000] {logging_mixin.py:188} INFO - [2025-08-16T15:31:43.871+0000] {dagbag.py:545} INFO - Filling up the DagBag from /opt/airflow/dags/steam_pipeline_dag.py
[2025-08-16T15:31:44.035+0000] {logging_mixin.py:188} INFO - [2025-08-16T15:31:44.007+0000] {dagbag.py:355} ERROR - Failed to import: /opt/airflow/dags/steam_pipeline_dag.py
Traceback (most recent call last):
  File "/home/airflow/.local/lib/python3.12/site-packages/airflow/models/dagbag.py", line 351, in parse
    loader.exec_module(new_module)
  File "<frozen importlib._bootstrap_external>", line 995, in exec_module
  File "<frozen importlib._bootstrap>", line 488, in _call_with_frames_removed
  File "/opt/airflow/dags/steam_pipeline_dag.py", line 13, in <module>
    from etl.bronze_extract import extract_app
  File "/opt/airflow/etl/bronze_extract.py", line 3, in <module>
    from tqdm import tqdm
ModuleNotFoundError: No module named 'tqdm'
[2025-08-16T15:31:44.043+0000] {processor.py:842} WARNING - No viable dags retrieved from /opt/airflow/dags/steam_pipeline_dag.py
[2025-08-16T15:31:44.070+0000] {processor.py:183} INFO - Processing /opt/airflow/dags/steam_pipeline_dag.py took 0.212 seconds
[2025-08-16T15:32:14.845+0000] {processor.py:161} INFO - Started process (PID=451) to work on /opt/airflow/dags/steam_pipeline_dag.py
[2025-08-16T15:32:14.848+0000] {processor.py:830} INFO - Processing file /opt/airflow/dags/steam_pipeline_dag.py for tasks to queue
[2025-08-16T15:32:14.851+0000] {logging_mixin.py:188} INFO - [2025-08-16T15:32:14.851+0000] {dagbag.py:545} INFO - Filling up the DagBag from /opt/airflow/dags/steam_pipeline_dag.py
[2025-08-16T15:32:14.962+0000] {logging_mixin.py:188} INFO - [2025-08-16T15:32:14.945+0000] {dagbag.py:355} ERROR - Failed to import: /opt/airflow/dags/steam_pipeline_dag.py
Traceback (most recent call last):
  File "/home/airflow/.local/lib/python3.12/site-packages/airflow/models/dagbag.py", line 351, in parse
    loader.exec_module(new_module)
  File "<frozen importlib._bootstrap_external>", line 995, in exec_module
  File "<frozen importlib._bootstrap>", line 488, in _call_with_frames_removed
  File "/opt/airflow/dags/steam_pipeline_dag.py", line 13, in <module>
    from etl.bronze_extract import extract_app
  File "/opt/airflow/etl/bronze_extract.py", line 3, in <module>
    from tqdm import tqdm
ModuleNotFoundError: No module named 'tqdm'
[2025-08-16T15:32:14.968+0000] {processor.py:842} WARNING - No viable dags retrieved from /opt/airflow/dags/steam_pipeline_dag.py
[2025-08-16T15:32:14.993+0000] {processor.py:183} INFO - Processing /opt/airflow/dags/steam_pipeline_dag.py took 0.155 seconds
[2025-08-16T15:32:45.248+0000] {processor.py:161} INFO - Started process (PID=452) to work on /opt/airflow/dags/steam_pipeline_dag.py
[2025-08-16T15:32:45.250+0000] {processor.py:830} INFO - Processing file /opt/airflow/dags/steam_pipeline_dag.py for tasks to queue
[2025-08-16T15:32:45.253+0000] {logging_mixin.py:188} INFO - [2025-08-16T15:32:45.252+0000] {dagbag.py:545} INFO - Filling up the DagBag from /opt/airflow/dags/steam_pipeline_dag.py
[2025-08-16T15:32:45.421+0000] {logging_mixin.py:188} INFO - [2025-08-16T15:32:45.395+0000] {dagbag.py:355} ERROR - Failed to import: /opt/airflow/dags/steam_pipeline_dag.py
Traceback (most recent call last):
  File "/home/airflow/.local/lib/python3.12/site-packages/airflow/models/dagbag.py", line 351, in parse
    loader.exec_module(new_module)
  File "<frozen importlib._bootstrap_external>", line 995, in exec_module
  File "<frozen importlib._bootstrap>", line 488, in _call_with_frames_removed
  File "/opt/airflow/dags/steam_pipeline_dag.py", line 13, in <module>
    from etl.bronze_extract import extract_app
  File "/opt/airflow/etl/bronze_extract.py", line 3, in <module>
    from tqdm import tqdm
ModuleNotFoundError: No module named 'tqdm'
[2025-08-16T15:32:45.430+0000] {processor.py:842} WARNING - No viable dags retrieved from /opt/airflow/dags/steam_pipeline_dag.py
[2025-08-16T15:32:45.459+0000] {processor.py:183} INFO - Processing /opt/airflow/dags/steam_pipeline_dag.py took 0.220 seconds
[2025-08-16T15:33:16.199+0000] {processor.py:161} INFO - Started process (PID=453) to work on /opt/airflow/dags/steam_pipeline_dag.py
[2025-08-16T15:33:16.201+0000] {processor.py:830} INFO - Processing file /opt/airflow/dags/steam_pipeline_dag.py for tasks to queue
[2025-08-16T15:33:16.204+0000] {logging_mixin.py:188} INFO - [2025-08-16T15:33:16.204+0000] {dagbag.py:545} INFO - Filling up the DagBag from /opt/airflow/dags/steam_pipeline_dag.py
[2025-08-16T15:33:16.362+0000] {logging_mixin.py:188} INFO - [2025-08-16T15:33:16.339+0000] {dagbag.py:355} ERROR - Failed to import: /opt/airflow/dags/steam_pipeline_dag.py
Traceback (most recent call last):
  File "/home/airflow/.local/lib/python3.12/site-packages/airflow/models/dagbag.py", line 351, in parse
    loader.exec_module(new_module)
  File "<frozen importlib._bootstrap_external>", line 995, in exec_module
  File "<frozen importlib._bootstrap>", line 488, in _call_with_frames_removed
  File "/opt/airflow/dags/steam_pipeline_dag.py", line 13, in <module>
    from etl.bronze_extract import extract_app
  File "/opt/airflow/etl/bronze_extract.py", line 3, in <module>
    from tqdm import tqdm
ModuleNotFoundError: No module named 'tqdm'
[2025-08-16T15:33:16.369+0000] {processor.py:842} WARNING - No viable dags retrieved from /opt/airflow/dags/steam_pipeline_dag.py
[2025-08-16T15:33:16.394+0000] {processor.py:183} INFO - Processing /opt/airflow/dags/steam_pipeline_dag.py took 0.202 seconds
[2025-08-16T15:33:47.258+0000] {processor.py:161} INFO - Started process (PID=454) to work on /opt/airflow/dags/steam_pipeline_dag.py
[2025-08-16T15:33:47.259+0000] {processor.py:830} INFO - Processing file /opt/airflow/dags/steam_pipeline_dag.py for tasks to queue
[2025-08-16T15:33:47.262+0000] {logging_mixin.py:188} INFO - [2025-08-16T15:33:47.262+0000] {dagbag.py:545} INFO - Filling up the DagBag from /opt/airflow/dags/steam_pipeline_dag.py
[2025-08-16T15:33:47.399+0000] {logging_mixin.py:188} INFO - [2025-08-16T15:33:47.376+0000] {dagbag.py:355} ERROR - Failed to import: /opt/airflow/dags/steam_pipeline_dag.py
Traceback (most recent call last):
  File "/home/airflow/.local/lib/python3.12/site-packages/airflow/models/dagbag.py", line 351, in parse
    loader.exec_module(new_module)
  File "<frozen importlib._bootstrap_external>", line 995, in exec_module
  File "<frozen importlib._bootstrap>", line 488, in _call_with_frames_removed
  File "/opt/airflow/dags/steam_pipeline_dag.py", line 13, in <module>
    from etl.bronze_extract import extract_app
  File "/opt/airflow/etl/bronze_extract.py", line 3, in <module>
    from tqdm import tqdm
ModuleNotFoundError: No module named 'tqdm'
[2025-08-16T15:33:47.407+0000] {processor.py:842} WARNING - No viable dags retrieved from /opt/airflow/dags/steam_pipeline_dag.py
[2025-08-16T15:33:47.430+0000] {processor.py:183} INFO - Processing /opt/airflow/dags/steam_pipeline_dag.py took 0.179 seconds
[2025-08-16T15:34:17.827+0000] {processor.py:161} INFO - Started process (PID=455) to work on /opt/airflow/dags/steam_pipeline_dag.py
[2025-08-16T15:34:17.829+0000] {processor.py:830} INFO - Processing file /opt/airflow/dags/steam_pipeline_dag.py for tasks to queue
[2025-08-16T15:34:17.831+0000] {logging_mixin.py:188} INFO - [2025-08-16T15:34:17.831+0000] {dagbag.py:545} INFO - Filling up the DagBag from /opt/airflow/dags/steam_pipeline_dag.py
[2025-08-16T15:34:17.987+0000] {logging_mixin.py:188} INFO - [2025-08-16T15:34:17.970+0000] {dagbag.py:355} ERROR - Failed to import: /opt/airflow/dags/steam_pipeline_dag.py
Traceback (most recent call last):
  File "/home/airflow/.local/lib/python3.12/site-packages/airflow/models/dagbag.py", line 351, in parse
    loader.exec_module(new_module)
  File "<frozen importlib._bootstrap_external>", line 995, in exec_module
  File "<frozen importlib._bootstrap>", line 488, in _call_with_frames_removed
  File "/opt/airflow/dags/steam_pipeline_dag.py", line 13, in <module>
    from etl.bronze_extract import extract_app
  File "/opt/airflow/etl/bronze_extract.py", line 3, in <module>
    from tqdm import tqdm
ModuleNotFoundError: No module named 'tqdm'
[2025-08-16T15:34:17.995+0000] {processor.py:842} WARNING - No viable dags retrieved from /opt/airflow/dags/steam_pipeline_dag.py
[2025-08-16T15:34:18.021+0000] {processor.py:183} INFO - Processing /opt/airflow/dags/steam_pipeline_dag.py took 0.200 seconds
[2025-08-16T15:34:48.822+0000] {processor.py:161} INFO - Started process (PID=456) to work on /opt/airflow/dags/steam_pipeline_dag.py
[2025-08-16T15:34:48.823+0000] {processor.py:830} INFO - Processing file /opt/airflow/dags/steam_pipeline_dag.py for tasks to queue
[2025-08-16T15:34:48.826+0000] {logging_mixin.py:188} INFO - [2025-08-16T15:34:48.826+0000] {dagbag.py:545} INFO - Filling up the DagBag from /opt/airflow/dags/steam_pipeline_dag.py
[2025-08-16T15:34:48.935+0000] {logging_mixin.py:188} INFO - [2025-08-16T15:34:48.921+0000] {dagbag.py:355} ERROR - Failed to import: /opt/airflow/dags/steam_pipeline_dag.py
Traceback (most recent call last):
  File "/home/airflow/.local/lib/python3.12/site-packages/airflow/models/dagbag.py", line 351, in parse
    loader.exec_module(new_module)
  File "<frozen importlib._bootstrap_external>", line 995, in exec_module
  File "<frozen importlib._bootstrap>", line 488, in _call_with_frames_removed
  File "/opt/airflow/dags/steam_pipeline_dag.py", line 13, in <module>
    from etl.bronze_extract import extract_app
  File "/opt/airflow/etl/bronze_extract.py", line 3, in <module>
    from tqdm import tqdm
ModuleNotFoundError: No module named 'tqdm'
[2025-08-16T15:34:48.938+0000] {processor.py:842} WARNING - No viable dags retrieved from /opt/airflow/dags/steam_pipeline_dag.py
[2025-08-16T15:34:48.961+0000] {processor.py:183} INFO - Processing /opt/airflow/dags/steam_pipeline_dag.py took 0.146 seconds
[2025-08-16T15:35:19.325+0000] {processor.py:161} INFO - Started process (PID=457) to work on /opt/airflow/dags/steam_pipeline_dag.py
[2025-08-16T15:35:19.327+0000] {processor.py:830} INFO - Processing file /opt/airflow/dags/steam_pipeline_dag.py for tasks to queue
[2025-08-16T15:35:19.330+0000] {logging_mixin.py:188} INFO - [2025-08-16T15:35:19.329+0000] {dagbag.py:545} INFO - Filling up the DagBag from /opt/airflow/dags/steam_pipeline_dag.py
[2025-08-16T15:35:19.486+0000] {logging_mixin.py:188} INFO - [2025-08-16T15:35:19.461+0000] {dagbag.py:355} ERROR - Failed to import: /opt/airflow/dags/steam_pipeline_dag.py
Traceback (most recent call last):
  File "/home/airflow/.local/lib/python3.12/site-packages/airflow/models/dagbag.py", line 351, in parse
    loader.exec_module(new_module)
  File "<frozen importlib._bootstrap_external>", line 995, in exec_module
  File "<frozen importlib._bootstrap>", line 488, in _call_with_frames_removed
  File "/opt/airflow/dags/steam_pipeline_dag.py", line 13, in <module>
    from etl.bronze_extract import extract_app
  File "/opt/airflow/etl/bronze_extract.py", line 3, in <module>
    from tqdm import tqdm
ModuleNotFoundError: No module named 'tqdm'
[2025-08-16T15:35:19.494+0000] {processor.py:842} WARNING - No viable dags retrieved from /opt/airflow/dags/steam_pipeline_dag.py
[2025-08-16T15:35:19.519+0000] {processor.py:183} INFO - Processing /opt/airflow/dags/steam_pipeline_dag.py took 0.202 seconds
[2025-08-16T15:35:49.901+0000] {processor.py:161} INFO - Started process (PID=458) to work on /opt/airflow/dags/steam_pipeline_dag.py
[2025-08-16T15:35:49.911+0000] {processor.py:830} INFO - Processing file /opt/airflow/dags/steam_pipeline_dag.py for tasks to queue
[2025-08-16T15:35:49.924+0000] {logging_mixin.py:188} INFO - [2025-08-16T15:35:49.924+0000] {dagbag.py:545} INFO - Filling up the DagBag from /opt/airflow/dags/steam_pipeline_dag.py
[2025-08-16T15:35:50.114+0000] {logging_mixin.py:188} INFO - [2025-08-16T15:35:50.089+0000] {dagbag.py:355} ERROR - Failed to import: /opt/airflow/dags/steam_pipeline_dag.py
Traceback (most recent call last):
  File "/home/airflow/.local/lib/python3.12/site-packages/airflow/models/dagbag.py", line 351, in parse
    loader.exec_module(new_module)
  File "<frozen importlib._bootstrap_external>", line 995, in exec_module
  File "<frozen importlib._bootstrap>", line 488, in _call_with_frames_removed
  File "/opt/airflow/dags/steam_pipeline_dag.py", line 13, in <module>
    from etl.bronze_extract import extract_app
  File "/opt/airflow/etl/bronze_extract.py", line 3, in <module>
    from tqdm import tqdm
ModuleNotFoundError: No module named 'tqdm'
[2025-08-16T15:35:50.123+0000] {processor.py:842} WARNING - No viable dags retrieved from /opt/airflow/dags/steam_pipeline_dag.py
[2025-08-16T15:35:50.147+0000] {processor.py:183} INFO - Processing /opt/airflow/dags/steam_pipeline_dag.py took 0.253 seconds
[2025-08-16T15:36:20.840+0000] {processor.py:161} INFO - Started process (PID=459) to work on /opt/airflow/dags/steam_pipeline_dag.py
[2025-08-16T15:36:20.841+0000] {processor.py:830} INFO - Processing file /opt/airflow/dags/steam_pipeline_dag.py for tasks to queue
[2025-08-16T15:36:20.844+0000] {logging_mixin.py:188} INFO - [2025-08-16T15:36:20.843+0000] {dagbag.py:545} INFO - Filling up the DagBag from /opt/airflow/dags/steam_pipeline_dag.py
[2025-08-16T15:36:21.010+0000] {logging_mixin.py:188} INFO - [2025-08-16T15:36:20.990+0000] {dagbag.py:355} ERROR - Failed to import: /opt/airflow/dags/steam_pipeline_dag.py
Traceback (most recent call last):
  File "/home/airflow/.local/lib/python3.12/site-packages/airflow/models/dagbag.py", line 351, in parse
    loader.exec_module(new_module)
  File "<frozen importlib._bootstrap_external>", line 995, in exec_module
  File "<frozen importlib._bootstrap>", line 488, in _call_with_frames_removed
  File "/opt/airflow/dags/steam_pipeline_dag.py", line 13, in <module>
    from etl.bronze_extract import extract_app
  File "/opt/airflow/etl/bronze_extract.py", line 3, in <module>
    from tqdm import tqdm
ModuleNotFoundError: No module named 'tqdm'
[2025-08-16T15:36:21.020+0000] {processor.py:842} WARNING - No viable dags retrieved from /opt/airflow/dags/steam_pipeline_dag.py
[2025-08-16T15:36:21.041+0000] {processor.py:183} INFO - Processing /opt/airflow/dags/steam_pipeline_dag.py took 0.208 seconds
[2025-08-16T16:01:09.981+0000] {processor.py:161} INFO - Started process (PID=460) to work on /opt/airflow/dags/steam_pipeline_dag.py
[2025-08-16T16:01:09.982+0000] {processor.py:830} INFO - Processing file /opt/airflow/dags/steam_pipeline_dag.py for tasks to queue
[2025-08-16T16:01:09.983+0000] {logging_mixin.py:188} INFO - [2025-08-16T16:01:09.983+0000] {dagbag.py:545} INFO - Filling up the DagBag from /opt/airflow/dags/steam_pipeline_dag.py
[2025-08-16T16:01:10.042+0000] {logging_mixin.py:188} INFO - [2025-08-16T16:01:10.025+0000] {dagbag.py:355} ERROR - Failed to import: /opt/airflow/dags/steam_pipeline_dag.py
Traceback (most recent call last):
  File "/home/airflow/.local/lib/python3.12/site-packages/airflow/models/dagbag.py", line 351, in parse
    loader.exec_module(new_module)
  File "<frozen importlib._bootstrap_external>", line 995, in exec_module
  File "<frozen importlib._bootstrap>", line 488, in _call_with_frames_removed
  File "/opt/airflow/dags/steam_pipeline_dag.py", line 13, in <module>
    from etl.bronze_extract import extract_app
  File "/opt/airflow/etl/bronze_extract.py", line 3, in <module>
    from tqdm import tqdm
ModuleNotFoundError: No module named 'tqdm'
[2025-08-16T16:01:10.045+0000] {processor.py:842} WARNING - No viable dags retrieved from /opt/airflow/dags/steam_pipeline_dag.py
[2025-08-16T16:01:10.057+0000] {processor.py:183} INFO - Processing /opt/airflow/dags/steam_pipeline_dag.py took 0.082 seconds
[2025-08-16T16:10:12.537+0000] {processor.py:161} INFO - Started process (PID=461) to work on /opt/airflow/dags/steam_pipeline_dag.py
[2025-08-16T16:10:12.538+0000] {processor.py:830} INFO - Processing file /opt/airflow/dags/steam_pipeline_dag.py for tasks to queue
[2025-08-16T16:10:12.539+0000] {logging_mixin.py:188} INFO - [2025-08-16T16:10:12.539+0000] {dagbag.py:545} INFO - Filling up the DagBag from /opt/airflow/dags/steam_pipeline_dag.py
[2025-08-16T16:10:12.592+0000] {logging_mixin.py:188} INFO - [2025-08-16T16:10:12.587+0000] {dagbag.py:355} ERROR - Failed to import: /opt/airflow/dags/steam_pipeline_dag.py
Traceback (most recent call last):
  File "/home/airflow/.local/lib/python3.12/site-packages/airflow/models/dagbag.py", line 351, in parse
    loader.exec_module(new_module)
  File "<frozen importlib._bootstrap_external>", line 995, in exec_module
  File "<frozen importlib._bootstrap>", line 488, in _call_with_frames_removed
  File "/opt/airflow/dags/steam_pipeline_dag.py", line 13, in <module>
    from etl.bronze_extract import extract_app
  File "/opt/airflow/etl/bronze_extract.py", line 3, in <module>
    from tqdm import tqdm
ModuleNotFoundError: No module named 'tqdm'
[2025-08-16T16:10:12.594+0000] {processor.py:842} WARNING - No viable dags retrieved from /opt/airflow/dags/steam_pipeline_dag.py
[2025-08-16T16:10:12.606+0000] {processor.py:183} INFO - Processing /opt/airflow/dags/steam_pipeline_dag.py took 0.073 seconds
[2025-08-16T16:12:07.422+0000] {processor.py:161} INFO - Started process (PID=462) to work on /opt/airflow/dags/steam_pipeline_dag.py
[2025-08-16T16:12:07.424+0000] {processor.py:830} INFO - Processing file /opt/airflow/dags/steam_pipeline_dag.py for tasks to queue
[2025-08-16T16:12:07.428+0000] {logging_mixin.py:188} INFO - [2025-08-16T16:12:07.427+0000] {dagbag.py:545} INFO - Filling up the DagBag from /opt/airflow/dags/steam_pipeline_dag.py
[2025-08-16T16:12:07.547+0000] {logging_mixin.py:188} INFO - [2025-08-16T16:12:07.534+0000] {dagbag.py:355} ERROR - Failed to import: /opt/airflow/dags/steam_pipeline_dag.py
Traceback (most recent call last):
  File "/home/airflow/.local/lib/python3.12/site-packages/airflow/models/dagbag.py", line 351, in parse
    loader.exec_module(new_module)
  File "<frozen importlib._bootstrap_external>", line 995, in exec_module
  File "<frozen importlib._bootstrap>", line 488, in _call_with_frames_removed
  File "/opt/airflow/dags/steam_pipeline_dag.py", line 13, in <module>
    from etl.bronze_extract import extract_app
  File "/opt/airflow/etl/bronze_extract.py", line 3, in <module>
    from tqdm import tqdm
ModuleNotFoundError: No module named 'tqdm'
[2025-08-16T16:12:07.552+0000] {processor.py:842} WARNING - No viable dags retrieved from /opt/airflow/dags/steam_pipeline_dag.py
[2025-08-16T16:12:07.573+0000] {processor.py:183} INFO - Processing /opt/airflow/dags/steam_pipeline_dag.py took 0.161 seconds
[2025-08-16T16:12:38.022+0000] {processor.py:161} INFO - Started process (PID=463) to work on /opt/airflow/dags/steam_pipeline_dag.py
[2025-08-16T16:12:38.025+0000] {processor.py:830} INFO - Processing file /opt/airflow/dags/steam_pipeline_dag.py for tasks to queue
[2025-08-16T16:12:38.032+0000] {logging_mixin.py:188} INFO - [2025-08-16T16:12:38.031+0000] {dagbag.py:545} INFO - Filling up the DagBag from /opt/airflow/dags/steam_pipeline_dag.py
[2025-08-16T16:12:38.138+0000] {logging_mixin.py:188} INFO - [2025-08-16T16:12:38.129+0000] {dagbag.py:355} ERROR - Failed to import: /opt/airflow/dags/steam_pipeline_dag.py
Traceback (most recent call last):
  File "/home/airflow/.local/lib/python3.12/site-packages/airflow/models/dagbag.py", line 351, in parse
    loader.exec_module(new_module)
  File "<frozen importlib._bootstrap_external>", line 995, in exec_module
  File "<frozen importlib._bootstrap>", line 488, in _call_with_frames_removed
  File "/opt/airflow/dags/steam_pipeline_dag.py", line 13, in <module>
    from etl.bronze_extract import extract_app
  File "/opt/airflow/etl/bronze_extract.py", line 3, in <module>
    from tqdm import tqdm
ModuleNotFoundError: No module named 'tqdm'
[2025-08-16T16:12:38.142+0000] {processor.py:842} WARNING - No viable dags retrieved from /opt/airflow/dags/steam_pipeline_dag.py
[2025-08-16T16:12:38.174+0000] {processor.py:183} INFO - Processing /opt/airflow/dags/steam_pipeline_dag.py took 0.175 seconds
[2025-08-16T16:13:09.274+0000] {processor.py:161} INFO - Started process (PID=464) to work on /opt/airflow/dags/steam_pipeline_dag.py
[2025-08-16T16:13:09.275+0000] {processor.py:830} INFO - Processing file /opt/airflow/dags/steam_pipeline_dag.py for tasks to queue
[2025-08-16T16:13:09.278+0000] {logging_mixin.py:188} INFO - [2025-08-16T16:13:09.278+0000] {dagbag.py:545} INFO - Filling up the DagBag from /opt/airflow/dags/steam_pipeline_dag.py
[2025-08-16T16:13:09.351+0000] {logging_mixin.py:188} INFO - [2025-08-16T16:13:09.344+0000] {dagbag.py:355} ERROR - Failed to import: /opt/airflow/dags/steam_pipeline_dag.py
Traceback (most recent call last):
  File "/home/airflow/.local/lib/python3.12/site-packages/airflow/models/dagbag.py", line 351, in parse
    loader.exec_module(new_module)
  File "<frozen importlib._bootstrap_external>", line 995, in exec_module
  File "<frozen importlib._bootstrap>", line 488, in _call_with_frames_removed
  File "/opt/airflow/dags/steam_pipeline_dag.py", line 13, in <module>
    from etl.bronze_extract import extract_app
  File "/opt/airflow/etl/bronze_extract.py", line 3, in <module>
    from tqdm import tqdm
ModuleNotFoundError: No module named 'tqdm'
[2025-08-16T16:13:09.355+0000] {processor.py:842} WARNING - No viable dags retrieved from /opt/airflow/dags/steam_pipeline_dag.py
[2025-08-16T16:13:09.383+0000] {processor.py:183} INFO - Processing /opt/airflow/dags/steam_pipeline_dag.py took 0.116 seconds
[2025-08-16T16:13:39.607+0000] {processor.py:161} INFO - Started process (PID=465) to work on /opt/airflow/dags/steam_pipeline_dag.py
[2025-08-16T16:13:39.608+0000] {processor.py:830} INFO - Processing file /opt/airflow/dags/steam_pipeline_dag.py for tasks to queue
[2025-08-16T16:13:39.613+0000] {logging_mixin.py:188} INFO - [2025-08-16T16:13:39.611+0000] {dagbag.py:545} INFO - Filling up the DagBag from /opt/airflow/dags/steam_pipeline_dag.py
[2025-08-16T16:13:39.756+0000] {logging_mixin.py:188} INFO - [2025-08-16T16:13:39.746+0000] {dagbag.py:355} ERROR - Failed to import: /opt/airflow/dags/steam_pipeline_dag.py
Traceback (most recent call last):
  File "/home/airflow/.local/lib/python3.12/site-packages/airflow/models/dagbag.py", line 351, in parse
    loader.exec_module(new_module)
  File "<frozen importlib._bootstrap_external>", line 995, in exec_module
  File "<frozen importlib._bootstrap>", line 488, in _call_with_frames_removed
  File "/opt/airflow/dags/steam_pipeline_dag.py", line 13, in <module>
    from etl.bronze_extract import extract_app
  File "/opt/airflow/etl/bronze_extract.py", line 3, in <module>
    from tqdm import tqdm
ModuleNotFoundError: No module named 'tqdm'
[2025-08-16T16:13:39.759+0000] {processor.py:842} WARNING - No viable dags retrieved from /opt/airflow/dags/steam_pipeline_dag.py
[2025-08-16T16:13:39.776+0000] {processor.py:183} INFO - Processing /opt/airflow/dags/steam_pipeline_dag.py took 0.177 seconds
[2025-08-16T16:14:10.471+0000] {processor.py:161} INFO - Started process (PID=466) to work on /opt/airflow/dags/steam_pipeline_dag.py
[2025-08-16T16:14:10.472+0000] {processor.py:830} INFO - Processing file /opt/airflow/dags/steam_pipeline_dag.py for tasks to queue
[2025-08-16T16:14:10.475+0000] {logging_mixin.py:188} INFO - [2025-08-16T16:14:10.474+0000] {dagbag.py:545} INFO - Filling up the DagBag from /opt/airflow/dags/steam_pipeline_dag.py
[2025-08-16T16:14:10.559+0000] {logging_mixin.py:188} INFO - [2025-08-16T16:14:10.537+0000] {dagbag.py:355} ERROR - Failed to import: /opt/airflow/dags/steam_pipeline_dag.py
Traceback (most recent call last):
  File "/home/airflow/.local/lib/python3.12/site-packages/airflow/models/dagbag.py", line 351, in parse
    loader.exec_module(new_module)
  File "<frozen importlib._bootstrap_external>", line 995, in exec_module
  File "<frozen importlib._bootstrap>", line 488, in _call_with_frames_removed
  File "/opt/airflow/dags/steam_pipeline_dag.py", line 13, in <module>
    from etl.bronze_extract import extract_app
  File "/opt/airflow/etl/bronze_extract.py", line 3, in <module>
    from tqdm import tqdm
ModuleNotFoundError: No module named 'tqdm'
[2025-08-16T16:14:10.562+0000] {processor.py:842} WARNING - No viable dags retrieved from /opt/airflow/dags/steam_pipeline_dag.py
[2025-08-16T16:14:10.588+0000] {processor.py:183} INFO - Processing /opt/airflow/dags/steam_pipeline_dag.py took 0.124 seconds
[2025-08-16T16:14:40.890+0000] {processor.py:161} INFO - Started process (PID=467) to work on /opt/airflow/dags/steam_pipeline_dag.py
[2025-08-16T16:14:40.891+0000] {processor.py:830} INFO - Processing file /opt/airflow/dags/steam_pipeline_dag.py for tasks to queue
[2025-08-16T16:14:40.893+0000] {logging_mixin.py:188} INFO - [2025-08-16T16:14:40.892+0000] {dagbag.py:545} INFO - Filling up the DagBag from /opt/airflow/dags/steam_pipeline_dag.py
[2025-08-16T16:14:40.951+0000] {logging_mixin.py:188} INFO - [2025-08-16T16:14:40.943+0000] {dagbag.py:355} ERROR - Failed to import: /opt/airflow/dags/steam_pipeline_dag.py
Traceback (most recent call last):
  File "/home/airflow/.local/lib/python3.12/site-packages/airflow/models/dagbag.py", line 351, in parse
    loader.exec_module(new_module)
  File "<frozen importlib._bootstrap_external>", line 995, in exec_module
  File "<frozen importlib._bootstrap>", line 488, in _call_with_frames_removed
  File "/opt/airflow/dags/steam_pipeline_dag.py", line 13, in <module>
    from etl.bronze_extract import extract_app
  File "/opt/airflow/etl/bronze_extract.py", line 3, in <module>
    from tqdm import tqdm
ModuleNotFoundError: No module named 'tqdm'
[2025-08-16T16:14:40.954+0000] {processor.py:842} WARNING - No viable dags retrieved from /opt/airflow/dags/steam_pipeline_dag.py
[2025-08-16T16:14:40.970+0000] {processor.py:183} INFO - Processing /opt/airflow/dags/steam_pipeline_dag.py took 0.085 seconds
[2025-08-16T16:15:11.644+0000] {processor.py:161} INFO - Started process (PID=468) to work on /opt/airflow/dags/steam_pipeline_dag.py
[2025-08-16T16:15:11.645+0000] {processor.py:830} INFO - Processing file /opt/airflow/dags/steam_pipeline_dag.py for tasks to queue
[2025-08-16T16:15:11.647+0000] {logging_mixin.py:188} INFO - [2025-08-16T16:15:11.647+0000] {dagbag.py:545} INFO - Filling up the DagBag from /opt/airflow/dags/steam_pipeline_dag.py
[2025-08-16T16:15:11.702+0000] {logging_mixin.py:188} INFO - [2025-08-16T16:15:11.695+0000] {dagbag.py:355} ERROR - Failed to import: /opt/airflow/dags/steam_pipeline_dag.py
Traceback (most recent call last):
  File "/home/airflow/.local/lib/python3.12/site-packages/airflow/models/dagbag.py", line 351, in parse
    loader.exec_module(new_module)
  File "<frozen importlib._bootstrap_external>", line 995, in exec_module
  File "<frozen importlib._bootstrap>", line 488, in _call_with_frames_removed
  File "/opt/airflow/dags/steam_pipeline_dag.py", line 13, in <module>
    from etl.bronze_extract import extract_app
  File "/opt/airflow/etl/bronze_extract.py", line 3, in <module>
    from tqdm import tqdm
ModuleNotFoundError: No module named 'tqdm'
[2025-08-16T16:15:11.705+0000] {processor.py:842} WARNING - No viable dags retrieved from /opt/airflow/dags/steam_pipeline_dag.py
[2025-08-16T16:15:11.722+0000] {processor.py:183} INFO - Processing /opt/airflow/dags/steam_pipeline_dag.py took 0.083 seconds
[2025-08-16T16:15:42.837+0000] {processor.py:161} INFO - Started process (PID=469) to work on /opt/airflow/dags/steam_pipeline_dag.py
[2025-08-16T16:15:42.839+0000] {processor.py:830} INFO - Processing file /opt/airflow/dags/steam_pipeline_dag.py for tasks to queue
[2025-08-16T16:15:42.841+0000] {logging_mixin.py:188} INFO - [2025-08-16T16:15:42.840+0000] {dagbag.py:545} INFO - Filling up the DagBag from /opt/airflow/dags/steam_pipeline_dag.py
[2025-08-16T16:15:42.907+0000] {logging_mixin.py:188} INFO - [2025-08-16T16:15:42.899+0000] {dagbag.py:355} ERROR - Failed to import: /opt/airflow/dags/steam_pipeline_dag.py
Traceback (most recent call last):
  File "/home/airflow/.local/lib/python3.12/site-packages/airflow/models/dagbag.py", line 351, in parse
    loader.exec_module(new_module)
  File "<frozen importlib._bootstrap_external>", line 995, in exec_module
  File "<frozen importlib._bootstrap>", line 488, in _call_with_frames_removed
  File "/opt/airflow/dags/steam_pipeline_dag.py", line 13, in <module>
    from etl.bronze_extract import extract_app
  File "/opt/airflow/etl/bronze_extract.py", line 3, in <module>
    from tqdm import tqdm
ModuleNotFoundError: No module named 'tqdm'
[2025-08-16T16:15:42.909+0000] {processor.py:842} WARNING - No viable dags retrieved from /opt/airflow/dags/steam_pipeline_dag.py
[2025-08-16T16:15:42.925+0000] {processor.py:183} INFO - Processing /opt/airflow/dags/steam_pipeline_dag.py took 0.092 seconds
[2025-08-16T16:16:13.862+0000] {processor.py:161} INFO - Started process (PID=470) to work on /opt/airflow/dags/steam_pipeline_dag.py
[2025-08-16T16:16:13.865+0000] {processor.py:830} INFO - Processing file /opt/airflow/dags/steam_pipeline_dag.py for tasks to queue
[2025-08-16T16:16:13.868+0000] {logging_mixin.py:188} INFO - [2025-08-16T16:16:13.868+0000] {dagbag.py:545} INFO - Filling up the DagBag from /opt/airflow/dags/steam_pipeline_dag.py
[2025-08-16T16:16:14.062+0000] {logging_mixin.py:188} INFO - [2025-08-16T16:16:14.049+0000] {dagbag.py:355} ERROR - Failed to import: /opt/airflow/dags/steam_pipeline_dag.py
Traceback (most recent call last):
  File "/home/airflow/.local/lib/python3.12/site-packages/airflow/models/dagbag.py", line 351, in parse
    loader.exec_module(new_module)
  File "<frozen importlib._bootstrap_external>", line 995, in exec_module
  File "<frozen importlib._bootstrap>", line 488, in _call_with_frames_removed
  File "/opt/airflow/dags/steam_pipeline_dag.py", line 13, in <module>
    from etl.bronze_extract import extract_app
  File "/opt/airflow/etl/bronze_extract.py", line 3, in <module>
    from tqdm import tqdm
ModuleNotFoundError: No module named 'tqdm'
[2025-08-16T16:16:14.065+0000] {processor.py:842} WARNING - No viable dags retrieved from /opt/airflow/dags/steam_pipeline_dag.py
[2025-08-16T16:16:14.092+0000] {processor.py:183} INFO - Processing /opt/airflow/dags/steam_pipeline_dag.py took 0.241 seconds
[2025-08-16T16:16:45.007+0000] {processor.py:161} INFO - Started process (PID=471) to work on /opt/airflow/dags/steam_pipeline_dag.py
[2025-08-16T16:16:45.008+0000] {processor.py:830} INFO - Processing file /opt/airflow/dags/steam_pipeline_dag.py for tasks to queue
[2025-08-16T16:16:45.010+0000] {logging_mixin.py:188} INFO - [2025-08-16T16:16:45.010+0000] {dagbag.py:545} INFO - Filling up the DagBag from /opt/airflow/dags/steam_pipeline_dag.py
[2025-08-16T16:16:45.060+0000] {logging_mixin.py:188} INFO - [2025-08-16T16:16:45.054+0000] {dagbag.py:355} ERROR - Failed to import: /opt/airflow/dags/steam_pipeline_dag.py
Traceback (most recent call last):
  File "/home/airflow/.local/lib/python3.12/site-packages/airflow/models/dagbag.py", line 351, in parse
    loader.exec_module(new_module)
  File "<frozen importlib._bootstrap_external>", line 995, in exec_module
  File "<frozen importlib._bootstrap>", line 488, in _call_with_frames_removed
  File "/opt/airflow/dags/steam_pipeline_dag.py", line 13, in <module>
    from etl.bronze_extract import extract_app
  File "/opt/airflow/etl/bronze_extract.py", line 3, in <module>
    from tqdm import tqdm
ModuleNotFoundError: No module named 'tqdm'
[2025-08-16T16:16:45.064+0000] {processor.py:842} WARNING - No viable dags retrieved from /opt/airflow/dags/steam_pipeline_dag.py
[2025-08-16T16:16:45.095+0000] {processor.py:183} INFO - Processing /opt/airflow/dags/steam_pipeline_dag.py took 0.094 seconds
[2025-08-16T16:17:15.554+0000] {processor.py:161} INFO - Started process (PID=472) to work on /opt/airflow/dags/steam_pipeline_dag.py
[2025-08-16T16:17:15.556+0000] {processor.py:830} INFO - Processing file /opt/airflow/dags/steam_pipeline_dag.py for tasks to queue
[2025-08-16T16:17:15.558+0000] {logging_mixin.py:188} INFO - [2025-08-16T16:17:15.558+0000] {dagbag.py:545} INFO - Filling up the DagBag from /opt/airflow/dags/steam_pipeline_dag.py
[2025-08-16T16:17:15.612+0000] {logging_mixin.py:188} INFO - [2025-08-16T16:17:15.605+0000] {dagbag.py:355} ERROR - Failed to import: /opt/airflow/dags/steam_pipeline_dag.py
Traceback (most recent call last):
  File "/home/airflow/.local/lib/python3.12/site-packages/airflow/models/dagbag.py", line 351, in parse
    loader.exec_module(new_module)
  File "<frozen importlib._bootstrap_external>", line 995, in exec_module
  File "<frozen importlib._bootstrap>", line 488, in _call_with_frames_removed
  File "/opt/airflow/dags/steam_pipeline_dag.py", line 13, in <module>
    from etl.bronze_extract import extract_app
  File "/opt/airflow/etl/bronze_extract.py", line 3, in <module>
    from tqdm import tqdm
ModuleNotFoundError: No module named 'tqdm'
[2025-08-16T16:17:15.614+0000] {processor.py:842} WARNING - No viable dags retrieved from /opt/airflow/dags/steam_pipeline_dag.py
[2025-08-16T16:17:15.630+0000] {processor.py:183} INFO - Processing /opt/airflow/dags/steam_pipeline_dag.py took 0.081 seconds
[2025-08-16T16:17:46.205+0000] {processor.py:161} INFO - Started process (PID=473) to work on /opt/airflow/dags/steam_pipeline_dag.py
[2025-08-16T16:17:46.206+0000] {processor.py:830} INFO - Processing file /opt/airflow/dags/steam_pipeline_dag.py for tasks to queue
[2025-08-16T16:17:46.209+0000] {logging_mixin.py:188} INFO - [2025-08-16T16:17:46.209+0000] {dagbag.py:545} INFO - Filling up the DagBag from /opt/airflow/dags/steam_pipeline_dag.py
[2025-08-16T16:17:46.283+0000] {logging_mixin.py:188} INFO - [2025-08-16T16:17:46.275+0000] {dagbag.py:355} ERROR - Failed to import: /opt/airflow/dags/steam_pipeline_dag.py
Traceback (most recent call last):
  File "/home/airflow/.local/lib/python3.12/site-packages/airflow/models/dagbag.py", line 351, in parse
    loader.exec_module(new_module)
  File "<frozen importlib._bootstrap_external>", line 995, in exec_module
  File "<frozen importlib._bootstrap>", line 488, in _call_with_frames_removed
  File "/opt/airflow/dags/steam_pipeline_dag.py", line 13, in <module>
    from etl.bronze_extract import extract_app
  File "/opt/airflow/etl/bronze_extract.py", line 3, in <module>
    from tqdm import tqdm
ModuleNotFoundError: No module named 'tqdm'
[2025-08-16T16:17:46.287+0000] {processor.py:842} WARNING - No viable dags retrieved from /opt/airflow/dags/steam_pipeline_dag.py
[2025-08-16T16:17:46.304+0000] {processor.py:183} INFO - Processing /opt/airflow/dags/steam_pipeline_dag.py took 0.106 seconds
[2025-08-16T16:18:17.349+0000] {processor.py:161} INFO - Started process (PID=474) to work on /opt/airflow/dags/steam_pipeline_dag.py
[2025-08-16T16:18:17.351+0000] {processor.py:830} INFO - Processing file /opt/airflow/dags/steam_pipeline_dag.py for tasks to queue
[2025-08-16T16:18:17.353+0000] {logging_mixin.py:188} INFO - [2025-08-16T16:18:17.352+0000] {dagbag.py:545} INFO - Filling up the DagBag from /opt/airflow/dags/steam_pipeline_dag.py
[2025-08-16T16:18:17.393+0000] {logging_mixin.py:188} INFO - [2025-08-16T16:18:17.387+0000] {dagbag.py:355} ERROR - Failed to import: /opt/airflow/dags/steam_pipeline_dag.py
Traceback (most recent call last):
  File "/home/airflow/.local/lib/python3.12/site-packages/airflow/models/dagbag.py", line 351, in parse
    loader.exec_module(new_module)
  File "<frozen importlib._bootstrap_external>", line 995, in exec_module
  File "<frozen importlib._bootstrap>", line 488, in _call_with_frames_removed
  File "/opt/airflow/dags/steam_pipeline_dag.py", line 13, in <module>
    from etl.bronze_extract import extract_app
  File "/opt/airflow/etl/bronze_extract.py", line 3, in <module>
    from tqdm import tqdm
ModuleNotFoundError: No module named 'tqdm'
[2025-08-16T16:18:17.395+0000] {processor.py:842} WARNING - No viable dags retrieved from /opt/airflow/dags/steam_pipeline_dag.py
[2025-08-16T16:18:17.410+0000] {processor.py:183} INFO - Processing /opt/airflow/dags/steam_pipeline_dag.py took 0.066 seconds
[2025-08-16T16:18:48.141+0000] {processor.py:161} INFO - Started process (PID=475) to work on /opt/airflow/dags/steam_pipeline_dag.py
[2025-08-16T16:18:48.142+0000] {processor.py:830} INFO - Processing file /opt/airflow/dags/steam_pipeline_dag.py for tasks to queue
[2025-08-16T16:18:48.145+0000] {logging_mixin.py:188} INFO - [2025-08-16T16:18:48.144+0000] {dagbag.py:545} INFO - Filling up the DagBag from /opt/airflow/dags/steam_pipeline_dag.py
[2025-08-16T16:18:48.194+0000] {logging_mixin.py:188} INFO - [2025-08-16T16:18:48.187+0000] {dagbag.py:355} ERROR - Failed to import: /opt/airflow/dags/steam_pipeline_dag.py
Traceback (most recent call last):
  File "/home/airflow/.local/lib/python3.12/site-packages/airflow/models/dagbag.py", line 351, in parse
    loader.exec_module(new_module)
  File "<frozen importlib._bootstrap_external>", line 995, in exec_module
  File "<frozen importlib._bootstrap>", line 488, in _call_with_frames_removed
  File "/opt/airflow/dags/steam_pipeline_dag.py", line 13, in <module>
    from etl.bronze_extract import extract_app
  File "/opt/airflow/etl/bronze_extract.py", line 3, in <module>
    from tqdm import tqdm
ModuleNotFoundError: No module named 'tqdm'
[2025-08-16T16:18:48.196+0000] {processor.py:842} WARNING - No viable dags retrieved from /opt/airflow/dags/steam_pipeline_dag.py
[2025-08-16T16:18:48.215+0000] {processor.py:183} INFO - Processing /opt/airflow/dags/steam_pipeline_dag.py took 0.079 seconds
[2025-08-16T16:19:19.293+0000] {processor.py:161} INFO - Started process (PID=476) to work on /opt/airflow/dags/steam_pipeline_dag.py
[2025-08-16T16:19:19.294+0000] {processor.py:830} INFO - Processing file /opt/airflow/dags/steam_pipeline_dag.py for tasks to queue
[2025-08-16T16:19:19.296+0000] {logging_mixin.py:188} INFO - [2025-08-16T16:19:19.295+0000] {dagbag.py:545} INFO - Filling up the DagBag from /opt/airflow/dags/steam_pipeline_dag.py
[2025-08-16T16:19:19.337+0000] {logging_mixin.py:188} INFO - [2025-08-16T16:19:19.332+0000] {dagbag.py:355} ERROR - Failed to import: /opt/airflow/dags/steam_pipeline_dag.py
Traceback (most recent call last):
  File "/home/airflow/.local/lib/python3.12/site-packages/airflow/models/dagbag.py", line 351, in parse
    loader.exec_module(new_module)
  File "<frozen importlib._bootstrap_external>", line 995, in exec_module
  File "<frozen importlib._bootstrap>", line 488, in _call_with_frames_removed
  File "/opt/airflow/dags/steam_pipeline_dag.py", line 13, in <module>
    from etl.bronze_extract import extract_app
  File "/opt/airflow/etl/bronze_extract.py", line 3, in <module>
    from tqdm import tqdm
ModuleNotFoundError: No module named 'tqdm'
[2025-08-16T16:19:19.340+0000] {processor.py:842} WARNING - No viable dags retrieved from /opt/airflow/dags/steam_pipeline_dag.py
[2025-08-16T16:19:19.360+0000] {processor.py:183} INFO - Processing /opt/airflow/dags/steam_pipeline_dag.py took 0.073 seconds
[2025-08-16T16:19:49.993+0000] {processor.py:161} INFO - Started process (PID=477) to work on /opt/airflow/dags/steam_pipeline_dag.py
[2025-08-16T16:19:49.994+0000] {processor.py:830} INFO - Processing file /opt/airflow/dags/steam_pipeline_dag.py for tasks to queue
[2025-08-16T16:19:49.995+0000] {logging_mixin.py:188} INFO - [2025-08-16T16:19:49.995+0000] {dagbag.py:545} INFO - Filling up the DagBag from /opt/airflow/dags/steam_pipeline_dag.py
[2025-08-16T16:19:50.036+0000] {logging_mixin.py:188} INFO - [2025-08-16T16:19:50.030+0000] {dagbag.py:355} ERROR - Failed to import: /opt/airflow/dags/steam_pipeline_dag.py
Traceback (most recent call last):
  File "/home/airflow/.local/lib/python3.12/site-packages/airflow/models/dagbag.py", line 351, in parse
    loader.exec_module(new_module)
  File "<frozen importlib._bootstrap_external>", line 995, in exec_module
  File "<frozen importlib._bootstrap>", line 488, in _call_with_frames_removed
  File "/opt/airflow/dags/steam_pipeline_dag.py", line 13, in <module>
    from etl.bronze_extract import extract_app
  File "/opt/airflow/etl/bronze_extract.py", line 3, in <module>
    from tqdm import tqdm
ModuleNotFoundError: No module named 'tqdm'
[2025-08-16T16:19:50.039+0000] {processor.py:842} WARNING - No viable dags retrieved from /opt/airflow/dags/steam_pipeline_dag.py
[2025-08-16T16:19:50.061+0000] {processor.py:183} INFO - Processing /opt/airflow/dags/steam_pipeline_dag.py took 0.073 seconds
[2025-08-16T16:20:20.492+0000] {processor.py:161} INFO - Started process (PID=478) to work on /opt/airflow/dags/steam_pipeline_dag.py
[2025-08-16T16:20:20.493+0000] {processor.py:830} INFO - Processing file /opt/airflow/dags/steam_pipeline_dag.py for tasks to queue
[2025-08-16T16:20:20.495+0000] {logging_mixin.py:188} INFO - [2025-08-16T16:20:20.494+0000] {dagbag.py:545} INFO - Filling up the DagBag from /opt/airflow/dags/steam_pipeline_dag.py
[2025-08-16T16:20:20.540+0000] {logging_mixin.py:188} INFO - [2025-08-16T16:20:20.534+0000] {dagbag.py:355} ERROR - Failed to import: /opt/airflow/dags/steam_pipeline_dag.py
Traceback (most recent call last):
  File "/home/airflow/.local/lib/python3.12/site-packages/airflow/models/dagbag.py", line 351, in parse
    loader.exec_module(new_module)
  File "<frozen importlib._bootstrap_external>", line 995, in exec_module
  File "<frozen importlib._bootstrap>", line 488, in _call_with_frames_removed
  File "/opt/airflow/dags/steam_pipeline_dag.py", line 13, in <module>
    from etl.bronze_extract import extract_app
  File "/opt/airflow/etl/bronze_extract.py", line 3, in <module>
    from tqdm import tqdm
ModuleNotFoundError: No module named 'tqdm'
[2025-08-16T16:20:20.542+0000] {processor.py:842} WARNING - No viable dags retrieved from /opt/airflow/dags/steam_pipeline_dag.py
[2025-08-16T16:20:20.570+0000] {processor.py:183} INFO - Processing /opt/airflow/dags/steam_pipeline_dag.py took 0.085 seconds
[2025-08-16T16:20:51.199+0000] {processor.py:161} INFO - Started process (PID=479) to work on /opt/airflow/dags/steam_pipeline_dag.py
[2025-08-16T16:20:51.200+0000] {processor.py:830} INFO - Processing file /opt/airflow/dags/steam_pipeline_dag.py for tasks to queue
[2025-08-16T16:20:51.203+0000] {logging_mixin.py:188} INFO - [2025-08-16T16:20:51.202+0000] {dagbag.py:545} INFO - Filling up the DagBag from /opt/airflow/dags/steam_pipeline_dag.py
[2025-08-16T16:20:51.288+0000] {logging_mixin.py:188} INFO - [2025-08-16T16:20:51.276+0000] {dagbag.py:355} ERROR - Failed to import: /opt/airflow/dags/steam_pipeline_dag.py
Traceback (most recent call last):
  File "/home/airflow/.local/lib/python3.12/site-packages/airflow/models/dagbag.py", line 351, in parse
    loader.exec_module(new_module)
  File "<frozen importlib._bootstrap_external>", line 995, in exec_module
  File "<frozen importlib._bootstrap>", line 488, in _call_with_frames_removed
  File "/opt/airflow/dags/steam_pipeline_dag.py", line 13, in <module>
    from etl.bronze_extract import extract_app
  File "/opt/airflow/etl/bronze_extract.py", line 3, in <module>
    from tqdm import tqdm
ModuleNotFoundError: No module named 'tqdm'
[2025-08-16T16:20:51.291+0000] {processor.py:842} WARNING - No viable dags retrieved from /opt/airflow/dags/steam_pipeline_dag.py
[2025-08-16T16:20:51.316+0000] {processor.py:183} INFO - Processing /opt/airflow/dags/steam_pipeline_dag.py took 0.123 seconds
[2025-08-16T16:21:21.803+0000] {processor.py:161} INFO - Started process (PID=480) to work on /opt/airflow/dags/steam_pipeline_dag.py
[2025-08-16T16:21:21.805+0000] {processor.py:830} INFO - Processing file /opt/airflow/dags/steam_pipeline_dag.py for tasks to queue
[2025-08-16T16:21:21.807+0000] {logging_mixin.py:188} INFO - [2025-08-16T16:21:21.807+0000] {dagbag.py:545} INFO - Filling up the DagBag from /opt/airflow/dags/steam_pipeline_dag.py
[2025-08-16T16:21:21.853+0000] {logging_mixin.py:188} INFO - [2025-08-16T16:21:21.847+0000] {dagbag.py:355} ERROR - Failed to import: /opt/airflow/dags/steam_pipeline_dag.py
Traceback (most recent call last):
  File "/home/airflow/.local/lib/python3.12/site-packages/airflow/models/dagbag.py", line 351, in parse
    loader.exec_module(new_module)
  File "<frozen importlib._bootstrap_external>", line 995, in exec_module
  File "<frozen importlib._bootstrap>", line 488, in _call_with_frames_removed
  File "/opt/airflow/dags/steam_pipeline_dag.py", line 13, in <module>
    from etl.bronze_extract import extract_app
  File "/opt/airflow/etl/bronze_extract.py", line 3, in <module>
    from tqdm import tqdm
ModuleNotFoundError: No module named 'tqdm'
[2025-08-16T16:21:21.855+0000] {processor.py:842} WARNING - No viable dags retrieved from /opt/airflow/dags/steam_pipeline_dag.py
[2025-08-16T16:21:21.875+0000] {processor.py:183} INFO - Processing /opt/airflow/dags/steam_pipeline_dag.py took 0.078 seconds
[2025-08-16T16:21:52.470+0000] {processor.py:161} INFO - Started process (PID=481) to work on /opt/airflow/dags/steam_pipeline_dag.py
[2025-08-16T16:21:52.471+0000] {processor.py:830} INFO - Processing file /opt/airflow/dags/steam_pipeline_dag.py for tasks to queue
[2025-08-16T16:21:52.473+0000] {logging_mixin.py:188} INFO - [2025-08-16T16:21:52.473+0000] {dagbag.py:545} INFO - Filling up the DagBag from /opt/airflow/dags/steam_pipeline_dag.py
[2025-08-16T16:21:52.521+0000] {logging_mixin.py:188} INFO - [2025-08-16T16:21:52.512+0000] {dagbag.py:355} ERROR - Failed to import: /opt/airflow/dags/steam_pipeline_dag.py
Traceback (most recent call last):
  File "/home/airflow/.local/lib/python3.12/site-packages/airflow/models/dagbag.py", line 351, in parse
    loader.exec_module(new_module)
  File "<frozen importlib._bootstrap_external>", line 995, in exec_module
  File "<frozen importlib._bootstrap>", line 488, in _call_with_frames_removed
  File "/opt/airflow/dags/steam_pipeline_dag.py", line 13, in <module>
    from etl.bronze_extract import extract_app
  File "/opt/airflow/etl/bronze_extract.py", line 3, in <module>
    from tqdm import tqdm
ModuleNotFoundError: No module named 'tqdm'
[2025-08-16T16:21:52.526+0000] {processor.py:842} WARNING - No viable dags retrieved from /opt/airflow/dags/steam_pipeline_dag.py
[2025-08-16T16:21:52.548+0000] {processor.py:183} INFO - Processing /opt/airflow/dags/steam_pipeline_dag.py took 0.084 seconds
[2025-08-16T16:22:22.630+0000] {processor.py:161} INFO - Started process (PID=482) to work on /opt/airflow/dags/steam_pipeline_dag.py
[2025-08-16T16:22:22.631+0000] {processor.py:830} INFO - Processing file /opt/airflow/dags/steam_pipeline_dag.py for tasks to queue
[2025-08-16T16:22:22.633+0000] {logging_mixin.py:188} INFO - [2025-08-16T16:22:22.633+0000] {dagbag.py:545} INFO - Filling up the DagBag from /opt/airflow/dags/steam_pipeline_dag.py
[2025-08-16T16:22:22.680+0000] {logging_mixin.py:188} INFO - [2025-08-16T16:22:22.674+0000] {dagbag.py:355} ERROR - Failed to import: /opt/airflow/dags/steam_pipeline_dag.py
Traceback (most recent call last):
  File "/home/airflow/.local/lib/python3.12/site-packages/airflow/models/dagbag.py", line 351, in parse
    loader.exec_module(new_module)
  File "<frozen importlib._bootstrap_external>", line 995, in exec_module
  File "<frozen importlib._bootstrap>", line 488, in _call_with_frames_removed
  File "/opt/airflow/dags/steam_pipeline_dag.py", line 13, in <module>
    from etl.bronze_extract import extract_app
  File "/opt/airflow/etl/bronze_extract.py", line 3, in <module>
    from tqdm import tqdm
ModuleNotFoundError: No module named 'tqdm'
[2025-08-16T16:22:22.682+0000] {processor.py:842} WARNING - No viable dags retrieved from /opt/airflow/dags/steam_pipeline_dag.py
[2025-08-16T16:22:22.699+0000] {processor.py:183} INFO - Processing /opt/airflow/dags/steam_pipeline_dag.py took 0.075 seconds
[2025-08-16T16:22:53.597+0000] {processor.py:161} INFO - Started process (PID=483) to work on /opt/airflow/dags/steam_pipeline_dag.py
[2025-08-16T16:22:53.599+0000] {processor.py:830} INFO - Processing file /opt/airflow/dags/steam_pipeline_dag.py for tasks to queue
[2025-08-16T16:22:53.602+0000] {logging_mixin.py:188} INFO - [2025-08-16T16:22:53.601+0000] {dagbag.py:545} INFO - Filling up the DagBag from /opt/airflow/dags/steam_pipeline_dag.py
[2025-08-16T16:22:53.651+0000] {logging_mixin.py:188} INFO - [2025-08-16T16:22:53.645+0000] {dagbag.py:355} ERROR - Failed to import: /opt/airflow/dags/steam_pipeline_dag.py
Traceback (most recent call last):
  File "/home/airflow/.local/lib/python3.12/site-packages/airflow/models/dagbag.py", line 351, in parse
    loader.exec_module(new_module)
  File "<frozen importlib._bootstrap_external>", line 995, in exec_module
  File "<frozen importlib._bootstrap>", line 488, in _call_with_frames_removed
  File "/opt/airflow/dags/steam_pipeline_dag.py", line 13, in <module>
    from etl.bronze_extract import extract_app
  File "/opt/airflow/etl/bronze_extract.py", line 3, in <module>
    from tqdm import tqdm
ModuleNotFoundError: No module named 'tqdm'
[2025-08-16T16:22:53.654+0000] {processor.py:842} WARNING - No viable dags retrieved from /opt/airflow/dags/steam_pipeline_dag.py
[2025-08-16T16:22:53.674+0000] {processor.py:183} INFO - Processing /opt/airflow/dags/steam_pipeline_dag.py took 0.084 seconds
[2025-08-16T16:23:24.399+0000] {processor.py:161} INFO - Started process (PID=484) to work on /opt/airflow/dags/steam_pipeline_dag.py
[2025-08-16T16:23:24.401+0000] {processor.py:830} INFO - Processing file /opt/airflow/dags/steam_pipeline_dag.py for tasks to queue
[2025-08-16T16:23:24.403+0000] {logging_mixin.py:188} INFO - [2025-08-16T16:23:24.402+0000] {dagbag.py:545} INFO - Filling up the DagBag from /opt/airflow/dags/steam_pipeline_dag.py
[2025-08-16T16:23:24.465+0000] {logging_mixin.py:188} INFO - [2025-08-16T16:23:24.456+0000] {dagbag.py:355} ERROR - Failed to import: /opt/airflow/dags/steam_pipeline_dag.py
Traceback (most recent call last):
  File "/home/airflow/.local/lib/python3.12/site-packages/airflow/models/dagbag.py", line 351, in parse
    loader.exec_module(new_module)
  File "<frozen importlib._bootstrap_external>", line 995, in exec_module
  File "<frozen importlib._bootstrap>", line 488, in _call_with_frames_removed
  File "/opt/airflow/dags/steam_pipeline_dag.py", line 13, in <module>
    from etl.bronze_extract import extract_app
  File "/opt/airflow/etl/bronze_extract.py", line 3, in <module>
    from tqdm import tqdm
ModuleNotFoundError: No module named 'tqdm'
[2025-08-16T16:23:24.468+0000] {processor.py:842} WARNING - No viable dags retrieved from /opt/airflow/dags/steam_pipeline_dag.py
[2025-08-16T16:23:24.485+0000] {processor.py:183} INFO - Processing /opt/airflow/dags/steam_pipeline_dag.py took 0.092 seconds
[2025-08-16T16:23:55.692+0000] {processor.py:161} INFO - Started process (PID=485) to work on /opt/airflow/dags/steam_pipeline_dag.py
[2025-08-16T16:23:55.694+0000] {processor.py:830} INFO - Processing file /opt/airflow/dags/steam_pipeline_dag.py for tasks to queue
[2025-08-16T16:23:55.696+0000] {logging_mixin.py:188} INFO - [2025-08-16T16:23:55.695+0000] {dagbag.py:545} INFO - Filling up the DagBag from /opt/airflow/dags/steam_pipeline_dag.py
[2025-08-16T16:23:55.743+0000] {logging_mixin.py:188} INFO - [2025-08-16T16:23:55.737+0000] {dagbag.py:355} ERROR - Failed to import: /opt/airflow/dags/steam_pipeline_dag.py
Traceback (most recent call last):
  File "/home/airflow/.local/lib/python3.12/site-packages/airflow/models/dagbag.py", line 351, in parse
    loader.exec_module(new_module)
  File "<frozen importlib._bootstrap_external>", line 995, in exec_module
  File "<frozen importlib._bootstrap>", line 488, in _call_with_frames_removed
  File "/opt/airflow/dags/steam_pipeline_dag.py", line 13, in <module>
    from etl.bronze_extract import extract_app
  File "/opt/airflow/etl/bronze_extract.py", line 3, in <module>
    from tqdm import tqdm
ModuleNotFoundError: No module named 'tqdm'
[2025-08-16T16:23:55.747+0000] {processor.py:842} WARNING - No viable dags retrieved from /opt/airflow/dags/steam_pipeline_dag.py
[2025-08-16T16:23:55.763+0000] {processor.py:183} INFO - Processing /opt/airflow/dags/steam_pipeline_dag.py took 0.077 seconds
[2025-08-16T16:24:26.417+0000] {processor.py:161} INFO - Started process (PID=486) to work on /opt/airflow/dags/steam_pipeline_dag.py
[2025-08-16T16:24:26.418+0000] {processor.py:830} INFO - Processing file /opt/airflow/dags/steam_pipeline_dag.py for tasks to queue
[2025-08-16T16:24:26.422+0000] {logging_mixin.py:188} INFO - [2025-08-16T16:24:26.421+0000] {dagbag.py:545} INFO - Filling up the DagBag from /opt/airflow/dags/steam_pipeline_dag.py
[2025-08-16T16:24:26.493+0000] {logging_mixin.py:188} INFO - [2025-08-16T16:24:26.484+0000] {dagbag.py:355} ERROR - Failed to import: /opt/airflow/dags/steam_pipeline_dag.py
Traceback (most recent call last):
  File "/home/airflow/.local/lib/python3.12/site-packages/airflow/models/dagbag.py", line 351, in parse
    loader.exec_module(new_module)
  File "<frozen importlib._bootstrap_external>", line 995, in exec_module
  File "<frozen importlib._bootstrap>", line 488, in _call_with_frames_removed
  File "/opt/airflow/dags/steam_pipeline_dag.py", line 13, in <module>
    from etl.bronze_extract import extract_app
  File "/opt/airflow/etl/bronze_extract.py", line 3, in <module>
    from tqdm import tqdm
ModuleNotFoundError: No module named 'tqdm'
[2025-08-16T16:24:26.496+0000] {processor.py:842} WARNING - No viable dags retrieved from /opt/airflow/dags/steam_pipeline_dag.py
[2025-08-16T16:24:26.517+0000] {processor.py:183} INFO - Processing /opt/airflow/dags/steam_pipeline_dag.py took 0.110 seconds
[2025-08-16T16:24:57.129+0000] {processor.py:161} INFO - Started process (PID=487) to work on /opt/airflow/dags/steam_pipeline_dag.py
[2025-08-16T16:24:57.130+0000] {processor.py:830} INFO - Processing file /opt/airflow/dags/steam_pipeline_dag.py for tasks to queue
[2025-08-16T16:24:57.132+0000] {logging_mixin.py:188} INFO - [2025-08-16T16:24:57.132+0000] {dagbag.py:545} INFO - Filling up the DagBag from /opt/airflow/dags/steam_pipeline_dag.py
[2025-08-16T16:24:57.178+0000] {logging_mixin.py:188} INFO - [2025-08-16T16:24:57.172+0000] {dagbag.py:355} ERROR - Failed to import: /opt/airflow/dags/steam_pipeline_dag.py
Traceback (most recent call last):
  File "/home/airflow/.local/lib/python3.12/site-packages/airflow/models/dagbag.py", line 351, in parse
    loader.exec_module(new_module)
  File "<frozen importlib._bootstrap_external>", line 995, in exec_module
  File "<frozen importlib._bootstrap>", line 488, in _call_with_frames_removed
  File "/opt/airflow/dags/steam_pipeline_dag.py", line 13, in <module>
    from etl.bronze_extract import extract_app
  File "/opt/airflow/etl/bronze_extract.py", line 3, in <module>
    from tqdm import tqdm
ModuleNotFoundError: No module named 'tqdm'
[2025-08-16T16:24:57.180+0000] {processor.py:842} WARNING - No viable dags retrieved from /opt/airflow/dags/steam_pipeline_dag.py
[2025-08-16T16:24:57.200+0000] {processor.py:183} INFO - Processing /opt/airflow/dags/steam_pipeline_dag.py took 0.078 seconds
[2025-08-16T16:25:28.118+0000] {processor.py:161} INFO - Started process (PID=488) to work on /opt/airflow/dags/steam_pipeline_dag.py
[2025-08-16T16:25:28.120+0000] {processor.py:830} INFO - Processing file /opt/airflow/dags/steam_pipeline_dag.py for tasks to queue
[2025-08-16T16:25:28.122+0000] {logging_mixin.py:188} INFO - [2025-08-16T16:25:28.122+0000] {dagbag.py:545} INFO - Filling up the DagBag from /opt/airflow/dags/steam_pipeline_dag.py
[2025-08-16T16:25:28.195+0000] {logging_mixin.py:188} INFO - [2025-08-16T16:25:28.174+0000] {dagbag.py:355} ERROR - Failed to import: /opt/airflow/dags/steam_pipeline_dag.py
Traceback (most recent call last):
  File "/home/airflow/.local/lib/python3.12/site-packages/airflow/models/dagbag.py", line 351, in parse
    loader.exec_module(new_module)
  File "<frozen importlib._bootstrap_external>", line 995, in exec_module
  File "<frozen importlib._bootstrap>", line 488, in _call_with_frames_removed
  File "/opt/airflow/dags/steam_pipeline_dag.py", line 13, in <module>
    from etl.bronze_extract import extract_app
  File "/opt/airflow/etl/bronze_extract.py", line 3, in <module>
    from tqdm import tqdm
ModuleNotFoundError: No module named 'tqdm'
[2025-08-16T16:25:28.201+0000] {processor.py:842} WARNING - No viable dags retrieved from /opt/airflow/dags/steam_pipeline_dag.py
[2025-08-16T16:25:28.222+0000] {processor.py:183} INFO - Processing /opt/airflow/dags/steam_pipeline_dag.py took 0.110 seconds
[2025-08-16T16:25:58.812+0000] {processor.py:161} INFO - Started process (PID=489) to work on /opt/airflow/dags/steam_pipeline_dag.py
[2025-08-16T16:25:58.813+0000] {processor.py:830} INFO - Processing file /opt/airflow/dags/steam_pipeline_dag.py for tasks to queue
[2025-08-16T16:25:58.816+0000] {logging_mixin.py:188} INFO - [2025-08-16T16:25:58.815+0000] {dagbag.py:545} INFO - Filling up the DagBag from /opt/airflow/dags/steam_pipeline_dag.py
[2025-08-16T16:25:58.861+0000] {logging_mixin.py:188} INFO - [2025-08-16T16:25:58.855+0000] {dagbag.py:355} ERROR - Failed to import: /opt/airflow/dags/steam_pipeline_dag.py
Traceback (most recent call last):
  File "/home/airflow/.local/lib/python3.12/site-packages/airflow/models/dagbag.py", line 351, in parse
    loader.exec_module(new_module)
  File "<frozen importlib._bootstrap_external>", line 995, in exec_module
  File "<frozen importlib._bootstrap>", line 488, in _call_with_frames_removed
  File "/opt/airflow/dags/steam_pipeline_dag.py", line 13, in <module>
    from etl.bronze_extract import extract_app
  File "/opt/airflow/etl/bronze_extract.py", line 3, in <module>
    from tqdm import tqdm
ModuleNotFoundError: No module named 'tqdm'
[2025-08-16T16:25:58.864+0000] {processor.py:842} WARNING - No viable dags retrieved from /opt/airflow/dags/steam_pipeline_dag.py
[2025-08-16T16:25:58.886+0000] {processor.py:183} INFO - Processing /opt/airflow/dags/steam_pipeline_dag.py took 0.079 seconds
[2025-08-16T16:26:29.579+0000] {processor.py:161} INFO - Started process (PID=490) to work on /opt/airflow/dags/steam_pipeline_dag.py
[2025-08-16T16:26:29.581+0000] {processor.py:830} INFO - Processing file /opt/airflow/dags/steam_pipeline_dag.py for tasks to queue
[2025-08-16T16:26:29.583+0000] {logging_mixin.py:188} INFO - [2025-08-16T16:26:29.582+0000] {dagbag.py:545} INFO - Filling up the DagBag from /opt/airflow/dags/steam_pipeline_dag.py
[2025-08-16T16:26:29.630+0000] {logging_mixin.py:188} INFO - [2025-08-16T16:26:29.623+0000] {dagbag.py:355} ERROR - Failed to import: /opt/airflow/dags/steam_pipeline_dag.py
Traceback (most recent call last):
  File "/home/airflow/.local/lib/python3.12/site-packages/airflow/models/dagbag.py", line 351, in parse
    loader.exec_module(new_module)
  File "<frozen importlib._bootstrap_external>", line 995, in exec_module
  File "<frozen importlib._bootstrap>", line 488, in _call_with_frames_removed
  File "/opt/airflow/dags/steam_pipeline_dag.py", line 13, in <module>
    from etl.bronze_extract import extract_app
  File "/opt/airflow/etl/bronze_extract.py", line 3, in <module>
    from tqdm import tqdm
ModuleNotFoundError: No module named 'tqdm'
[2025-08-16T16:26:29.633+0000] {processor.py:842} WARNING - No viable dags retrieved from /opt/airflow/dags/steam_pipeline_dag.py
[2025-08-16T16:26:29.661+0000] {processor.py:183} INFO - Processing /opt/airflow/dags/steam_pipeline_dag.py took 0.087 seconds
[2025-08-16T16:27:00.329+0000] {processor.py:161} INFO - Started process (PID=491) to work on /opt/airflow/dags/steam_pipeline_dag.py
[2025-08-16T16:27:00.331+0000] {processor.py:830} INFO - Processing file /opt/airflow/dags/steam_pipeline_dag.py for tasks to queue
[2025-08-16T16:27:00.334+0000] {logging_mixin.py:188} INFO - [2025-08-16T16:27:00.333+0000] {dagbag.py:545} INFO - Filling up the DagBag from /opt/airflow/dags/steam_pipeline_dag.py
[2025-08-16T16:27:00.400+0000] {logging_mixin.py:188} INFO - [2025-08-16T16:27:00.391+0000] {dagbag.py:355} ERROR - Failed to import: /opt/airflow/dags/steam_pipeline_dag.py
Traceback (most recent call last):
  File "/home/airflow/.local/lib/python3.12/site-packages/airflow/models/dagbag.py", line 351, in parse
    loader.exec_module(new_module)
  File "<frozen importlib._bootstrap_external>", line 995, in exec_module
  File "<frozen importlib._bootstrap>", line 488, in _call_with_frames_removed
  File "/opt/airflow/dags/steam_pipeline_dag.py", line 13, in <module>
    from etl.bronze_extract import extract_app
  File "/opt/airflow/etl/bronze_extract.py", line 3, in <module>
    from tqdm import tqdm
ModuleNotFoundError: No module named 'tqdm'
[2025-08-16T16:27:00.403+0000] {processor.py:842} WARNING - No viable dags retrieved from /opt/airflow/dags/steam_pipeline_dag.py
[2025-08-16T16:27:00.425+0000] {processor.py:183} INFO - Processing /opt/airflow/dags/steam_pipeline_dag.py took 0.105 seconds
[2025-08-16T16:27:30.717+0000] {processor.py:161} INFO - Started process (PID=492) to work on /opt/airflow/dags/steam_pipeline_dag.py
[2025-08-16T16:27:30.718+0000] {processor.py:830} INFO - Processing file /opt/airflow/dags/steam_pipeline_dag.py for tasks to queue
[2025-08-16T16:27:30.720+0000] {logging_mixin.py:188} INFO - [2025-08-16T16:27:30.719+0000] {dagbag.py:545} INFO - Filling up the DagBag from /opt/airflow/dags/steam_pipeline_dag.py
[2025-08-16T16:27:30.768+0000] {logging_mixin.py:188} INFO - [2025-08-16T16:27:30.761+0000] {dagbag.py:355} ERROR - Failed to import: /opt/airflow/dags/steam_pipeline_dag.py
Traceback (most recent call last):
  File "/home/airflow/.local/lib/python3.12/site-packages/airflow/models/dagbag.py", line 351, in parse
    loader.exec_module(new_module)
  File "<frozen importlib._bootstrap_external>", line 995, in exec_module
  File "<frozen importlib._bootstrap>", line 488, in _call_with_frames_removed
  File "/opt/airflow/dags/steam_pipeline_dag.py", line 13, in <module>
    from etl.bronze_extract import extract_app
  File "/opt/airflow/etl/bronze_extract.py", line 3, in <module>
    from tqdm import tqdm
ModuleNotFoundError: No module named 'tqdm'
[2025-08-16T16:27:30.770+0000] {processor.py:842} WARNING - No viable dags retrieved from /opt/airflow/dags/steam_pipeline_dag.py
[2025-08-16T16:27:30.791+0000] {processor.py:183} INFO - Processing /opt/airflow/dags/steam_pipeline_dag.py took 0.080 seconds
[2025-08-16T16:28:01.723+0000] {processor.py:161} INFO - Started process (PID=493) to work on /opt/airflow/dags/steam_pipeline_dag.py
[2025-08-16T16:28:01.724+0000] {processor.py:830} INFO - Processing file /opt/airflow/dags/steam_pipeline_dag.py for tasks to queue
[2025-08-16T16:28:01.727+0000] {logging_mixin.py:188} INFO - [2025-08-16T16:28:01.726+0000] {dagbag.py:545} INFO - Filling up the DagBag from /opt/airflow/dags/steam_pipeline_dag.py
[2025-08-16T16:28:01.774+0000] {logging_mixin.py:188} INFO - [2025-08-16T16:28:01.768+0000] {dagbag.py:355} ERROR - Failed to import: /opt/airflow/dags/steam_pipeline_dag.py
Traceback (most recent call last):
  File "/home/airflow/.local/lib/python3.12/site-packages/airflow/models/dagbag.py", line 351, in parse
    loader.exec_module(new_module)
  File "<frozen importlib._bootstrap_external>", line 995, in exec_module
  File "<frozen importlib._bootstrap>", line 488, in _call_with_frames_removed
  File "/opt/airflow/dags/steam_pipeline_dag.py", line 13, in <module>
    from etl.bronze_extract import extract_app
  File "/opt/airflow/etl/bronze_extract.py", line 3, in <module>
    from tqdm import tqdm
ModuleNotFoundError: No module named 'tqdm'
[2025-08-16T16:28:01.777+0000] {processor.py:842} WARNING - No viable dags retrieved from /opt/airflow/dags/steam_pipeline_dag.py
[2025-08-16T16:28:01.798+0000] {processor.py:183} INFO - Processing /opt/airflow/dags/steam_pipeline_dag.py took 0.081 seconds
[2025-08-16T16:28:32.181+0000] {processor.py:161} INFO - Started process (PID=494) to work on /opt/airflow/dags/steam_pipeline_dag.py
[2025-08-16T16:28:32.182+0000] {processor.py:830} INFO - Processing file /opt/airflow/dags/steam_pipeline_dag.py for tasks to queue
[2025-08-16T16:28:32.184+0000] {logging_mixin.py:188} INFO - [2025-08-16T16:28:32.184+0000] {dagbag.py:545} INFO - Filling up the DagBag from /opt/airflow/dags/steam_pipeline_dag.py
[2025-08-16T16:28:32.230+0000] {logging_mixin.py:188} INFO - [2025-08-16T16:28:32.224+0000] {dagbag.py:355} ERROR - Failed to import: /opt/airflow/dags/steam_pipeline_dag.py
Traceback (most recent call last):
  File "/home/airflow/.local/lib/python3.12/site-packages/airflow/models/dagbag.py", line 351, in parse
    loader.exec_module(new_module)
  File "<frozen importlib._bootstrap_external>", line 995, in exec_module
  File "<frozen importlib._bootstrap>", line 488, in _call_with_frames_removed
  File "/opt/airflow/dags/steam_pipeline_dag.py", line 13, in <module>
    from etl.bronze_extract import extract_app
  File "/opt/airflow/etl/bronze_extract.py", line 3, in <module>
    from tqdm import tqdm
ModuleNotFoundError: No module named 'tqdm'
[2025-08-16T16:28:32.232+0000] {processor.py:842} WARNING - No viable dags retrieved from /opt/airflow/dags/steam_pipeline_dag.py
[2025-08-16T16:28:32.252+0000] {processor.py:183} INFO - Processing /opt/airflow/dags/steam_pipeline_dag.py took 0.077 seconds
[2025-08-16T16:29:03.189+0000] {processor.py:161} INFO - Started process (PID=495) to work on /opt/airflow/dags/steam_pipeline_dag.py
[2025-08-16T16:29:03.197+0000] {processor.py:830} INFO - Processing file /opt/airflow/dags/steam_pipeline_dag.py for tasks to queue
[2025-08-16T16:29:03.203+0000] {logging_mixin.py:188} INFO - [2025-08-16T16:29:03.202+0000] {dagbag.py:545} INFO - Filling up the DagBag from /opt/airflow/dags/steam_pipeline_dag.py
[2025-08-16T16:29:03.387+0000] {logging_mixin.py:188} INFO - [2025-08-16T16:29:03.370+0000] {dagbag.py:355} ERROR - Failed to import: /opt/airflow/dags/steam_pipeline_dag.py
Traceback (most recent call last):
  File "/home/airflow/.local/lib/python3.12/site-packages/airflow/models/dagbag.py", line 351, in parse
    loader.exec_module(new_module)
  File "<frozen importlib._bootstrap_external>", line 995, in exec_module
  File "<frozen importlib._bootstrap>", line 488, in _call_with_frames_removed
  File "/opt/airflow/dags/steam_pipeline_dag.py", line 13, in <module>
    from etl.bronze_extract import extract_app
  File "/opt/airflow/etl/bronze_extract.py", line 3, in <module>
    from tqdm import tqdm
ModuleNotFoundError: No module named 'tqdm'
[2025-08-16T16:29:03.393+0000] {processor.py:842} WARNING - No viable dags retrieved from /opt/airflow/dags/steam_pipeline_dag.py
[2025-08-16T16:29:03.421+0000] {processor.py:183} INFO - Processing /opt/airflow/dags/steam_pipeline_dag.py took 0.239 seconds
[2025-08-16T16:29:33.839+0000] {processor.py:161} INFO - Started process (PID=496) to work on /opt/airflow/dags/steam_pipeline_dag.py
[2025-08-16T16:29:33.841+0000] {processor.py:830} INFO - Processing file /opt/airflow/dags/steam_pipeline_dag.py for tasks to queue
[2025-08-16T16:29:33.844+0000] {logging_mixin.py:188} INFO - [2025-08-16T16:29:33.843+0000] {dagbag.py:545} INFO - Filling up the DagBag from /opt/airflow/dags/steam_pipeline_dag.py
[2025-08-16T16:29:34.028+0000] {logging_mixin.py:188} INFO - [2025-08-16T16:29:33.990+0000] {dagbag.py:355} ERROR - Failed to import: /opt/airflow/dags/steam_pipeline_dag.py
Traceback (most recent call last):
  File "/home/airflow/.local/lib/python3.12/site-packages/airflow/models/dagbag.py", line 351, in parse
    loader.exec_module(new_module)
  File "<frozen importlib._bootstrap_external>", line 995, in exec_module
  File "<frozen importlib._bootstrap>", line 488, in _call_with_frames_removed
  File "/opt/airflow/dags/steam_pipeline_dag.py", line 13, in <module>
    from etl.bronze_extract import extract_app
  File "/opt/airflow/etl/bronze_extract.py", line 3, in <module>
    from tqdm import tqdm
ModuleNotFoundError: No module named 'tqdm'
[2025-08-16T16:29:34.036+0000] {processor.py:842} WARNING - No viable dags retrieved from /opt/airflow/dags/steam_pipeline_dag.py
[2025-08-16T16:29:34.064+0000] {processor.py:183} INFO - Processing /opt/airflow/dags/steam_pipeline_dag.py took 0.232 seconds
[2025-08-16T16:30:04.518+0000] {processor.py:161} INFO - Started process (PID=497) to work on /opt/airflow/dags/steam_pipeline_dag.py
[2025-08-16T16:30:04.519+0000] {processor.py:830} INFO - Processing file /opt/airflow/dags/steam_pipeline_dag.py for tasks to queue
[2025-08-16T16:30:04.522+0000] {logging_mixin.py:188} INFO - [2025-08-16T16:30:04.522+0000] {dagbag.py:545} INFO - Filling up the DagBag from /opt/airflow/dags/steam_pipeline_dag.py
[2025-08-16T16:30:04.586+0000] {logging_mixin.py:188} INFO - [2025-08-16T16:30:04.579+0000] {dagbag.py:355} ERROR - Failed to import: /opt/airflow/dags/steam_pipeline_dag.py
Traceback (most recent call last):
  File "/home/airflow/.local/lib/python3.12/site-packages/airflow/models/dagbag.py", line 351, in parse
    loader.exec_module(new_module)
  File "<frozen importlib._bootstrap_external>", line 995, in exec_module
  File "<frozen importlib._bootstrap>", line 488, in _call_with_frames_removed
  File "/opt/airflow/dags/steam_pipeline_dag.py", line 13, in <module>
    from etl.bronze_extract import extract_app
  File "/opt/airflow/etl/bronze_extract.py", line 3, in <module>
    from tqdm import tqdm
ModuleNotFoundError: No module named 'tqdm'
[2025-08-16T16:30:04.590+0000] {processor.py:842} WARNING - No viable dags retrieved from /opt/airflow/dags/steam_pipeline_dag.py
[2025-08-16T16:30:04.608+0000] {processor.py:183} INFO - Processing /opt/airflow/dags/steam_pipeline_dag.py took 0.098 seconds
[2025-08-16T16:30:35.504+0000] {processor.py:161} INFO - Started process (PID=498) to work on /opt/airflow/dags/steam_pipeline_dag.py
[2025-08-16T16:30:35.506+0000] {processor.py:830} INFO - Processing file /opt/airflow/dags/steam_pipeline_dag.py for tasks to queue
[2025-08-16T16:30:35.509+0000] {logging_mixin.py:188} INFO - [2025-08-16T16:30:35.508+0000] {dagbag.py:545} INFO - Filling up the DagBag from /opt/airflow/dags/steam_pipeline_dag.py
[2025-08-16T16:30:35.631+0000] {logging_mixin.py:188} INFO - [2025-08-16T16:30:35.591+0000] {dagbag.py:355} ERROR - Failed to import: /opt/airflow/dags/steam_pipeline_dag.py
Traceback (most recent call last):
  File "/home/airflow/.local/lib/python3.12/site-packages/airflow/models/dagbag.py", line 351, in parse
    loader.exec_module(new_module)
  File "<frozen importlib._bootstrap_external>", line 995, in exec_module
  File "<frozen importlib._bootstrap>", line 488, in _call_with_frames_removed
  File "/opt/airflow/dags/steam_pipeline_dag.py", line 13, in <module>
    from etl.bronze_extract import extract_app
  File "/opt/airflow/etl/bronze_extract.py", line 3, in <module>
    from tqdm import tqdm
ModuleNotFoundError: No module named 'tqdm'
[2025-08-16T16:30:35.638+0000] {processor.py:842} WARNING - No viable dags retrieved from /opt/airflow/dags/steam_pipeline_dag.py
[2025-08-16T16:30:35.659+0000] {processor.py:183} INFO - Processing /opt/airflow/dags/steam_pipeline_dag.py took 0.166 seconds
[2025-08-16T16:31:06.554+0000] {processor.py:161} INFO - Started process (PID=499) to work on /opt/airflow/dags/steam_pipeline_dag.py
[2025-08-16T16:31:06.555+0000] {processor.py:830} INFO - Processing file /opt/airflow/dags/steam_pipeline_dag.py for tasks to queue
[2025-08-16T16:31:06.557+0000] {logging_mixin.py:188} INFO - [2025-08-16T16:31:06.556+0000] {dagbag.py:545} INFO - Filling up the DagBag from /opt/airflow/dags/steam_pipeline_dag.py
[2025-08-16T16:31:06.614+0000] {logging_mixin.py:188} INFO - [2025-08-16T16:31:06.603+0000] {dagbag.py:355} ERROR - Failed to import: /opt/airflow/dags/steam_pipeline_dag.py
Traceback (most recent call last):
  File "/home/airflow/.local/lib/python3.12/site-packages/airflow/models/dagbag.py", line 351, in parse
    loader.exec_module(new_module)
  File "<frozen importlib._bootstrap_external>", line 995, in exec_module
  File "<frozen importlib._bootstrap>", line 488, in _call_with_frames_removed
  File "/opt/airflow/dags/steam_pipeline_dag.py", line 13, in <module>
    from etl.bronze_extract import extract_app
  File "/opt/airflow/etl/bronze_extract.py", line 3, in <module>
    from tqdm import tqdm
ModuleNotFoundError: No module named 'tqdm'
[2025-08-16T16:31:06.619+0000] {processor.py:842} WARNING - No viable dags retrieved from /opt/airflow/dags/steam_pipeline_dag.py
[2025-08-16T16:31:06.640+0000] {processor.py:183} INFO - Processing /opt/airflow/dags/steam_pipeline_dag.py took 0.093 seconds
[2025-08-16T16:31:37.113+0000] {processor.py:161} INFO - Started process (PID=500) to work on /opt/airflow/dags/steam_pipeline_dag.py
[2025-08-16T16:31:37.117+0000] {processor.py:830} INFO - Processing file /opt/airflow/dags/steam_pipeline_dag.py for tasks to queue
[2025-08-16T16:31:37.120+0000] {logging_mixin.py:188} INFO - [2025-08-16T16:31:37.119+0000] {dagbag.py:545} INFO - Filling up the DagBag from /opt/airflow/dags/steam_pipeline_dag.py
[2025-08-16T16:31:37.186+0000] {logging_mixin.py:188} INFO - [2025-08-16T16:31:37.179+0000] {dagbag.py:355} ERROR - Failed to import: /opt/airflow/dags/steam_pipeline_dag.py
Traceback (most recent call last):
  File "/home/airflow/.local/lib/python3.12/site-packages/airflow/models/dagbag.py", line 351, in parse
    loader.exec_module(new_module)
  File "<frozen importlib._bootstrap_external>", line 995, in exec_module
  File "<frozen importlib._bootstrap>", line 488, in _call_with_frames_removed
  File "/opt/airflow/dags/steam_pipeline_dag.py", line 13, in <module>
    from etl.bronze_extract import extract_app
  File "/opt/airflow/etl/bronze_extract.py", line 3, in <module>
    from tqdm import tqdm
ModuleNotFoundError: No module named 'tqdm'
[2025-08-16T16:31:37.190+0000] {processor.py:842} WARNING - No viable dags retrieved from /opt/airflow/dags/steam_pipeline_dag.py
[2025-08-16T16:31:37.209+0000] {processor.py:183} INFO - Processing /opt/airflow/dags/steam_pipeline_dag.py took 0.101 seconds
[2025-08-16T16:32:07.346+0000] {processor.py:161} INFO - Started process (PID=501) to work on /opt/airflow/dags/steam_pipeline_dag.py
[2025-08-16T16:32:07.347+0000] {processor.py:830} INFO - Processing file /opt/airflow/dags/steam_pipeline_dag.py for tasks to queue
[2025-08-16T16:32:07.349+0000] {logging_mixin.py:188} INFO - [2025-08-16T16:32:07.348+0000] {dagbag.py:545} INFO - Filling up the DagBag from /opt/airflow/dags/steam_pipeline_dag.py
[2025-08-16T16:32:07.406+0000] {logging_mixin.py:188} INFO - [2025-08-16T16:32:07.399+0000] {dagbag.py:355} ERROR - Failed to import: /opt/airflow/dags/steam_pipeline_dag.py
Traceback (most recent call last):
  File "/home/airflow/.local/lib/python3.12/site-packages/airflow/models/dagbag.py", line 351, in parse
    loader.exec_module(new_module)
  File "<frozen importlib._bootstrap_external>", line 995, in exec_module
  File "<frozen importlib._bootstrap>", line 488, in _call_with_frames_removed
  File "/opt/airflow/dags/steam_pipeline_dag.py", line 13, in <module>
    from etl.bronze_extract import extract_app
  File "/opt/airflow/etl/bronze_extract.py", line 3, in <module>
    from tqdm import tqdm
ModuleNotFoundError: No module named 'tqdm'
[2025-08-16T16:32:07.408+0000] {processor.py:842} WARNING - No viable dags retrieved from /opt/airflow/dags/steam_pipeline_dag.py
[2025-08-16T16:32:07.431+0000] {processor.py:183} INFO - Processing /opt/airflow/dags/steam_pipeline_dag.py took 0.091 seconds
[2025-08-16T16:32:38.268+0000] {processor.py:161} INFO - Started process (PID=502) to work on /opt/airflow/dags/steam_pipeline_dag.py
[2025-08-16T16:32:38.269+0000] {processor.py:830} INFO - Processing file /opt/airflow/dags/steam_pipeline_dag.py for tasks to queue
[2025-08-16T16:32:38.271+0000] {logging_mixin.py:188} INFO - [2025-08-16T16:32:38.270+0000] {dagbag.py:545} INFO - Filling up the DagBag from /opt/airflow/dags/steam_pipeline_dag.py
[2025-08-16T16:32:38.339+0000] {logging_mixin.py:188} INFO - [2025-08-16T16:32:38.333+0000] {dagbag.py:355} ERROR - Failed to import: /opt/airflow/dags/steam_pipeline_dag.py
Traceback (most recent call last):
  File "/home/airflow/.local/lib/python3.12/site-packages/airflow/models/dagbag.py", line 351, in parse
    loader.exec_module(new_module)
  File "<frozen importlib._bootstrap_external>", line 995, in exec_module
  File "<frozen importlib._bootstrap>", line 488, in _call_with_frames_removed
  File "/opt/airflow/dags/steam_pipeline_dag.py", line 13, in <module>
    from etl.bronze_extract import extract_app
  File "/opt/airflow/etl/bronze_extract.py", line 3, in <module>
    from tqdm import tqdm
ModuleNotFoundError: No module named 'tqdm'
[2025-08-16T16:32:38.342+0000] {processor.py:842} WARNING - No viable dags retrieved from /opt/airflow/dags/steam_pipeline_dag.py
[2025-08-16T16:32:38.361+0000] {processor.py:183} INFO - Processing /opt/airflow/dags/steam_pipeline_dag.py took 0.098 seconds
[2025-08-16T16:33:09.349+0000] {processor.py:161} INFO - Started process (PID=503) to work on /opt/airflow/dags/steam_pipeline_dag.py
[2025-08-16T16:33:09.350+0000] {processor.py:830} INFO - Processing file /opt/airflow/dags/steam_pipeline_dag.py for tasks to queue
[2025-08-16T16:33:09.352+0000] {logging_mixin.py:188} INFO - [2025-08-16T16:33:09.351+0000] {dagbag.py:545} INFO - Filling up the DagBag from /opt/airflow/dags/steam_pipeline_dag.py
[2025-08-16T16:33:09.423+0000] {logging_mixin.py:188} INFO - [2025-08-16T16:33:09.398+0000] {dagbag.py:355} ERROR - Failed to import: /opt/airflow/dags/steam_pipeline_dag.py
Traceback (most recent call last):
  File "/home/airflow/.local/lib/python3.12/site-packages/airflow/models/dagbag.py", line 351, in parse
    loader.exec_module(new_module)
  File "<frozen importlib._bootstrap_external>", line 995, in exec_module
  File "<frozen importlib._bootstrap>", line 488, in _call_with_frames_removed
  File "/opt/airflow/dags/steam_pipeline_dag.py", line 13, in <module>
    from etl.bronze_extract import extract_app
  File "/opt/airflow/etl/bronze_extract.py", line 3, in <module>
    from tqdm import tqdm
ModuleNotFoundError: No module named 'tqdm'
[2025-08-16T16:33:09.428+0000] {processor.py:842} WARNING - No viable dags retrieved from /opt/airflow/dags/steam_pipeline_dag.py
[2025-08-16T16:33:09.453+0000] {processor.py:183} INFO - Processing /opt/airflow/dags/steam_pipeline_dag.py took 0.112 seconds
[2025-08-16T16:33:40.067+0000] {processor.py:161} INFO - Started process (PID=504) to work on /opt/airflow/dags/steam_pipeline_dag.py
[2025-08-16T16:33:40.069+0000] {processor.py:830} INFO - Processing file /opt/airflow/dags/steam_pipeline_dag.py for tasks to queue
[2025-08-16T16:33:40.071+0000] {logging_mixin.py:188} INFO - [2025-08-16T16:33:40.070+0000] {dagbag.py:545} INFO - Filling up the DagBag from /opt/airflow/dags/steam_pipeline_dag.py
[2025-08-16T16:33:40.137+0000] {logging_mixin.py:188} INFO - [2025-08-16T16:33:40.131+0000] {dagbag.py:355} ERROR - Failed to import: /opt/airflow/dags/steam_pipeline_dag.py
Traceback (most recent call last):
  File "/home/airflow/.local/lib/python3.12/site-packages/airflow/models/dagbag.py", line 351, in parse
    loader.exec_module(new_module)
  File "<frozen importlib._bootstrap_external>", line 995, in exec_module
  File "<frozen importlib._bootstrap>", line 488, in _call_with_frames_removed
  File "/opt/airflow/dags/steam_pipeline_dag.py", line 13, in <module>
    from etl.bronze_extract import extract_app
  File "/opt/airflow/etl/bronze_extract.py", line 3, in <module>
    from tqdm import tqdm
ModuleNotFoundError: No module named 'tqdm'
[2025-08-16T16:33:40.140+0000] {processor.py:842} WARNING - No viable dags retrieved from /opt/airflow/dags/steam_pipeline_dag.py
[2025-08-16T16:33:40.157+0000] {processor.py:183} INFO - Processing /opt/airflow/dags/steam_pipeline_dag.py took 0.094 seconds
[2025-08-16T16:34:10.514+0000] {processor.py:161} INFO - Started process (PID=505) to work on /opt/airflow/dags/steam_pipeline_dag.py
[2025-08-16T16:34:10.516+0000] {processor.py:830} INFO - Processing file /opt/airflow/dags/steam_pipeline_dag.py for tasks to queue
[2025-08-16T16:34:10.518+0000] {logging_mixin.py:188} INFO - [2025-08-16T16:34:10.518+0000] {dagbag.py:545} INFO - Filling up the DagBag from /opt/airflow/dags/steam_pipeline_dag.py
[2025-08-16T16:34:10.572+0000] {logging_mixin.py:188} INFO - [2025-08-16T16:34:10.565+0000] {dagbag.py:355} ERROR - Failed to import: /opt/airflow/dags/steam_pipeline_dag.py
Traceback (most recent call last):
  File "/home/airflow/.local/lib/python3.12/site-packages/airflow/models/dagbag.py", line 351, in parse
    loader.exec_module(new_module)
  File "<frozen importlib._bootstrap_external>", line 995, in exec_module
  File "<frozen importlib._bootstrap>", line 488, in _call_with_frames_removed
  File "/opt/airflow/dags/steam_pipeline_dag.py", line 13, in <module>
    from etl.bronze_extract import extract_app
  File "/opt/airflow/etl/bronze_extract.py", line 3, in <module>
    from tqdm import tqdm
ModuleNotFoundError: No module named 'tqdm'
[2025-08-16T16:34:10.575+0000] {processor.py:842} WARNING - No viable dags retrieved from /opt/airflow/dags/steam_pipeline_dag.py
[2025-08-16T16:34:10.594+0000] {processor.py:183} INFO - Processing /opt/airflow/dags/steam_pipeline_dag.py took 0.086 seconds
[2025-08-16T16:34:41.150+0000] {processor.py:161} INFO - Started process (PID=507) to work on /opt/airflow/dags/steam_pipeline_dag.py
[2025-08-16T16:34:41.151+0000] {processor.py:830} INFO - Processing file /opt/airflow/dags/steam_pipeline_dag.py for tasks to queue
[2025-08-16T16:34:41.153+0000] {logging_mixin.py:188} INFO - [2025-08-16T16:34:41.152+0000] {dagbag.py:545} INFO - Filling up the DagBag from /opt/airflow/dags/steam_pipeline_dag.py
[2025-08-16T16:34:41.201+0000] {logging_mixin.py:188} INFO - [2025-08-16T16:34:41.195+0000] {dagbag.py:355} ERROR - Failed to import: /opt/airflow/dags/steam_pipeline_dag.py
Traceback (most recent call last):
  File "/home/airflow/.local/lib/python3.12/site-packages/airflow/models/dagbag.py", line 351, in parse
    loader.exec_module(new_module)
  File "<frozen importlib._bootstrap_external>", line 995, in exec_module
  File "<frozen importlib._bootstrap>", line 488, in _call_with_frames_removed
  File "/opt/airflow/dags/steam_pipeline_dag.py", line 13, in <module>
    from etl.bronze_extract import extract_app
  File "/opt/airflow/etl/bronze_extract.py", line 3, in <module>
    from tqdm import tqdm
ModuleNotFoundError: No module named 'tqdm'
[2025-08-16T16:34:41.203+0000] {processor.py:842} WARNING - No viable dags retrieved from /opt/airflow/dags/steam_pipeline_dag.py
[2025-08-16T16:34:41.219+0000] {processor.py:183} INFO - Processing /opt/airflow/dags/steam_pipeline_dag.py took 0.075 seconds
[2025-08-16T16:35:11.297+0000] {processor.py:161} INFO - Started process (PID=508) to work on /opt/airflow/dags/steam_pipeline_dag.py
[2025-08-16T16:35:11.298+0000] {processor.py:830} INFO - Processing file /opt/airflow/dags/steam_pipeline_dag.py for tasks to queue
[2025-08-16T16:35:11.300+0000] {logging_mixin.py:188} INFO - [2025-08-16T16:35:11.299+0000] {dagbag.py:545} INFO - Filling up the DagBag from /opt/airflow/dags/steam_pipeline_dag.py
[2025-08-16T16:35:11.351+0000] {logging_mixin.py:188} INFO - [2025-08-16T16:35:11.343+0000] {dagbag.py:355} ERROR - Failed to import: /opt/airflow/dags/steam_pipeline_dag.py
Traceback (most recent call last):
  File "/home/airflow/.local/lib/python3.12/site-packages/airflow/models/dagbag.py", line 351, in parse
    loader.exec_module(new_module)
  File "<frozen importlib._bootstrap_external>", line 995, in exec_module
  File "<frozen importlib._bootstrap>", line 488, in _call_with_frames_removed
  File "/opt/airflow/dags/steam_pipeline_dag.py", line 13, in <module>
    from etl.bronze_extract import extract_app
  File "/opt/airflow/etl/bronze_extract.py", line 3, in <module>
    from tqdm import tqdm
ModuleNotFoundError: No module named 'tqdm'
[2025-08-16T16:35:11.355+0000] {processor.py:842} WARNING - No viable dags retrieved from /opt/airflow/dags/steam_pipeline_dag.py
[2025-08-16T16:35:11.377+0000] {processor.py:183} INFO - Processing /opt/airflow/dags/steam_pipeline_dag.py took 0.085 seconds
[2025-08-16T16:35:41.542+0000] {processor.py:161} INFO - Started process (PID=509) to work on /opt/airflow/dags/steam_pipeline_dag.py
[2025-08-16T16:35:41.543+0000] {processor.py:830} INFO - Processing file /opt/airflow/dags/steam_pipeline_dag.py for tasks to queue
[2025-08-16T16:35:41.546+0000] {logging_mixin.py:188} INFO - [2025-08-16T16:35:41.546+0000] {dagbag.py:545} INFO - Filling up the DagBag from /opt/airflow/dags/steam_pipeline_dag.py
[2025-08-16T16:35:41.616+0000] {logging_mixin.py:188} INFO - [2025-08-16T16:35:41.607+0000] {dagbag.py:355} ERROR - Failed to import: /opt/airflow/dags/steam_pipeline_dag.py
Traceback (most recent call last):
  File "/home/airflow/.local/lib/python3.12/site-packages/airflow/models/dagbag.py", line 351, in parse
    loader.exec_module(new_module)
  File "<frozen importlib._bootstrap_external>", line 995, in exec_module
  File "<frozen importlib._bootstrap>", line 488, in _call_with_frames_removed
  File "/opt/airflow/dags/steam_pipeline_dag.py", line 13, in <module>
    from etl.bronze_extract import extract_app
  File "/opt/airflow/etl/bronze_extract.py", line 3, in <module>
    from tqdm import tqdm
ModuleNotFoundError: No module named 'tqdm'
[2025-08-16T16:35:41.626+0000] {processor.py:842} WARNING - No viable dags retrieved from /opt/airflow/dags/steam_pipeline_dag.py
[2025-08-16T16:35:41.650+0000] {processor.py:183} INFO - Processing /opt/airflow/dags/steam_pipeline_dag.py took 0.116 seconds
[2025-08-16T16:36:12.147+0000] {processor.py:161} INFO - Started process (PID=510) to work on /opt/airflow/dags/steam_pipeline_dag.py
[2025-08-16T16:36:12.149+0000] {processor.py:830} INFO - Processing file /opt/airflow/dags/steam_pipeline_dag.py for tasks to queue
[2025-08-16T16:36:12.150+0000] {logging_mixin.py:188} INFO - [2025-08-16T16:36:12.150+0000] {dagbag.py:545} INFO - Filling up the DagBag from /opt/airflow/dags/steam_pipeline_dag.py
[2025-08-16T16:36:12.220+0000] {logging_mixin.py:188} INFO - [2025-08-16T16:36:12.212+0000] {dagbag.py:355} ERROR - Failed to import: /opt/airflow/dags/steam_pipeline_dag.py
Traceback (most recent call last):
  File "/home/airflow/.local/lib/python3.12/site-packages/airflow/models/dagbag.py", line 351, in parse
    loader.exec_module(new_module)
  File "<frozen importlib._bootstrap_external>", line 995, in exec_module
  File "<frozen importlib._bootstrap>", line 488, in _call_with_frames_removed
  File "/opt/airflow/dags/steam_pipeline_dag.py", line 13, in <module>
    from etl.bronze_extract import extract_app
  File "/opt/airflow/etl/bronze_extract.py", line 3, in <module>
    from tqdm import tqdm
ModuleNotFoundError: No module named 'tqdm'
[2025-08-16T16:36:12.225+0000] {processor.py:842} WARNING - No viable dags retrieved from /opt/airflow/dags/steam_pipeline_dag.py
[2025-08-16T16:36:12.248+0000] {processor.py:183} INFO - Processing /opt/airflow/dags/steam_pipeline_dag.py took 0.107 seconds
[2025-08-16T16:36:42.963+0000] {processor.py:161} INFO - Started process (PID=511) to work on /opt/airflow/dags/steam_pipeline_dag.py
[2025-08-16T16:36:42.964+0000] {processor.py:830} INFO - Processing file /opt/airflow/dags/steam_pipeline_dag.py for tasks to queue
[2025-08-16T16:36:42.966+0000] {logging_mixin.py:188} INFO - [2025-08-16T16:36:42.966+0000] {dagbag.py:545} INFO - Filling up the DagBag from /opt/airflow/dags/steam_pipeline_dag.py
[2025-08-16T16:36:43.013+0000] {logging_mixin.py:188} INFO - [2025-08-16T16:36:43.006+0000] {dagbag.py:355} ERROR - Failed to import: /opt/airflow/dags/steam_pipeline_dag.py
Traceback (most recent call last):
  File "/home/airflow/.local/lib/python3.12/site-packages/airflow/models/dagbag.py", line 351, in parse
    loader.exec_module(new_module)
  File "<frozen importlib._bootstrap_external>", line 995, in exec_module
  File "<frozen importlib._bootstrap>", line 488, in _call_with_frames_removed
  File "/opt/airflow/dags/steam_pipeline_dag.py", line 13, in <module>
    from etl.bronze_extract import extract_app
  File "/opt/airflow/etl/bronze_extract.py", line 3, in <module>
    from tqdm import tqdm
ModuleNotFoundError: No module named 'tqdm'
[2025-08-16T16:36:43.015+0000] {processor.py:842} WARNING - No viable dags retrieved from /opt/airflow/dags/steam_pipeline_dag.py
[2025-08-16T16:36:43.040+0000] {processor.py:183} INFO - Processing /opt/airflow/dags/steam_pipeline_dag.py took 0.083 seconds
[2025-08-16T16:37:13.393+0000] {processor.py:161} INFO - Started process (PID=512) to work on /opt/airflow/dags/steam_pipeline_dag.py
[2025-08-16T16:37:13.395+0000] {processor.py:830} INFO - Processing file /opt/airflow/dags/steam_pipeline_dag.py for tasks to queue
[2025-08-16T16:37:13.397+0000] {logging_mixin.py:188} INFO - [2025-08-16T16:37:13.397+0000] {dagbag.py:545} INFO - Filling up the DagBag from /opt/airflow/dags/steam_pipeline_dag.py
[2025-08-16T16:37:13.446+0000] {logging_mixin.py:188} INFO - [2025-08-16T16:37:13.440+0000] {dagbag.py:355} ERROR - Failed to import: /opt/airflow/dags/steam_pipeline_dag.py
Traceback (most recent call last):
  File "/home/airflow/.local/lib/python3.12/site-packages/airflow/models/dagbag.py", line 351, in parse
    loader.exec_module(new_module)
  File "<frozen importlib._bootstrap_external>", line 995, in exec_module
  File "<frozen importlib._bootstrap>", line 488, in _call_with_frames_removed
  File "/opt/airflow/dags/steam_pipeline_dag.py", line 13, in <module>
    from etl.bronze_extract import extract_app
  File "/opt/airflow/etl/bronze_extract.py", line 3, in <module>
    from tqdm import tqdm
ModuleNotFoundError: No module named 'tqdm'
[2025-08-16T16:37:13.449+0000] {processor.py:842} WARNING - No viable dags retrieved from /opt/airflow/dags/steam_pipeline_dag.py
[2025-08-16T16:37:13.471+0000] {processor.py:183} INFO - Processing /opt/airflow/dags/steam_pipeline_dag.py took 0.083 seconds
[2025-08-16T16:37:43.986+0000] {processor.py:161} INFO - Started process (PID=513) to work on /opt/airflow/dags/steam_pipeline_dag.py
[2025-08-16T16:37:43.988+0000] {processor.py:830} INFO - Processing file /opt/airflow/dags/steam_pipeline_dag.py for tasks to queue
[2025-08-16T16:37:43.991+0000] {logging_mixin.py:188} INFO - [2025-08-16T16:37:43.990+0000] {dagbag.py:545} INFO - Filling up the DagBag from /opt/airflow/dags/steam_pipeline_dag.py
[2025-08-16T16:37:44.085+0000] {logging_mixin.py:188} INFO - [2025-08-16T16:37:44.076+0000] {dagbag.py:355} ERROR - Failed to import: /opt/airflow/dags/steam_pipeline_dag.py
Traceback (most recent call last):
  File "/home/airflow/.local/lib/python3.12/site-packages/airflow/models/dagbag.py", line 351, in parse
    loader.exec_module(new_module)
  File "<frozen importlib._bootstrap_external>", line 995, in exec_module
  File "<frozen importlib._bootstrap>", line 488, in _call_with_frames_removed
  File "/opt/airflow/dags/steam_pipeline_dag.py", line 13, in <module>
    from etl.bronze_extract import extract_app
  File "/opt/airflow/etl/bronze_extract.py", line 3, in <module>
    from tqdm import tqdm
ModuleNotFoundError: No module named 'tqdm'
[2025-08-16T16:37:44.089+0000] {processor.py:842} WARNING - No viable dags retrieved from /opt/airflow/dags/steam_pipeline_dag.py
[2025-08-16T16:37:44.108+0000] {processor.py:183} INFO - Processing /opt/airflow/dags/steam_pipeline_dag.py took 0.128 seconds
[2025-08-16T16:38:14.720+0000] {processor.py:161} INFO - Started process (PID=514) to work on /opt/airflow/dags/steam_pipeline_dag.py
[2025-08-16T16:38:14.721+0000] {processor.py:830} INFO - Processing file /opt/airflow/dags/steam_pipeline_dag.py for tasks to queue
[2025-08-16T16:38:14.724+0000] {logging_mixin.py:188} INFO - [2025-08-16T16:38:14.723+0000] {dagbag.py:545} INFO - Filling up the DagBag from /opt/airflow/dags/steam_pipeline_dag.py
[2025-08-16T16:38:14.772+0000] {logging_mixin.py:188} INFO - [2025-08-16T16:38:14.764+0000] {dagbag.py:355} ERROR - Failed to import: /opt/airflow/dags/steam_pipeline_dag.py
Traceback (most recent call last):
  File "/home/airflow/.local/lib/python3.12/site-packages/airflow/models/dagbag.py", line 351, in parse
    loader.exec_module(new_module)
  File "<frozen importlib._bootstrap_external>", line 995, in exec_module
  File "<frozen importlib._bootstrap>", line 488, in _call_with_frames_removed
  File "/opt/airflow/dags/steam_pipeline_dag.py", line 13, in <module>
    from etl.bronze_extract import extract_app
  File "/opt/airflow/etl/bronze_extract.py", line 3, in <module>
    from tqdm import tqdm
ModuleNotFoundError: No module named 'tqdm'
[2025-08-16T16:38:14.774+0000] {processor.py:842} WARNING - No viable dags retrieved from /opt/airflow/dags/steam_pipeline_dag.py
[2025-08-16T16:38:14.797+0000] {processor.py:183} INFO - Processing /opt/airflow/dags/steam_pipeline_dag.py took 0.085 seconds
[2025-08-16T16:38:45.724+0000] {processor.py:161} INFO - Started process (PID=515) to work on /opt/airflow/dags/steam_pipeline_dag.py
[2025-08-16T16:38:45.725+0000] {processor.py:830} INFO - Processing file /opt/airflow/dags/steam_pipeline_dag.py for tasks to queue
[2025-08-16T16:38:45.727+0000] {logging_mixin.py:188} INFO - [2025-08-16T16:38:45.727+0000] {dagbag.py:545} INFO - Filling up the DagBag from /opt/airflow/dags/steam_pipeline_dag.py
[2025-08-16T16:38:45.775+0000] {logging_mixin.py:188} INFO - [2025-08-16T16:38:45.768+0000] {dagbag.py:355} ERROR - Failed to import: /opt/airflow/dags/steam_pipeline_dag.py
Traceback (most recent call last):
  File "/home/airflow/.local/lib/python3.12/site-packages/airflow/models/dagbag.py", line 351, in parse
    loader.exec_module(new_module)
  File "<frozen importlib._bootstrap_external>", line 995, in exec_module
  File "<frozen importlib._bootstrap>", line 488, in _call_with_frames_removed
  File "/opt/airflow/dags/steam_pipeline_dag.py", line 13, in <module>
    from etl.bronze_extract import extract_app
  File "/opt/airflow/etl/bronze_extract.py", line 3, in <module>
    from tqdm import tqdm
ModuleNotFoundError: No module named 'tqdm'
[2025-08-16T16:38:45.777+0000] {processor.py:842} WARNING - No viable dags retrieved from /opt/airflow/dags/steam_pipeline_dag.py
[2025-08-16T16:38:45.798+0000] {processor.py:183} INFO - Processing /opt/airflow/dags/steam_pipeline_dag.py took 0.080 seconds
[2025-08-16T16:39:16.046+0000] {processor.py:161} INFO - Started process (PID=516) to work on /opt/airflow/dags/steam_pipeline_dag.py
[2025-08-16T16:39:16.048+0000] {processor.py:830} INFO - Processing file /opt/airflow/dags/steam_pipeline_dag.py for tasks to queue
[2025-08-16T16:39:16.050+0000] {logging_mixin.py:188} INFO - [2025-08-16T16:39:16.050+0000] {dagbag.py:545} INFO - Filling up the DagBag from /opt/airflow/dags/steam_pipeline_dag.py
[2025-08-16T16:39:16.115+0000] {logging_mixin.py:188} INFO - [2025-08-16T16:39:16.106+0000] {dagbag.py:355} ERROR - Failed to import: /opt/airflow/dags/steam_pipeline_dag.py
Traceback (most recent call last):
  File "/home/airflow/.local/lib/python3.12/site-packages/airflow/models/dagbag.py", line 351, in parse
    loader.exec_module(new_module)
  File "<frozen importlib._bootstrap_external>", line 995, in exec_module
  File "<frozen importlib._bootstrap>", line 488, in _call_with_frames_removed
  File "/opt/airflow/dags/steam_pipeline_dag.py", line 13, in <module>
    from etl.bronze_extract import extract_app
  File "/opt/airflow/etl/bronze_extract.py", line 3, in <module>
    from tqdm import tqdm
ModuleNotFoundError: No module named 'tqdm'
[2025-08-16T16:39:16.120+0000] {processor.py:842} WARNING - No viable dags retrieved from /opt/airflow/dags/steam_pipeline_dag.py
[2025-08-16T16:39:16.139+0000] {processor.py:183} INFO - Processing /opt/airflow/dags/steam_pipeline_dag.py took 0.099 seconds
[2025-08-16T16:39:47.324+0000] {processor.py:161} INFO - Started process (PID=517) to work on /opt/airflow/dags/steam_pipeline_dag.py
[2025-08-16T16:39:47.326+0000] {processor.py:830} INFO - Processing file /opt/airflow/dags/steam_pipeline_dag.py for tasks to queue
[2025-08-16T16:39:47.329+0000] {logging_mixin.py:188} INFO - [2025-08-16T16:39:47.328+0000] {dagbag.py:545} INFO - Filling up the DagBag from /opt/airflow/dags/steam_pipeline_dag.py
[2025-08-16T16:39:47.437+0000] {logging_mixin.py:188} INFO - [2025-08-16T16:39:47.428+0000] {dagbag.py:355} ERROR - Failed to import: /opt/airflow/dags/steam_pipeline_dag.py
Traceback (most recent call last):
  File "/home/airflow/.local/lib/python3.12/site-packages/airflow/models/dagbag.py", line 351, in parse
    loader.exec_module(new_module)
  File "<frozen importlib._bootstrap_external>", line 995, in exec_module
  File "<frozen importlib._bootstrap>", line 488, in _call_with_frames_removed
  File "/opt/airflow/dags/steam_pipeline_dag.py", line 13, in <module>
    from etl.bronze_extract import extract_app
  File "/opt/airflow/etl/bronze_extract.py", line 3, in <module>
    from tqdm import tqdm
ModuleNotFoundError: No module named 'tqdm'
[2025-08-16T16:39:47.439+0000] {processor.py:842} WARNING - No viable dags retrieved from /opt/airflow/dags/steam_pipeline_dag.py
[2025-08-16T16:39:47.464+0000] {processor.py:183} INFO - Processing /opt/airflow/dags/steam_pipeline_dag.py took 0.150 seconds
[2025-08-16T16:40:18.327+0000] {processor.py:161} INFO - Started process (PID=518) to work on /opt/airflow/dags/steam_pipeline_dag.py
[2025-08-16T16:40:18.328+0000] {processor.py:830} INFO - Processing file /opt/airflow/dags/steam_pipeline_dag.py for tasks to queue
[2025-08-16T16:40:18.330+0000] {logging_mixin.py:188} INFO - [2025-08-16T16:40:18.329+0000] {dagbag.py:545} INFO - Filling up the DagBag from /opt/airflow/dags/steam_pipeline_dag.py
[2025-08-16T16:40:18.395+0000] {logging_mixin.py:188} INFO - [2025-08-16T16:40:18.387+0000] {dagbag.py:355} ERROR - Failed to import: /opt/airflow/dags/steam_pipeline_dag.py
Traceback (most recent call last):
  File "/home/airflow/.local/lib/python3.12/site-packages/airflow/models/dagbag.py", line 351, in parse
    loader.exec_module(new_module)
  File "<frozen importlib._bootstrap_external>", line 995, in exec_module
  File "<frozen importlib._bootstrap>", line 488, in _call_with_frames_removed
  File "/opt/airflow/dags/steam_pipeline_dag.py", line 13, in <module>
    from etl.bronze_extract import extract_app
  File "/opt/airflow/etl/bronze_extract.py", line 3, in <module>
    from tqdm import tqdm
ModuleNotFoundError: No module named 'tqdm'
[2025-08-16T16:40:18.398+0000] {processor.py:842} WARNING - No viable dags retrieved from /opt/airflow/dags/steam_pipeline_dag.py
[2025-08-16T16:40:18.419+0000] {processor.py:183} INFO - Processing /opt/airflow/dags/steam_pipeline_dag.py took 0.098 seconds
[2025-08-16T16:40:49.472+0000] {processor.py:161} INFO - Started process (PID=519) to work on /opt/airflow/dags/steam_pipeline_dag.py
[2025-08-16T16:40:49.474+0000] {processor.py:830} INFO - Processing file /opt/airflow/dags/steam_pipeline_dag.py for tasks to queue
[2025-08-16T16:40:49.476+0000] {logging_mixin.py:188} INFO - [2025-08-16T16:40:49.475+0000] {dagbag.py:545} INFO - Filling up the DagBag from /opt/airflow/dags/steam_pipeline_dag.py
[2025-08-16T16:40:49.524+0000] {logging_mixin.py:188} INFO - [2025-08-16T16:40:49.517+0000] {dagbag.py:355} ERROR - Failed to import: /opt/airflow/dags/steam_pipeline_dag.py
Traceback (most recent call last):
  File "/home/airflow/.local/lib/python3.12/site-packages/airflow/models/dagbag.py", line 351, in parse
    loader.exec_module(new_module)
  File "<frozen importlib._bootstrap_external>", line 995, in exec_module
  File "<frozen importlib._bootstrap>", line 488, in _call_with_frames_removed
  File "/opt/airflow/dags/steam_pipeline_dag.py", line 13, in <module>
    from etl.bronze_extract import extract_app
  File "/opt/airflow/etl/bronze_extract.py", line 3, in <module>
    from tqdm import tqdm
ModuleNotFoundError: No module named 'tqdm'
[2025-08-16T16:40:49.526+0000] {processor.py:842} WARNING - No viable dags retrieved from /opt/airflow/dags/steam_pipeline_dag.py
[2025-08-16T16:40:49.549+0000] {processor.py:183} INFO - Processing /opt/airflow/dags/steam_pipeline_dag.py took 0.083 seconds
[2025-08-16T16:41:20.331+0000] {processor.py:161} INFO - Started process (PID=520) to work on /opt/airflow/dags/steam_pipeline_dag.py
[2025-08-16T16:41:20.333+0000] {processor.py:830} INFO - Processing file /opt/airflow/dags/steam_pipeline_dag.py for tasks to queue
[2025-08-16T16:41:20.335+0000] {logging_mixin.py:188} INFO - [2025-08-16T16:41:20.335+0000] {dagbag.py:545} INFO - Filling up the DagBag from /opt/airflow/dags/steam_pipeline_dag.py
[2025-08-16T16:41:20.395+0000] {logging_mixin.py:188} INFO - [2025-08-16T16:41:20.386+0000] {dagbag.py:355} ERROR - Failed to import: /opt/airflow/dags/steam_pipeline_dag.py
Traceback (most recent call last):
  File "/home/airflow/.local/lib/python3.12/site-packages/airflow/models/dagbag.py", line 351, in parse
    loader.exec_module(new_module)
  File "<frozen importlib._bootstrap_external>", line 995, in exec_module
  File "<frozen importlib._bootstrap>", line 488, in _call_with_frames_removed
  File "/opt/airflow/dags/steam_pipeline_dag.py", line 13, in <module>
    from etl.bronze_extract import extract_app
  File "/opt/airflow/etl/bronze_extract.py", line 3, in <module>
    from tqdm import tqdm
ModuleNotFoundError: No module named 'tqdm'
[2025-08-16T16:41:20.398+0000] {processor.py:842} WARNING - No viable dags retrieved from /opt/airflow/dags/steam_pipeline_dag.py
[2025-08-16T16:41:20.426+0000] {processor.py:183} INFO - Processing /opt/airflow/dags/steam_pipeline_dag.py took 0.101 seconds
[2025-08-16T16:41:50.872+0000] {processor.py:161} INFO - Started process (PID=521) to work on /opt/airflow/dags/steam_pipeline_dag.py
[2025-08-16T16:41:50.874+0000] {processor.py:830} INFO - Processing file /opt/airflow/dags/steam_pipeline_dag.py for tasks to queue
[2025-08-16T16:41:50.877+0000] {logging_mixin.py:188} INFO - [2025-08-16T16:41:50.877+0000] {dagbag.py:545} INFO - Filling up the DagBag from /opt/airflow/dags/steam_pipeline_dag.py
[2025-08-16T16:41:50.930+0000] {logging_mixin.py:188} INFO - [2025-08-16T16:41:50.923+0000] {dagbag.py:355} ERROR - Failed to import: /opt/airflow/dags/steam_pipeline_dag.py
Traceback (most recent call last):
  File "/home/airflow/.local/lib/python3.12/site-packages/airflow/models/dagbag.py", line 351, in parse
    loader.exec_module(new_module)
  File "<frozen importlib._bootstrap_external>", line 995, in exec_module
  File "<frozen importlib._bootstrap>", line 488, in _call_with_frames_removed
  File "/opt/airflow/dags/steam_pipeline_dag.py", line 13, in <module>
    from etl.bronze_extract import extract_app
  File "/opt/airflow/etl/bronze_extract.py", line 3, in <module>
    from tqdm import tqdm
ModuleNotFoundError: No module named 'tqdm'
[2025-08-16T16:41:50.932+0000] {processor.py:842} WARNING - No viable dags retrieved from /opt/airflow/dags/steam_pipeline_dag.py
[2025-08-16T16:41:50.954+0000] {processor.py:183} INFO - Processing /opt/airflow/dags/steam_pipeline_dag.py took 0.088 seconds
[2025-08-16T16:42:21.609+0000] {processor.py:161} INFO - Started process (PID=522) to work on /opt/airflow/dags/steam_pipeline_dag.py
[2025-08-16T16:42:21.611+0000] {processor.py:830} INFO - Processing file /opt/airflow/dags/steam_pipeline_dag.py for tasks to queue
[2025-08-16T16:42:21.613+0000] {logging_mixin.py:188} INFO - [2025-08-16T16:42:21.612+0000] {dagbag.py:545} INFO - Filling up the DagBag from /opt/airflow/dags/steam_pipeline_dag.py
[2025-08-16T16:42:21.653+0000] {logging_mixin.py:188} INFO - [2025-08-16T16:42:21.648+0000] {dagbag.py:355} ERROR - Failed to import: /opt/airflow/dags/steam_pipeline_dag.py
Traceback (most recent call last):
  File "/home/airflow/.local/lib/python3.12/site-packages/airflow/models/dagbag.py", line 351, in parse
    loader.exec_module(new_module)
  File "<frozen importlib._bootstrap_external>", line 995, in exec_module
  File "<frozen importlib._bootstrap>", line 488, in _call_with_frames_removed
  File "/opt/airflow/dags/steam_pipeline_dag.py", line 13, in <module>
    from etl.bronze_extract import extract_app
  File "/opt/airflow/etl/bronze_extract.py", line 3, in <module>
    from tqdm import tqdm
ModuleNotFoundError: No module named 'tqdm'
[2025-08-16T16:42:21.655+0000] {processor.py:842} WARNING - No viable dags retrieved from /opt/airflow/dags/steam_pipeline_dag.py
[2025-08-16T16:42:21.671+0000] {processor.py:183} INFO - Processing /opt/airflow/dags/steam_pipeline_dag.py took 0.067 seconds
[2025-08-16T16:42:52.423+0000] {processor.py:161} INFO - Started process (PID=523) to work on /opt/airflow/dags/steam_pipeline_dag.py
[2025-08-16T16:42:52.424+0000] {processor.py:830} INFO - Processing file /opt/airflow/dags/steam_pipeline_dag.py for tasks to queue
[2025-08-16T16:42:52.426+0000] {logging_mixin.py:188} INFO - [2025-08-16T16:42:52.425+0000] {dagbag.py:545} INFO - Filling up the DagBag from /opt/airflow/dags/steam_pipeline_dag.py
[2025-08-16T16:42:52.485+0000] {logging_mixin.py:188} INFO - [2025-08-16T16:42:52.477+0000] {dagbag.py:355} ERROR - Failed to import: /opt/airflow/dags/steam_pipeline_dag.py
Traceback (most recent call last):
  File "/home/airflow/.local/lib/python3.12/site-packages/airflow/models/dagbag.py", line 351, in parse
    loader.exec_module(new_module)
  File "<frozen importlib._bootstrap_external>", line 995, in exec_module
  File "<frozen importlib._bootstrap>", line 488, in _call_with_frames_removed
  File "/opt/airflow/dags/steam_pipeline_dag.py", line 13, in <module>
    from etl.bronze_extract import extract_app
  File "/opt/airflow/etl/bronze_extract.py", line 3, in <module>
    from tqdm import tqdm
ModuleNotFoundError: No module named 'tqdm'
[2025-08-16T16:42:52.488+0000] {processor.py:842} WARNING - No viable dags retrieved from /opt/airflow/dags/steam_pipeline_dag.py
[2025-08-16T16:42:52.509+0000] {processor.py:183} INFO - Processing /opt/airflow/dags/steam_pipeline_dag.py took 0.093 seconds
[2025-08-16T16:43:23.623+0000] {processor.py:161} INFO - Started process (PID=524) to work on /opt/airflow/dags/steam_pipeline_dag.py
[2025-08-16T16:43:23.624+0000] {processor.py:830} INFO - Processing file /opt/airflow/dags/steam_pipeline_dag.py for tasks to queue
[2025-08-16T16:43:23.627+0000] {logging_mixin.py:188} INFO - [2025-08-16T16:43:23.626+0000] {dagbag.py:545} INFO - Filling up the DagBag from /opt/airflow/dags/steam_pipeline_dag.py
[2025-08-16T16:43:23.673+0000] {logging_mixin.py:188} INFO - [2025-08-16T16:43:23.666+0000] {dagbag.py:355} ERROR - Failed to import: /opt/airflow/dags/steam_pipeline_dag.py
Traceback (most recent call last):
  File "/home/airflow/.local/lib/python3.12/site-packages/airflow/models/dagbag.py", line 351, in parse
    loader.exec_module(new_module)
  File "<frozen importlib._bootstrap_external>", line 995, in exec_module
  File "<frozen importlib._bootstrap>", line 488, in _call_with_frames_removed
  File "/opt/airflow/dags/steam_pipeline_dag.py", line 13, in <module>
    from etl.bronze_extract import extract_app
  File "/opt/airflow/etl/bronze_extract.py", line 3, in <module>
    from tqdm import tqdm
ModuleNotFoundError: No module named 'tqdm'
[2025-08-16T16:43:23.675+0000] {processor.py:842} WARNING - No viable dags retrieved from /opt/airflow/dags/steam_pipeline_dag.py
[2025-08-16T16:43:23.698+0000] {processor.py:183} INFO - Processing /opt/airflow/dags/steam_pipeline_dag.py took 0.081 seconds
[2025-08-16T16:43:53.865+0000] {processor.py:161} INFO - Started process (PID=525) to work on /opt/airflow/dags/steam_pipeline_dag.py
[2025-08-16T16:43:53.866+0000] {processor.py:830} INFO - Processing file /opt/airflow/dags/steam_pipeline_dag.py for tasks to queue
[2025-08-16T16:43:53.868+0000] {logging_mixin.py:188} INFO - [2025-08-16T16:43:53.868+0000] {dagbag.py:545} INFO - Filling up the DagBag from /opt/airflow/dags/steam_pipeline_dag.py
[2025-08-16T16:43:53.941+0000] {logging_mixin.py:188} INFO - [2025-08-16T16:43:53.928+0000] {dagbag.py:355} ERROR - Failed to import: /opt/airflow/dags/steam_pipeline_dag.py
Traceback (most recent call last):
  File "/home/airflow/.local/lib/python3.12/site-packages/airflow/models/dagbag.py", line 351, in parse
    loader.exec_module(new_module)
  File "<frozen importlib._bootstrap_external>", line 995, in exec_module
  File "<frozen importlib._bootstrap>", line 488, in _call_with_frames_removed
  File "/opt/airflow/dags/steam_pipeline_dag.py", line 13, in <module>
    from etl.bronze_extract import extract_app
  File "/opt/airflow/etl/bronze_extract.py", line 3, in <module>
    from tqdm import tqdm
ModuleNotFoundError: No module named 'tqdm'
[2025-08-16T16:43:53.944+0000] {processor.py:842} WARNING - No viable dags retrieved from /opt/airflow/dags/steam_pipeline_dag.py
[2025-08-16T16:43:53.965+0000] {processor.py:183} INFO - Processing /opt/airflow/dags/steam_pipeline_dag.py took 0.106 seconds
[2025-08-16T16:44:24.488+0000] {processor.py:161} INFO - Started process (PID=526) to work on /opt/airflow/dags/steam_pipeline_dag.py
[2025-08-16T16:44:24.489+0000] {processor.py:830} INFO - Processing file /opt/airflow/dags/steam_pipeline_dag.py for tasks to queue
[2025-08-16T16:44:24.492+0000] {logging_mixin.py:188} INFO - [2025-08-16T16:44:24.491+0000] {dagbag.py:545} INFO - Filling up the DagBag from /opt/airflow/dags/steam_pipeline_dag.py
[2025-08-16T16:44:24.544+0000] {logging_mixin.py:188} INFO - [2025-08-16T16:44:24.536+0000] {dagbag.py:355} ERROR - Failed to import: /opt/airflow/dags/steam_pipeline_dag.py
Traceback (most recent call last):
  File "/home/airflow/.local/lib/python3.12/site-packages/airflow/models/dagbag.py", line 351, in parse
    loader.exec_module(new_module)
  File "<frozen importlib._bootstrap_external>", line 995, in exec_module
  File "<frozen importlib._bootstrap>", line 488, in _call_with_frames_removed
  File "/opt/airflow/dags/steam_pipeline_dag.py", line 13, in <module>
    from etl.bronze_extract import extract_app
  File "/opt/airflow/etl/bronze_extract.py", line 3, in <module>
    from tqdm import tqdm
ModuleNotFoundError: No module named 'tqdm'
[2025-08-16T16:44:24.547+0000] {processor.py:842} WARNING - No viable dags retrieved from /opt/airflow/dags/steam_pipeline_dag.py
[2025-08-16T16:44:24.579+0000] {processor.py:183} INFO - Processing /opt/airflow/dags/steam_pipeline_dag.py took 0.098 seconds
[2025-08-16T16:44:55.713+0000] {processor.py:161} INFO - Started process (PID=527) to work on /opt/airflow/dags/steam_pipeline_dag.py
[2025-08-16T16:44:55.714+0000] {processor.py:830} INFO - Processing file /opt/airflow/dags/steam_pipeline_dag.py for tasks to queue
[2025-08-16T16:44:55.717+0000] {logging_mixin.py:188} INFO - [2025-08-16T16:44:55.717+0000] {dagbag.py:545} INFO - Filling up the DagBag from /opt/airflow/dags/steam_pipeline_dag.py
[2025-08-16T16:44:55.798+0000] {logging_mixin.py:188} INFO - [2025-08-16T16:44:55.786+0000] {dagbag.py:355} ERROR - Failed to import: /opt/airflow/dags/steam_pipeline_dag.py
Traceback (most recent call last):
  File "/home/airflow/.local/lib/python3.12/site-packages/airflow/models/dagbag.py", line 351, in parse
    loader.exec_module(new_module)
  File "<frozen importlib._bootstrap_external>", line 995, in exec_module
  File "<frozen importlib._bootstrap>", line 488, in _call_with_frames_removed
  File "/opt/airflow/dags/steam_pipeline_dag.py", line 13, in <module>
    from etl.bronze_extract import extract_app
  File "/opt/airflow/etl/bronze_extract.py", line 3, in <module>
    from tqdm import tqdm
ModuleNotFoundError: No module named 'tqdm'
[2025-08-16T16:44:55.803+0000] {processor.py:842} WARNING - No viable dags retrieved from /opt/airflow/dags/steam_pipeline_dag.py
[2025-08-16T16:44:55.824+0000] {processor.py:183} INFO - Processing /opt/airflow/dags/steam_pipeline_dag.py took 0.120 seconds
[2025-08-16T16:45:26.308+0000] {processor.py:161} INFO - Started process (PID=528) to work on /opt/airflow/dags/steam_pipeline_dag.py
[2025-08-16T16:45:26.310+0000] {processor.py:830} INFO - Processing file /opt/airflow/dags/steam_pipeline_dag.py for tasks to queue
[2025-08-16T16:45:26.313+0000] {logging_mixin.py:188} INFO - [2025-08-16T16:45:26.312+0000] {dagbag.py:545} INFO - Filling up the DagBag from /opt/airflow/dags/steam_pipeline_dag.py
[2025-08-16T16:45:26.377+0000] {logging_mixin.py:188} INFO - [2025-08-16T16:45:26.368+0000] {dagbag.py:355} ERROR - Failed to import: /opt/airflow/dags/steam_pipeline_dag.py
Traceback (most recent call last):
  File "/home/airflow/.local/lib/python3.12/site-packages/airflow/models/dagbag.py", line 351, in parse
    loader.exec_module(new_module)
  File "<frozen importlib._bootstrap_external>", line 995, in exec_module
  File "<frozen importlib._bootstrap>", line 488, in _call_with_frames_removed
  File "/opt/airflow/dags/steam_pipeline_dag.py", line 13, in <module>
    from etl.bronze_extract import extract_app
  File "/opt/airflow/etl/bronze_extract.py", line 3, in <module>
    from tqdm import tqdm
ModuleNotFoundError: No module named 'tqdm'
[2025-08-16T16:45:26.381+0000] {processor.py:842} WARNING - No viable dags retrieved from /opt/airflow/dags/steam_pipeline_dag.py
[2025-08-16T16:45:26.401+0000] {processor.py:183} INFO - Processing /opt/airflow/dags/steam_pipeline_dag.py took 0.103 seconds
[2025-08-16T16:45:57.118+0000] {processor.py:161} INFO - Started process (PID=529) to work on /opt/airflow/dags/steam_pipeline_dag.py
[2025-08-16T16:45:57.119+0000] {processor.py:830} INFO - Processing file /opt/airflow/dags/steam_pipeline_dag.py for tasks to queue
[2025-08-16T16:45:57.122+0000] {logging_mixin.py:188} INFO - [2025-08-16T16:45:57.121+0000] {dagbag.py:545} INFO - Filling up the DagBag from /opt/airflow/dags/steam_pipeline_dag.py
[2025-08-16T16:45:57.188+0000] {logging_mixin.py:188} INFO - [2025-08-16T16:45:57.179+0000] {dagbag.py:355} ERROR - Failed to import: /opt/airflow/dags/steam_pipeline_dag.py
Traceback (most recent call last):
  File "/home/airflow/.local/lib/python3.12/site-packages/airflow/models/dagbag.py", line 351, in parse
    loader.exec_module(new_module)
  File "<frozen importlib._bootstrap_external>", line 995, in exec_module
  File "<frozen importlib._bootstrap>", line 488, in _call_with_frames_removed
  File "/opt/airflow/dags/steam_pipeline_dag.py", line 13, in <module>
    from etl.bronze_extract import extract_app
  File "/opt/airflow/etl/bronze_extract.py", line 3, in <module>
    from tqdm import tqdm
ModuleNotFoundError: No module named 'tqdm'
[2025-08-16T16:45:57.191+0000] {processor.py:842} WARNING - No viable dags retrieved from /opt/airflow/dags/steam_pipeline_dag.py
[2025-08-16T16:45:57.215+0000] {processor.py:183} INFO - Processing /opt/airflow/dags/steam_pipeline_dag.py took 0.103 seconds
[2025-08-16T16:46:27.995+0000] {processor.py:161} INFO - Started process (PID=530) to work on /opt/airflow/dags/steam_pipeline_dag.py
[2025-08-16T16:46:27.997+0000] {processor.py:830} INFO - Processing file /opt/airflow/dags/steam_pipeline_dag.py for tasks to queue
[2025-08-16T16:46:27.999+0000] {logging_mixin.py:188} INFO - [2025-08-16T16:46:27.999+0000] {dagbag.py:545} INFO - Filling up the DagBag from /opt/airflow/dags/steam_pipeline_dag.py
[2025-08-16T16:46:28.052+0000] {logging_mixin.py:188} INFO - [2025-08-16T16:46:28.045+0000] {dagbag.py:355} ERROR - Failed to import: /opt/airflow/dags/steam_pipeline_dag.py
Traceback (most recent call last):
  File "/home/airflow/.local/lib/python3.12/site-packages/airflow/models/dagbag.py", line 351, in parse
    loader.exec_module(new_module)
  File "<frozen importlib._bootstrap_external>", line 995, in exec_module
  File "<frozen importlib._bootstrap>", line 488, in _call_with_frames_removed
  File "/opt/airflow/dags/steam_pipeline_dag.py", line 13, in <module>
    from etl.bronze_extract import extract_app
  File "/opt/airflow/etl/bronze_extract.py", line 3, in <module>
    from tqdm import tqdm
ModuleNotFoundError: No module named 'tqdm'
[2025-08-16T16:46:28.055+0000] {processor.py:842} WARNING - No viable dags retrieved from /opt/airflow/dags/steam_pipeline_dag.py
[2025-08-16T16:46:28.074+0000] {processor.py:183} INFO - Processing /opt/airflow/dags/steam_pipeline_dag.py took 0.085 seconds
[2025-08-16T16:46:58.199+0000] {processor.py:161} INFO - Started process (PID=531) to work on /opt/airflow/dags/steam_pipeline_dag.py
[2025-08-16T16:46:58.200+0000] {processor.py:830} INFO - Processing file /opt/airflow/dags/steam_pipeline_dag.py for tasks to queue
[2025-08-16T16:46:58.203+0000] {logging_mixin.py:188} INFO - [2025-08-16T16:46:58.202+0000] {dagbag.py:545} INFO - Filling up the DagBag from /opt/airflow/dags/steam_pipeline_dag.py
[2025-08-16T16:46:58.308+0000] {logging_mixin.py:188} INFO - [2025-08-16T16:46:58.299+0000] {dagbag.py:355} ERROR - Failed to import: /opt/airflow/dags/steam_pipeline_dag.py
Traceback (most recent call last):
  File "/home/airflow/.local/lib/python3.12/site-packages/airflow/models/dagbag.py", line 351, in parse
    loader.exec_module(new_module)
  File "<frozen importlib._bootstrap_external>", line 995, in exec_module
  File "<frozen importlib._bootstrap>", line 488, in _call_with_frames_removed
  File "/opt/airflow/dags/steam_pipeline_dag.py", line 13, in <module>
    from etl.bronze_extract import extract_app
  File "/opt/airflow/etl/bronze_extract.py", line 3, in <module>
    from tqdm import tqdm
ModuleNotFoundError: No module named 'tqdm'
[2025-08-16T16:46:58.312+0000] {processor.py:842} WARNING - No viable dags retrieved from /opt/airflow/dags/steam_pipeline_dag.py
[2025-08-16T16:46:58.332+0000] {processor.py:183} INFO - Processing /opt/airflow/dags/steam_pipeline_dag.py took 0.139 seconds
[2025-08-16T16:47:29.046+0000] {processor.py:161} INFO - Started process (PID=532) to work on /opt/airflow/dags/steam_pipeline_dag.py
[2025-08-16T16:47:29.047+0000] {processor.py:830} INFO - Processing file /opt/airflow/dags/steam_pipeline_dag.py for tasks to queue
[2025-08-16T16:47:29.049+0000] {logging_mixin.py:188} INFO - [2025-08-16T16:47:29.048+0000] {dagbag.py:545} INFO - Filling up the DagBag from /opt/airflow/dags/steam_pipeline_dag.py
[2025-08-16T16:47:29.088+0000] {logging_mixin.py:188} INFO - [2025-08-16T16:47:29.083+0000] {dagbag.py:355} ERROR - Failed to import: /opt/airflow/dags/steam_pipeline_dag.py
Traceback (most recent call last):
  File "/home/airflow/.local/lib/python3.12/site-packages/airflow/models/dagbag.py", line 351, in parse
    loader.exec_module(new_module)
  File "<frozen importlib._bootstrap_external>", line 995, in exec_module
  File "<frozen importlib._bootstrap>", line 488, in _call_with_frames_removed
  File "/opt/airflow/dags/steam_pipeline_dag.py", line 13, in <module>
    from etl.bronze_extract import extract_app
  File "/opt/airflow/etl/bronze_extract.py", line 3, in <module>
    from tqdm import tqdm
ModuleNotFoundError: No module named 'tqdm'
[2025-08-16T16:47:29.090+0000] {processor.py:842} WARNING - No viable dags retrieved from /opt/airflow/dags/steam_pipeline_dag.py
[2025-08-16T16:47:29.106+0000] {processor.py:183} INFO - Processing /opt/airflow/dags/steam_pipeline_dag.py took 0.065 seconds
[2025-08-16T16:47:59.475+0000] {processor.py:161} INFO - Started process (PID=533) to work on /opt/airflow/dags/steam_pipeline_dag.py
[2025-08-16T16:47:59.477+0000] {processor.py:830} INFO - Processing file /opt/airflow/dags/steam_pipeline_dag.py for tasks to queue
[2025-08-16T16:47:59.479+0000] {logging_mixin.py:188} INFO - [2025-08-16T16:47:59.479+0000] {dagbag.py:545} INFO - Filling up the DagBag from /opt/airflow/dags/steam_pipeline_dag.py
[2025-08-16T16:47:59.588+0000] {logging_mixin.py:188} INFO - [2025-08-16T16:47:59.575+0000] {dagbag.py:355} ERROR - Failed to import: /opt/airflow/dags/steam_pipeline_dag.py
Traceback (most recent call last):
  File "/home/airflow/.local/lib/python3.12/site-packages/airflow/models/dagbag.py", line 351, in parse
    loader.exec_module(new_module)
  File "<frozen importlib._bootstrap_external>", line 995, in exec_module
  File "<frozen importlib._bootstrap>", line 488, in _call_with_frames_removed
  File "/opt/airflow/dags/steam_pipeline_dag.py", line 13, in <module>
    from etl.bronze_extract import extract_app
  File "/opt/airflow/etl/bronze_extract.py", line 3, in <module>
    from tqdm import tqdm
ModuleNotFoundError: No module named 'tqdm'
[2025-08-16T16:47:59.593+0000] {processor.py:842} WARNING - No viable dags retrieved from /opt/airflow/dags/steam_pipeline_dag.py
[2025-08-16T16:47:59.618+0000] {processor.py:183} INFO - Processing /opt/airflow/dags/steam_pipeline_dag.py took 0.148 seconds
[2025-08-16T16:48:30.183+0000] {processor.py:161} INFO - Started process (PID=534) to work on /opt/airflow/dags/steam_pipeline_dag.py
[2025-08-16T16:48:30.184+0000] {processor.py:830} INFO - Processing file /opt/airflow/dags/steam_pipeline_dag.py for tasks to queue
[2025-08-16T16:48:30.187+0000] {logging_mixin.py:188} INFO - [2025-08-16T16:48:30.186+0000] {dagbag.py:545} INFO - Filling up the DagBag from /opt/airflow/dags/steam_pipeline_dag.py
[2025-08-16T16:48:30.253+0000] {logging_mixin.py:188} INFO - [2025-08-16T16:48:30.245+0000] {dagbag.py:355} ERROR - Failed to import: /opt/airflow/dags/steam_pipeline_dag.py
Traceback (most recent call last):
  File "/home/airflow/.local/lib/python3.12/site-packages/airflow/models/dagbag.py", line 351, in parse
    loader.exec_module(new_module)
  File "<frozen importlib._bootstrap_external>", line 995, in exec_module
  File "<frozen importlib._bootstrap>", line 488, in _call_with_frames_removed
  File "/opt/airflow/dags/steam_pipeline_dag.py", line 13, in <module>
    from etl.bronze_extract import extract_app
  File "/opt/airflow/etl/bronze_extract.py", line 3, in <module>
    from tqdm import tqdm
ModuleNotFoundError: No module named 'tqdm'
[2025-08-16T16:48:30.255+0000] {processor.py:842} WARNING - No viable dags retrieved from /opt/airflow/dags/steam_pipeline_dag.py
[2025-08-16T16:48:30.278+0000] {processor.py:183} INFO - Processing /opt/airflow/dags/steam_pipeline_dag.py took 0.101 seconds
[2025-08-16T16:49:00.516+0000] {processor.py:161} INFO - Started process (PID=535) to work on /opt/airflow/dags/steam_pipeline_dag.py
[2025-08-16T16:49:00.517+0000] {processor.py:830} INFO - Processing file /opt/airflow/dags/steam_pipeline_dag.py for tasks to queue
[2025-08-16T16:49:00.519+0000] {logging_mixin.py:188} INFO - [2025-08-16T16:49:00.519+0000] {dagbag.py:545} INFO - Filling up the DagBag from /opt/airflow/dags/steam_pipeline_dag.py
[2025-08-16T16:49:00.560+0000] {logging_mixin.py:188} INFO - [2025-08-16T16:49:00.554+0000] {dagbag.py:355} ERROR - Failed to import: /opt/airflow/dags/steam_pipeline_dag.py
Traceback (most recent call last):
  File "/home/airflow/.local/lib/python3.12/site-packages/airflow/models/dagbag.py", line 351, in parse
    loader.exec_module(new_module)
  File "<frozen importlib._bootstrap_external>", line 995, in exec_module
  File "<frozen importlib._bootstrap>", line 488, in _call_with_frames_removed
  File "/opt/airflow/dags/steam_pipeline_dag.py", line 13, in <module>
    from etl.bronze_extract import extract_app
  File "/opt/airflow/etl/bronze_extract.py", line 3, in <module>
    from tqdm import tqdm
ModuleNotFoundError: No module named 'tqdm'
[2025-08-16T16:49:00.562+0000] {processor.py:842} WARNING - No viable dags retrieved from /opt/airflow/dags/steam_pipeline_dag.py
[2025-08-16T16:49:00.578+0000] {processor.py:183} INFO - Processing /opt/airflow/dags/steam_pipeline_dag.py took 0.067 seconds
[2025-08-16T16:49:31.302+0000] {processor.py:161} INFO - Started process (PID=536) to work on /opt/airflow/dags/steam_pipeline_dag.py
[2025-08-16T16:49:31.304+0000] {processor.py:830} INFO - Processing file /opt/airflow/dags/steam_pipeline_dag.py for tasks to queue
[2025-08-16T16:49:31.308+0000] {logging_mixin.py:188} INFO - [2025-08-16T16:49:31.307+0000] {dagbag.py:545} INFO - Filling up the DagBag from /opt/airflow/dags/steam_pipeline_dag.py
[2025-08-16T16:49:31.392+0000] {logging_mixin.py:188} INFO - [2025-08-16T16:49:31.370+0000] {dagbag.py:355} ERROR - Failed to import: /opt/airflow/dags/steam_pipeline_dag.py
Traceback (most recent call last):
  File "/home/airflow/.local/lib/python3.12/site-packages/airflow/models/dagbag.py", line 351, in parse
    loader.exec_module(new_module)
  File "<frozen importlib._bootstrap_external>", line 995, in exec_module
  File "<frozen importlib._bootstrap>", line 488, in _call_with_frames_removed
  File "/opt/airflow/dags/steam_pipeline_dag.py", line 13, in <module>
    from etl.bronze_extract import extract_app
  File "/opt/airflow/etl/bronze_extract.py", line 3, in <module>
    from tqdm import tqdm
ModuleNotFoundError: No module named 'tqdm'
[2025-08-16T16:49:31.398+0000] {processor.py:842} WARNING - No viable dags retrieved from /opt/airflow/dags/steam_pipeline_dag.py
[2025-08-16T16:49:31.426+0000] {processor.py:183} INFO - Processing /opt/airflow/dags/steam_pipeline_dag.py took 0.135 seconds
[2025-08-16T16:50:01.568+0000] {processor.py:161} INFO - Started process (PID=537) to work on /opt/airflow/dags/steam_pipeline_dag.py
[2025-08-16T16:50:01.571+0000] {processor.py:830} INFO - Processing file /opt/airflow/dags/steam_pipeline_dag.py for tasks to queue
[2025-08-16T16:50:01.573+0000] {logging_mixin.py:188} INFO - [2025-08-16T16:50:01.572+0000] {dagbag.py:545} INFO - Filling up the DagBag from /opt/airflow/dags/steam_pipeline_dag.py
[2025-08-16T16:50:01.632+0000] {logging_mixin.py:188} INFO - [2025-08-16T16:50:01.625+0000] {dagbag.py:355} ERROR - Failed to import: /opt/airflow/dags/steam_pipeline_dag.py
Traceback (most recent call last):
  File "/home/airflow/.local/lib/python3.12/site-packages/airflow/models/dagbag.py", line 351, in parse
    loader.exec_module(new_module)
  File "<frozen importlib._bootstrap_external>", line 995, in exec_module
  File "<frozen importlib._bootstrap>", line 488, in _call_with_frames_removed
  File "/opt/airflow/dags/steam_pipeline_dag.py", line 13, in <module>
    from etl.bronze_extract import extract_app
  File "/opt/airflow/etl/bronze_extract.py", line 3, in <module>
    from tqdm import tqdm
ModuleNotFoundError: No module named 'tqdm'
[2025-08-16T16:50:01.635+0000] {processor.py:842} WARNING - No viable dags retrieved from /opt/airflow/dags/steam_pipeline_dag.py
[2025-08-16T16:50:01.652+0000] {processor.py:183} INFO - Processing /opt/airflow/dags/steam_pipeline_dag.py took 0.088 seconds
[2025-08-16T16:50:32.263+0000] {processor.py:161} INFO - Started process (PID=538) to work on /opt/airflow/dags/steam_pipeline_dag.py
[2025-08-16T16:50:32.264+0000] {processor.py:830} INFO - Processing file /opt/airflow/dags/steam_pipeline_dag.py for tasks to queue
[2025-08-16T16:50:32.266+0000] {logging_mixin.py:188} INFO - [2025-08-16T16:50:32.266+0000] {dagbag.py:545} INFO - Filling up the DagBag from /opt/airflow/dags/steam_pipeline_dag.py
[2025-08-16T16:50:32.318+0000] {logging_mixin.py:188} INFO - [2025-08-16T16:50:32.311+0000] {dagbag.py:355} ERROR - Failed to import: /opt/airflow/dags/steam_pipeline_dag.py
Traceback (most recent call last):
  File "/home/airflow/.local/lib/python3.12/site-packages/airflow/models/dagbag.py", line 351, in parse
    loader.exec_module(new_module)
  File "<frozen importlib._bootstrap_external>", line 995, in exec_module
  File "<frozen importlib._bootstrap>", line 488, in _call_with_frames_removed
  File "/opt/airflow/dags/steam_pipeline_dag.py", line 13, in <module>
    from etl.bronze_extract import extract_app
  File "/opt/airflow/etl/bronze_extract.py", line 3, in <module>
    from tqdm import tqdm
ModuleNotFoundError: No module named 'tqdm'
[2025-08-16T16:50:32.320+0000] {processor.py:842} WARNING - No viable dags retrieved from /opt/airflow/dags/steam_pipeline_dag.py
[2025-08-16T16:50:32.341+0000] {processor.py:183} INFO - Processing /opt/airflow/dags/steam_pipeline_dag.py took 0.087 seconds
[2025-08-16T16:51:02.815+0000] {processor.py:161} INFO - Started process (PID=539) to work on /opt/airflow/dags/steam_pipeline_dag.py
[2025-08-16T16:51:02.816+0000] {processor.py:830} INFO - Processing file /opt/airflow/dags/steam_pipeline_dag.py for tasks to queue
[2025-08-16T16:51:02.822+0000] {logging_mixin.py:188} INFO - [2025-08-16T16:51:02.821+0000] {dagbag.py:545} INFO - Filling up the DagBag from /opt/airflow/dags/steam_pipeline_dag.py
[2025-08-16T16:51:02.922+0000] {logging_mixin.py:188} INFO - [2025-08-16T16:51:02.913+0000] {dagbag.py:355} ERROR - Failed to import: /opt/airflow/dags/steam_pipeline_dag.py
Traceback (most recent call last):
  File "/home/airflow/.local/lib/python3.12/site-packages/airflow/models/dagbag.py", line 351, in parse
    loader.exec_module(new_module)
  File "<frozen importlib._bootstrap_external>", line 995, in exec_module
  File "<frozen importlib._bootstrap>", line 488, in _call_with_frames_removed
  File "/opt/airflow/dags/steam_pipeline_dag.py", line 13, in <module>
    from etl.bronze_extract import extract_app
  File "/opt/airflow/etl/bronze_extract.py", line 3, in <module>
    from tqdm import tqdm
ModuleNotFoundError: No module named 'tqdm'
[2025-08-16T16:51:02.927+0000] {processor.py:842} WARNING - No viable dags retrieved from /opt/airflow/dags/steam_pipeline_dag.py
[2025-08-16T16:51:02.953+0000] {processor.py:183} INFO - Processing /opt/airflow/dags/steam_pipeline_dag.py took 0.146 seconds
[2025-08-16T16:51:33.130+0000] {processor.py:161} INFO - Started process (PID=540) to work on /opt/airflow/dags/steam_pipeline_dag.py
[2025-08-16T16:51:33.132+0000] {processor.py:830} INFO - Processing file /opt/airflow/dags/steam_pipeline_dag.py for tasks to queue
[2025-08-16T16:51:33.135+0000] {logging_mixin.py:188} INFO - [2025-08-16T16:51:33.134+0000] {dagbag.py:545} INFO - Filling up the DagBag from /opt/airflow/dags/steam_pipeline_dag.py
[2025-08-16T16:51:33.217+0000] {logging_mixin.py:188} INFO - [2025-08-16T16:51:33.209+0000] {dagbag.py:355} ERROR - Failed to import: /opt/airflow/dags/steam_pipeline_dag.py
Traceback (most recent call last):
  File "/home/airflow/.local/lib/python3.12/site-packages/airflow/models/dagbag.py", line 351, in parse
    loader.exec_module(new_module)
  File "<frozen importlib._bootstrap_external>", line 995, in exec_module
  File "<frozen importlib._bootstrap>", line 488, in _call_with_frames_removed
  File "/opt/airflow/dags/steam_pipeline_dag.py", line 13, in <module>
    from etl.bronze_extract import extract_app
  File "/opt/airflow/etl/bronze_extract.py", line 3, in <module>
    from tqdm import tqdm
ModuleNotFoundError: No module named 'tqdm'
[2025-08-16T16:51:33.221+0000] {processor.py:842} WARNING - No viable dags retrieved from /opt/airflow/dags/steam_pipeline_dag.py
[2025-08-16T16:51:33.239+0000] {processor.py:183} INFO - Processing /opt/airflow/dags/steam_pipeline_dag.py took 0.115 seconds
[2025-08-16T16:52:03.811+0000] {processor.py:161} INFO - Started process (PID=541) to work on /opt/airflow/dags/steam_pipeline_dag.py
[2025-08-16T16:52:03.815+0000] {processor.py:830} INFO - Processing file /opt/airflow/dags/steam_pipeline_dag.py for tasks to queue
[2025-08-16T16:52:03.817+0000] {logging_mixin.py:188} INFO - [2025-08-16T16:52:03.816+0000] {dagbag.py:545} INFO - Filling up the DagBag from /opt/airflow/dags/steam_pipeline_dag.py
[2025-08-16T16:52:03.876+0000] {logging_mixin.py:188} INFO - [2025-08-16T16:52:03.862+0000] {dagbag.py:355} ERROR - Failed to import: /opt/airflow/dags/steam_pipeline_dag.py
Traceback (most recent call last):
  File "/home/airflow/.local/lib/python3.12/site-packages/airflow/models/dagbag.py", line 351, in parse
    loader.exec_module(new_module)
  File "<frozen importlib._bootstrap_external>", line 995, in exec_module
  File "<frozen importlib._bootstrap>", line 488, in _call_with_frames_removed
  File "/opt/airflow/dags/steam_pipeline_dag.py", line 13, in <module>
    from etl.bronze_extract import extract_app
  File "/opt/airflow/etl/bronze_extract.py", line 3, in <module>
    from tqdm import tqdm
ModuleNotFoundError: No module named 'tqdm'
[2025-08-16T16:52:03.882+0000] {processor.py:842} WARNING - No viable dags retrieved from /opt/airflow/dags/steam_pipeline_dag.py
[2025-08-16T16:52:03.899+0000] {processor.py:183} INFO - Processing /opt/airflow/dags/steam_pipeline_dag.py took 0.095 seconds
[2025-08-16T16:52:34.767+0000] {processor.py:161} INFO - Started process (PID=542) to work on /opt/airflow/dags/steam_pipeline_dag.py
[2025-08-16T16:52:34.768+0000] {processor.py:830} INFO - Processing file /opt/airflow/dags/steam_pipeline_dag.py for tasks to queue
[2025-08-16T16:52:34.770+0000] {logging_mixin.py:188} INFO - [2025-08-16T16:52:34.770+0000] {dagbag.py:545} INFO - Filling up the DagBag from /opt/airflow/dags/steam_pipeline_dag.py
[2025-08-16T16:52:34.816+0000] {logging_mixin.py:188} INFO - [2025-08-16T16:52:34.810+0000] {dagbag.py:355} ERROR - Failed to import: /opt/airflow/dags/steam_pipeline_dag.py
Traceback (most recent call last):
  File "/home/airflow/.local/lib/python3.12/site-packages/airflow/models/dagbag.py", line 351, in parse
    loader.exec_module(new_module)
  File "<frozen importlib._bootstrap_external>", line 995, in exec_module
  File "<frozen importlib._bootstrap>", line 488, in _call_with_frames_removed
  File "/opt/airflow/dags/steam_pipeline_dag.py", line 13, in <module>
    from etl.bronze_extract import extract_app
  File "/opt/airflow/etl/bronze_extract.py", line 3, in <module>
    from tqdm import tqdm
ModuleNotFoundError: No module named 'tqdm'
[2025-08-16T16:52:34.818+0000] {processor.py:842} WARNING - No viable dags retrieved from /opt/airflow/dags/steam_pipeline_dag.py
[2025-08-16T16:52:34.839+0000] {processor.py:183} INFO - Processing /opt/airflow/dags/steam_pipeline_dag.py took 0.077 seconds
[2025-08-16T16:53:05.849+0000] {processor.py:161} INFO - Started process (PID=543) to work on /opt/airflow/dags/steam_pipeline_dag.py
[2025-08-16T16:53:05.852+0000] {processor.py:830} INFO - Processing file /opt/airflow/dags/steam_pipeline_dag.py for tasks to queue
[2025-08-16T16:53:05.859+0000] {logging_mixin.py:188} INFO - [2025-08-16T16:53:05.859+0000] {dagbag.py:545} INFO - Filling up the DagBag from /opt/airflow/dags/steam_pipeline_dag.py
[2025-08-16T16:53:06.021+0000] {logging_mixin.py:188} INFO - [2025-08-16T16:53:06.011+0000] {dagbag.py:355} ERROR - Failed to import: /opt/airflow/dags/steam_pipeline_dag.py
Traceback (most recent call last):
  File "/home/airflow/.local/lib/python3.12/site-packages/airflow/models/dagbag.py", line 351, in parse
    loader.exec_module(new_module)
  File "<frozen importlib._bootstrap_external>", line 995, in exec_module
  File "<frozen importlib._bootstrap>", line 488, in _call_with_frames_removed
  File "/opt/airflow/dags/steam_pipeline_dag.py", line 13, in <module>
    from etl.bronze_extract import extract_app
  File "/opt/airflow/etl/bronze_extract.py", line 3, in <module>
    from tqdm import tqdm
ModuleNotFoundError: No module named 'tqdm'
[2025-08-16T16:53:06.024+0000] {processor.py:842} WARNING - No viable dags retrieved from /opt/airflow/dags/steam_pipeline_dag.py
[2025-08-16T16:53:06.046+0000] {processor.py:183} INFO - Processing /opt/airflow/dags/steam_pipeline_dag.py took 0.205 seconds
[2025-08-16T16:53:36.770+0000] {processor.py:161} INFO - Started process (PID=544) to work on /opt/airflow/dags/steam_pipeline_dag.py
[2025-08-16T16:53:36.771+0000] {processor.py:830} INFO - Processing file /opt/airflow/dags/steam_pipeline_dag.py for tasks to queue
[2025-08-16T16:53:36.773+0000] {logging_mixin.py:188} INFO - [2025-08-16T16:53:36.773+0000] {dagbag.py:545} INFO - Filling up the DagBag from /opt/airflow/dags/steam_pipeline_dag.py
[2025-08-16T16:53:36.826+0000] {logging_mixin.py:188} INFO - [2025-08-16T16:53:36.819+0000] {dagbag.py:355} ERROR - Failed to import: /opt/airflow/dags/steam_pipeline_dag.py
Traceback (most recent call last):
  File "/home/airflow/.local/lib/python3.12/site-packages/airflow/models/dagbag.py", line 351, in parse
    loader.exec_module(new_module)
  File "<frozen importlib._bootstrap_external>", line 995, in exec_module
  File "<frozen importlib._bootstrap>", line 488, in _call_with_frames_removed
  File "/opt/airflow/dags/steam_pipeline_dag.py", line 13, in <module>
    from etl.bronze_extract import extract_app
  File "/opt/airflow/etl/bronze_extract.py", line 3, in <module>
    from tqdm import tqdm
ModuleNotFoundError: No module named 'tqdm'
[2025-08-16T16:53:36.829+0000] {processor.py:842} WARNING - No viable dags retrieved from /opt/airflow/dags/steam_pipeline_dag.py
[2025-08-16T16:53:36.848+0000] {processor.py:183} INFO - Processing /opt/airflow/dags/steam_pipeline_dag.py took 0.085 seconds
[2025-08-16T16:54:07.734+0000] {processor.py:161} INFO - Started process (PID=545) to work on /opt/airflow/dags/steam_pipeline_dag.py
[2025-08-16T16:54:07.735+0000] {processor.py:830} INFO - Processing file /opt/airflow/dags/steam_pipeline_dag.py for tasks to queue
[2025-08-16T16:54:07.737+0000] {logging_mixin.py:188} INFO - [2025-08-16T16:54:07.737+0000] {dagbag.py:545} INFO - Filling up the DagBag from /opt/airflow/dags/steam_pipeline_dag.py
[2025-08-16T16:54:07.797+0000] {logging_mixin.py:188} INFO - [2025-08-16T16:54:07.790+0000] {dagbag.py:355} ERROR - Failed to import: /opt/airflow/dags/steam_pipeline_dag.py
Traceback (most recent call last):
  File "/home/airflow/.local/lib/python3.12/site-packages/airflow/models/dagbag.py", line 351, in parse
    loader.exec_module(new_module)
  File "<frozen importlib._bootstrap_external>", line 995, in exec_module
  File "<frozen importlib._bootstrap>", line 488, in _call_with_frames_removed
  File "/opt/airflow/dags/steam_pipeline_dag.py", line 13, in <module>
    from etl.bronze_extract import extract_app
  File "/opt/airflow/etl/bronze_extract.py", line 3, in <module>
    from tqdm import tqdm
ModuleNotFoundError: No module named 'tqdm'
[2025-08-16T16:54:07.801+0000] {processor.py:842} WARNING - No viable dags retrieved from /opt/airflow/dags/steam_pipeline_dag.py
[2025-08-16T16:54:07.820+0000] {processor.py:183} INFO - Processing /opt/airflow/dags/steam_pipeline_dag.py took 0.092 seconds
[2025-08-16T16:54:38.666+0000] {processor.py:161} INFO - Started process (PID=546) to work on /opt/airflow/dags/steam_pipeline_dag.py
[2025-08-16T16:54:38.669+0000] {processor.py:830} INFO - Processing file /opt/airflow/dags/steam_pipeline_dag.py for tasks to queue
[2025-08-16T16:54:38.672+0000] {logging_mixin.py:188} INFO - [2025-08-16T16:54:38.671+0000] {dagbag.py:545} INFO - Filling up the DagBag from /opt/airflow/dags/steam_pipeline_dag.py
[2025-08-16T16:54:38.752+0000] {logging_mixin.py:188} INFO - [2025-08-16T16:54:38.744+0000] {dagbag.py:355} ERROR - Failed to import: /opt/airflow/dags/steam_pipeline_dag.py
Traceback (most recent call last):
  File "/home/airflow/.local/lib/python3.12/site-packages/airflow/models/dagbag.py", line 351, in parse
    loader.exec_module(new_module)
  File "<frozen importlib._bootstrap_external>", line 995, in exec_module
  File "<frozen importlib._bootstrap>", line 488, in _call_with_frames_removed
  File "/opt/airflow/dags/steam_pipeline_dag.py", line 13, in <module>
    from etl.bronze_extract import extract_app
  File "/opt/airflow/etl/bronze_extract.py", line 3, in <module>
    from tqdm import tqdm
ModuleNotFoundError: No module named 'tqdm'
[2025-08-16T16:54:38.756+0000] {processor.py:842} WARNING - No viable dags retrieved from /opt/airflow/dags/steam_pipeline_dag.py
[2025-08-16T16:54:38.782+0000] {processor.py:183} INFO - Processing /opt/airflow/dags/steam_pipeline_dag.py took 0.124 seconds
[2025-08-16T16:55:09.140+0000] {processor.py:161} INFO - Started process (PID=547) to work on /opt/airflow/dags/steam_pipeline_dag.py
[2025-08-16T16:55:09.141+0000] {processor.py:830} INFO - Processing file /opt/airflow/dags/steam_pipeline_dag.py for tasks to queue
[2025-08-16T16:55:09.144+0000] {logging_mixin.py:188} INFO - [2025-08-16T16:55:09.143+0000] {dagbag.py:545} INFO - Filling up the DagBag from /opt/airflow/dags/steam_pipeline_dag.py
[2025-08-16T16:55:09.194+0000] {logging_mixin.py:188} INFO - [2025-08-16T16:55:09.188+0000] {dagbag.py:355} ERROR - Failed to import: /opt/airflow/dags/steam_pipeline_dag.py
Traceback (most recent call last):
  File "/home/airflow/.local/lib/python3.12/site-packages/airflow/models/dagbag.py", line 351, in parse
    loader.exec_module(new_module)
  File "<frozen importlib._bootstrap_external>", line 995, in exec_module
  File "<frozen importlib._bootstrap>", line 488, in _call_with_frames_removed
  File "/opt/airflow/dags/steam_pipeline_dag.py", line 13, in <module>
    from etl.bronze_extract import extract_app
  File "/opt/airflow/etl/bronze_extract.py", line 3, in <module>
    from tqdm import tqdm
ModuleNotFoundError: No module named 'tqdm'
[2025-08-16T16:55:09.196+0000] {processor.py:842} WARNING - No viable dags retrieved from /opt/airflow/dags/steam_pipeline_dag.py
[2025-08-16T16:55:09.218+0000] {processor.py:183} INFO - Processing /opt/airflow/dags/steam_pipeline_dag.py took 0.084 seconds
[2025-08-16T16:55:39.944+0000] {processor.py:161} INFO - Started process (PID=548) to work on /opt/airflow/dags/steam_pipeline_dag.py
[2025-08-16T16:55:39.946+0000] {processor.py:830} INFO - Processing file /opt/airflow/dags/steam_pipeline_dag.py for tasks to queue
[2025-08-16T16:55:39.949+0000] {logging_mixin.py:188} INFO - [2025-08-16T16:55:39.949+0000] {dagbag.py:545} INFO - Filling up the DagBag from /opt/airflow/dags/steam_pipeline_dag.py
[2025-08-16T16:55:40.027+0000] {logging_mixin.py:188} INFO - [2025-08-16T16:55:40.018+0000] {dagbag.py:355} ERROR - Failed to import: /opt/airflow/dags/steam_pipeline_dag.py
Traceback (most recent call last):
  File "/home/airflow/.local/lib/python3.12/site-packages/airflow/models/dagbag.py", line 351, in parse
    loader.exec_module(new_module)
  File "<frozen importlib._bootstrap_external>", line 995, in exec_module
  File "<frozen importlib._bootstrap>", line 488, in _call_with_frames_removed
  File "/opt/airflow/dags/steam_pipeline_dag.py", line 13, in <module>
    from etl.bronze_extract import extract_app
  File "/opt/airflow/etl/bronze_extract.py", line 3, in <module>
    from tqdm import tqdm
ModuleNotFoundError: No module named 'tqdm'
[2025-08-16T16:55:40.030+0000] {processor.py:842} WARNING - No viable dags retrieved from /opt/airflow/dags/steam_pipeline_dag.py
[2025-08-16T16:55:40.051+0000] {processor.py:183} INFO - Processing /opt/airflow/dags/steam_pipeline_dag.py took 0.115 seconds
[2025-08-16T16:56:10.433+0000] {processor.py:161} INFO - Started process (PID=549) to work on /opt/airflow/dags/steam_pipeline_dag.py
[2025-08-16T16:56:10.434+0000] {processor.py:830} INFO - Processing file /opt/airflow/dags/steam_pipeline_dag.py for tasks to queue
[2025-08-16T16:56:10.437+0000] {logging_mixin.py:188} INFO - [2025-08-16T16:56:10.436+0000] {dagbag.py:545} INFO - Filling up the DagBag from /opt/airflow/dags/steam_pipeline_dag.py
[2025-08-16T16:56:10.506+0000] {logging_mixin.py:188} INFO - [2025-08-16T16:56:10.498+0000] {dagbag.py:355} ERROR - Failed to import: /opt/airflow/dags/steam_pipeline_dag.py
Traceback (most recent call last):
  File "/home/airflow/.local/lib/python3.12/site-packages/airflow/models/dagbag.py", line 351, in parse
    loader.exec_module(new_module)
  File "<frozen importlib._bootstrap_external>", line 995, in exec_module
  File "<frozen importlib._bootstrap>", line 488, in _call_with_frames_removed
  File "/opt/airflow/dags/steam_pipeline_dag.py", line 13, in <module>
    from etl.bronze_extract import extract_app
  File "/opt/airflow/etl/bronze_extract.py", line 3, in <module>
    from tqdm import tqdm
ModuleNotFoundError: No module named 'tqdm'
[2025-08-16T16:56:10.509+0000] {processor.py:842} WARNING - No viable dags retrieved from /opt/airflow/dags/steam_pipeline_dag.py
[2025-08-16T16:56:10.533+0000] {processor.py:183} INFO - Processing /opt/airflow/dags/steam_pipeline_dag.py took 0.107 seconds
[2025-08-16T16:56:40.993+0000] {processor.py:161} INFO - Started process (PID=550) to work on /opt/airflow/dags/steam_pipeline_dag.py
[2025-08-16T16:56:40.994+0000] {processor.py:830} INFO - Processing file /opt/airflow/dags/steam_pipeline_dag.py for tasks to queue
[2025-08-16T16:56:40.996+0000] {logging_mixin.py:188} INFO - [2025-08-16T16:56:40.996+0000] {dagbag.py:545} INFO - Filling up the DagBag from /opt/airflow/dags/steam_pipeline_dag.py
[2025-08-16T16:56:41.054+0000] {logging_mixin.py:188} INFO - [2025-08-16T16:56:41.046+0000] {dagbag.py:355} ERROR - Failed to import: /opt/airflow/dags/steam_pipeline_dag.py
Traceback (most recent call last):
  File "/home/airflow/.local/lib/python3.12/site-packages/airflow/models/dagbag.py", line 351, in parse
    loader.exec_module(new_module)
  File "<frozen importlib._bootstrap_external>", line 995, in exec_module
  File "<frozen importlib._bootstrap>", line 488, in _call_with_frames_removed
  File "/opt/airflow/dags/steam_pipeline_dag.py", line 13, in <module>
    from etl.bronze_extract import extract_app
  File "/opt/airflow/etl/bronze_extract.py", line 3, in <module>
    from tqdm import tqdm
ModuleNotFoundError: No module named 'tqdm'
[2025-08-16T16:56:41.057+0000] {processor.py:842} WARNING - No viable dags retrieved from /opt/airflow/dags/steam_pipeline_dag.py
[2025-08-16T16:56:41.076+0000] {processor.py:183} INFO - Processing /opt/airflow/dags/steam_pipeline_dag.py took 0.089 seconds
[2025-08-16T16:57:11.628+0000] {processor.py:161} INFO - Started process (PID=551) to work on /opt/airflow/dags/steam_pipeline_dag.py
[2025-08-16T16:57:11.630+0000] {processor.py:830} INFO - Processing file /opt/airflow/dags/steam_pipeline_dag.py for tasks to queue
[2025-08-16T16:57:11.632+0000] {logging_mixin.py:188} INFO - [2025-08-16T16:57:11.632+0000] {dagbag.py:545} INFO - Filling up the DagBag from /opt/airflow/dags/steam_pipeline_dag.py
[2025-08-16T16:57:11.692+0000] {logging_mixin.py:188} INFO - [2025-08-16T16:57:11.684+0000] {dagbag.py:355} ERROR - Failed to import: /opt/airflow/dags/steam_pipeline_dag.py
Traceback (most recent call last):
  File "/home/airflow/.local/lib/python3.12/site-packages/airflow/models/dagbag.py", line 351, in parse
    loader.exec_module(new_module)
  File "<frozen importlib._bootstrap_external>", line 995, in exec_module
  File "<frozen importlib._bootstrap>", line 488, in _call_with_frames_removed
  File "/opt/airflow/dags/steam_pipeline_dag.py", line 13, in <module>
    from etl.bronze_extract import extract_app
  File "/opt/airflow/etl/bronze_extract.py", line 3, in <module>
    from tqdm import tqdm
ModuleNotFoundError: No module named 'tqdm'
[2025-08-16T16:57:11.695+0000] {processor.py:842} WARNING - No viable dags retrieved from /opt/airflow/dags/steam_pipeline_dag.py
[2025-08-16T16:57:11.715+0000] {processor.py:183} INFO - Processing /opt/airflow/dags/steam_pipeline_dag.py took 0.093 seconds
[2025-08-16T16:57:41.970+0000] {processor.py:161} INFO - Started process (PID=552) to work on /opt/airflow/dags/steam_pipeline_dag.py
[2025-08-16T16:57:41.971+0000] {processor.py:830} INFO - Processing file /opt/airflow/dags/steam_pipeline_dag.py for tasks to queue
[2025-08-16T16:57:41.974+0000] {logging_mixin.py:188} INFO - [2025-08-16T16:57:41.973+0000] {dagbag.py:545} INFO - Filling up the DagBag from /opt/airflow/dags/steam_pipeline_dag.py
[2025-08-16T16:57:42.043+0000] {logging_mixin.py:188} INFO - [2025-08-16T16:57:42.030+0000] {dagbag.py:355} ERROR - Failed to import: /opt/airflow/dags/steam_pipeline_dag.py
Traceback (most recent call last):
  File "/home/airflow/.local/lib/python3.12/site-packages/airflow/models/dagbag.py", line 351, in parse
    loader.exec_module(new_module)
  File "<frozen importlib._bootstrap_external>", line 995, in exec_module
  File "<frozen importlib._bootstrap>", line 488, in _call_with_frames_removed
  File "/opt/airflow/dags/steam_pipeline_dag.py", line 13, in <module>
    from etl.bronze_extract import extract_app
  File "/opt/airflow/etl/bronze_extract.py", line 3, in <module>
    from tqdm import tqdm
ModuleNotFoundError: No module named 'tqdm'
[2025-08-16T16:57:42.046+0000] {processor.py:842} WARNING - No viable dags retrieved from /opt/airflow/dags/steam_pipeline_dag.py
[2025-08-16T16:57:42.070+0000] {processor.py:183} INFO - Processing /opt/airflow/dags/steam_pipeline_dag.py took 0.106 seconds
[2025-08-16T16:58:12.475+0000] {processor.py:161} INFO - Started process (PID=553) to work on /opt/airflow/dags/steam_pipeline_dag.py
[2025-08-16T16:58:12.477+0000] {processor.py:830} INFO - Processing file /opt/airflow/dags/steam_pipeline_dag.py for tasks to queue
[2025-08-16T16:58:12.478+0000] {logging_mixin.py:188} INFO - [2025-08-16T16:58:12.478+0000] {dagbag.py:545} INFO - Filling up the DagBag from /opt/airflow/dags/steam_pipeline_dag.py
[2025-08-16T16:58:12.531+0000] {logging_mixin.py:188} INFO - [2025-08-16T16:58:12.523+0000] {dagbag.py:355} ERROR - Failed to import: /opt/airflow/dags/steam_pipeline_dag.py
Traceback (most recent call last):
  File "/home/airflow/.local/lib/python3.12/site-packages/airflow/models/dagbag.py", line 351, in parse
    loader.exec_module(new_module)
  File "<frozen importlib._bootstrap_external>", line 995, in exec_module
  File "<frozen importlib._bootstrap>", line 488, in _call_with_frames_removed
  File "/opt/airflow/dags/steam_pipeline_dag.py", line 13, in <module>
    from etl.bronze_extract import extract_app
  File "/opt/airflow/etl/bronze_extract.py", line 3, in <module>
    from tqdm import tqdm
ModuleNotFoundError: No module named 'tqdm'
[2025-08-16T16:58:12.534+0000] {processor.py:842} WARNING - No viable dags retrieved from /opt/airflow/dags/steam_pipeline_dag.py
[2025-08-16T16:58:12.553+0000] {processor.py:183} INFO - Processing /opt/airflow/dags/steam_pipeline_dag.py took 0.084 seconds
[2025-08-16T16:58:43.647+0000] {processor.py:161} INFO - Started process (PID=554) to work on /opt/airflow/dags/steam_pipeline_dag.py
[2025-08-16T16:58:43.648+0000] {processor.py:830} INFO - Processing file /opt/airflow/dags/steam_pipeline_dag.py for tasks to queue
[2025-08-16T16:58:43.650+0000] {logging_mixin.py:188} INFO - [2025-08-16T16:58:43.650+0000] {dagbag.py:545} INFO - Filling up the DagBag from /opt/airflow/dags/steam_pipeline_dag.py
[2025-08-16T16:58:43.713+0000] {logging_mixin.py:188} INFO - [2025-08-16T16:58:43.704+0000] {dagbag.py:355} ERROR - Failed to import: /opt/airflow/dags/steam_pipeline_dag.py
Traceback (most recent call last):
  File "/home/airflow/.local/lib/python3.12/site-packages/airflow/models/dagbag.py", line 351, in parse
    loader.exec_module(new_module)
  File "<frozen importlib._bootstrap_external>", line 995, in exec_module
  File "<frozen importlib._bootstrap>", line 488, in _call_with_frames_removed
  File "/opt/airflow/dags/steam_pipeline_dag.py", line 13, in <module>
    from etl.bronze_extract import extract_app
  File "/opt/airflow/etl/bronze_extract.py", line 3, in <module>
    from tqdm import tqdm
ModuleNotFoundError: No module named 'tqdm'
[2025-08-16T16:58:43.717+0000] {processor.py:842} WARNING - No viable dags retrieved from /opt/airflow/dags/steam_pipeline_dag.py
[2025-08-16T16:58:43.737+0000] {processor.py:183} INFO - Processing /opt/airflow/dags/steam_pipeline_dag.py took 0.096 seconds
[2025-08-16T16:59:14.847+0000] {processor.py:161} INFO - Started process (PID=555) to work on /opt/airflow/dags/steam_pipeline_dag.py
[2025-08-16T16:59:14.848+0000] {processor.py:830} INFO - Processing file /opt/airflow/dags/steam_pipeline_dag.py for tasks to queue
[2025-08-16T16:59:14.850+0000] {logging_mixin.py:188} INFO - [2025-08-16T16:59:14.850+0000] {dagbag.py:545} INFO - Filling up the DagBag from /opt/airflow/dags/steam_pipeline_dag.py
[2025-08-16T16:59:14.899+0000] {logging_mixin.py:188} INFO - [2025-08-16T16:59:14.893+0000] {dagbag.py:355} ERROR - Failed to import: /opt/airflow/dags/steam_pipeline_dag.py
Traceback (most recent call last):
  File "/home/airflow/.local/lib/python3.12/site-packages/airflow/models/dagbag.py", line 351, in parse
    loader.exec_module(new_module)
  File "<frozen importlib._bootstrap_external>", line 995, in exec_module
  File "<frozen importlib._bootstrap>", line 488, in _call_with_frames_removed
  File "/opt/airflow/dags/steam_pipeline_dag.py", line 13, in <module>
    from etl.bronze_extract import extract_app
  File "/opt/airflow/etl/bronze_extract.py", line 3, in <module>
    from tqdm import tqdm
ModuleNotFoundError: No module named 'tqdm'
[2025-08-16T16:59:14.901+0000] {processor.py:842} WARNING - No viable dags retrieved from /opt/airflow/dags/steam_pipeline_dag.py
[2025-08-16T16:59:14.922+0000] {processor.py:183} INFO - Processing /opt/airflow/dags/steam_pipeline_dag.py took 0.081 seconds
[2025-08-16T16:59:45.355+0000] {processor.py:161} INFO - Started process (PID=556) to work on /opt/airflow/dags/steam_pipeline_dag.py
[2025-08-16T16:59:45.357+0000] {processor.py:830} INFO - Processing file /opt/airflow/dags/steam_pipeline_dag.py for tasks to queue
[2025-08-16T16:59:45.361+0000] {logging_mixin.py:188} INFO - [2025-08-16T16:59:45.360+0000] {dagbag.py:545} INFO - Filling up the DagBag from /opt/airflow/dags/steam_pipeline_dag.py
[2025-08-16T16:59:45.447+0000] {logging_mixin.py:188} INFO - [2025-08-16T16:59:45.436+0000] {dagbag.py:355} ERROR - Failed to import: /opt/airflow/dags/steam_pipeline_dag.py
Traceback (most recent call last):
  File "/home/airflow/.local/lib/python3.12/site-packages/airflow/models/dagbag.py", line 351, in parse
    loader.exec_module(new_module)
  File "<frozen importlib._bootstrap_external>", line 995, in exec_module
  File "<frozen importlib._bootstrap>", line 488, in _call_with_frames_removed
  File "/opt/airflow/dags/steam_pipeline_dag.py", line 13, in <module>
    from etl.bronze_extract import extract_app
  File "/opt/airflow/etl/bronze_extract.py", line 3, in <module>
    from tqdm import tqdm
ModuleNotFoundError: No module named 'tqdm'
[2025-08-16T16:59:45.451+0000] {processor.py:842} WARNING - No viable dags retrieved from /opt/airflow/dags/steam_pipeline_dag.py
[2025-08-16T16:59:45.481+0000] {processor.py:183} INFO - Processing /opt/airflow/dags/steam_pipeline_dag.py took 0.136 seconds
[2025-08-16T17:00:16.006+0000] {processor.py:161} INFO - Started process (PID=557) to work on /opt/airflow/dags/steam_pipeline_dag.py
[2025-08-16T17:00:16.007+0000] {processor.py:830} INFO - Processing file /opt/airflow/dags/steam_pipeline_dag.py for tasks to queue
[2025-08-16T17:00:16.009+0000] {logging_mixin.py:188} INFO - [2025-08-16T17:00:16.009+0000] {dagbag.py:545} INFO - Filling up the DagBag from /opt/airflow/dags/steam_pipeline_dag.py
[2025-08-16T17:00:16.050+0000] {logging_mixin.py:188} INFO - [2025-08-16T17:00:16.045+0000] {dagbag.py:355} ERROR - Failed to import: /opt/airflow/dags/steam_pipeline_dag.py
Traceback (most recent call last):
  File "/home/airflow/.local/lib/python3.12/site-packages/airflow/models/dagbag.py", line 351, in parse
    loader.exec_module(new_module)
  File "<frozen importlib._bootstrap_external>", line 995, in exec_module
  File "<frozen importlib._bootstrap>", line 488, in _call_with_frames_removed
  File "/opt/airflow/dags/steam_pipeline_dag.py", line 13, in <module>
    from etl.bronze_extract import extract_app
  File "/opt/airflow/etl/bronze_extract.py", line 3, in <module>
    from tqdm import tqdm
ModuleNotFoundError: No module named 'tqdm'
[2025-08-16T17:00:16.052+0000] {processor.py:842} WARNING - No viable dags retrieved from /opt/airflow/dags/steam_pipeline_dag.py
[2025-08-16T17:00:16.078+0000] {processor.py:183} INFO - Processing /opt/airflow/dags/steam_pipeline_dag.py took 0.078 seconds
[2025-08-16T17:00:46.316+0000] {processor.py:161} INFO - Started process (PID=558) to work on /opt/airflow/dags/steam_pipeline_dag.py
[2025-08-16T17:00:46.318+0000] {processor.py:830} INFO - Processing file /opt/airflow/dags/steam_pipeline_dag.py for tasks to queue
[2025-08-16T17:00:46.320+0000] {logging_mixin.py:188} INFO - [2025-08-16T17:00:46.319+0000] {dagbag.py:545} INFO - Filling up the DagBag from /opt/airflow/dags/steam_pipeline_dag.py
[2025-08-16T17:00:46.409+0000] {logging_mixin.py:188} INFO - [2025-08-16T17:00:46.390+0000] {dagbag.py:355} ERROR - Failed to import: /opt/airflow/dags/steam_pipeline_dag.py
Traceback (most recent call last):
  File "/home/airflow/.local/lib/python3.12/site-packages/airflow/models/dagbag.py", line 351, in parse
    loader.exec_module(new_module)
  File "<frozen importlib._bootstrap_external>", line 995, in exec_module
  File "<frozen importlib._bootstrap>", line 488, in _call_with_frames_removed
  File "/opt/airflow/dags/steam_pipeline_dag.py", line 13, in <module>
    from etl.bronze_extract import extract_app
  File "/opt/airflow/etl/bronze_extract.py", line 3, in <module>
    from tqdm import tqdm
ModuleNotFoundError: No module named 'tqdm'
[2025-08-16T17:00:46.411+0000] {processor.py:842} WARNING - No viable dags retrieved from /opt/airflow/dags/steam_pipeline_dag.py
[2025-08-16T17:00:46.428+0000] {processor.py:183} INFO - Processing /opt/airflow/dags/steam_pipeline_dag.py took 0.117 seconds
[2025-08-16T17:01:17.158+0000] {processor.py:161} INFO - Started process (PID=559) to work on /opt/airflow/dags/steam_pipeline_dag.py
[2025-08-16T17:01:17.161+0000] {processor.py:830} INFO - Processing file /opt/airflow/dags/steam_pipeline_dag.py for tasks to queue
[2025-08-16T17:01:17.164+0000] {logging_mixin.py:188} INFO - [2025-08-16T17:01:17.163+0000] {dagbag.py:545} INFO - Filling up the DagBag from /opt/airflow/dags/steam_pipeline_dag.py
[2025-08-16T17:01:17.215+0000] {logging_mixin.py:188} INFO - [2025-08-16T17:01:17.207+0000] {dagbag.py:355} ERROR - Failed to import: /opt/airflow/dags/steam_pipeline_dag.py
Traceback (most recent call last):
  File "/home/airflow/.local/lib/python3.12/site-packages/airflow/models/dagbag.py", line 351, in parse
    loader.exec_module(new_module)
  File "<frozen importlib._bootstrap_external>", line 995, in exec_module
  File "<frozen importlib._bootstrap>", line 488, in _call_with_frames_removed
  File "/opt/airflow/dags/steam_pipeline_dag.py", line 13, in <module>
    from etl.bronze_extract import extract_app
  File "/opt/airflow/etl/bronze_extract.py", line 3, in <module>
    from tqdm import tqdm
ModuleNotFoundError: No module named 'tqdm'
[2025-08-16T17:01:17.217+0000] {processor.py:842} WARNING - No viable dags retrieved from /opt/airflow/dags/steam_pipeline_dag.py
[2025-08-16T17:01:17.241+0000] {processor.py:183} INFO - Processing /opt/airflow/dags/steam_pipeline_dag.py took 0.091 seconds
[2025-08-16T17:01:48.313+0000] {processor.py:161} INFO - Started process (PID=560) to work on /opt/airflow/dags/steam_pipeline_dag.py
[2025-08-16T17:01:48.314+0000] {processor.py:830} INFO - Processing file /opt/airflow/dags/steam_pipeline_dag.py for tasks to queue
[2025-08-16T17:01:48.317+0000] {logging_mixin.py:188} INFO - [2025-08-16T17:01:48.316+0000] {dagbag.py:545} INFO - Filling up the DagBag from /opt/airflow/dags/steam_pipeline_dag.py
[2025-08-16T17:01:48.379+0000] {logging_mixin.py:188} INFO - [2025-08-16T17:01:48.371+0000] {dagbag.py:355} ERROR - Failed to import: /opt/airflow/dags/steam_pipeline_dag.py
Traceback (most recent call last):
  File "/home/airflow/.local/lib/python3.12/site-packages/airflow/models/dagbag.py", line 351, in parse
    loader.exec_module(new_module)
  File "<frozen importlib._bootstrap_external>", line 995, in exec_module
  File "<frozen importlib._bootstrap>", line 488, in _call_with_frames_removed
  File "/opt/airflow/dags/steam_pipeline_dag.py", line 13, in <module>
    from etl.bronze_extract import extract_app
  File "/opt/airflow/etl/bronze_extract.py", line 3, in <module>
    from tqdm import tqdm
ModuleNotFoundError: No module named 'tqdm'
[2025-08-16T17:01:48.382+0000] {processor.py:842} WARNING - No viable dags retrieved from /opt/airflow/dags/steam_pipeline_dag.py
[2025-08-16T17:01:48.402+0000] {processor.py:183} INFO - Processing /opt/airflow/dags/steam_pipeline_dag.py took 0.096 seconds
[2025-08-16T17:02:18.863+0000] {processor.py:161} INFO - Started process (PID=561) to work on /opt/airflow/dags/steam_pipeline_dag.py
[2025-08-16T17:02:18.865+0000] {processor.py:830} INFO - Processing file /opt/airflow/dags/steam_pipeline_dag.py for tasks to queue
[2025-08-16T17:02:18.868+0000] {logging_mixin.py:188} INFO - [2025-08-16T17:02:18.867+0000] {dagbag.py:545} INFO - Filling up the DagBag from /opt/airflow/dags/steam_pipeline_dag.py
[2025-08-16T17:02:18.971+0000] {logging_mixin.py:188} INFO - [2025-08-16T17:02:18.962+0000] {dagbag.py:355} ERROR - Failed to import: /opt/airflow/dags/steam_pipeline_dag.py
Traceback (most recent call last):
  File "/home/airflow/.local/lib/python3.12/site-packages/airflow/models/dagbag.py", line 351, in parse
    loader.exec_module(new_module)
  File "<frozen importlib._bootstrap_external>", line 995, in exec_module
  File "<frozen importlib._bootstrap>", line 488, in _call_with_frames_removed
  File "/opt/airflow/dags/steam_pipeline_dag.py", line 13, in <module>
    from etl.bronze_extract import extract_app
  File "/opt/airflow/etl/bronze_extract.py", line 3, in <module>
    from tqdm import tqdm
ModuleNotFoundError: No module named 'tqdm'
[2025-08-16T17:02:18.975+0000] {processor.py:842} WARNING - No viable dags retrieved from /opt/airflow/dags/steam_pipeline_dag.py
[2025-08-16T17:02:18.995+0000] {processor.py:183} INFO - Processing /opt/airflow/dags/steam_pipeline_dag.py took 0.141 seconds
[2025-08-16T17:02:49.187+0000] {processor.py:161} INFO - Started process (PID=562) to work on /opt/airflow/dags/steam_pipeline_dag.py
[2025-08-16T17:02:49.194+0000] {processor.py:830} INFO - Processing file /opt/airflow/dags/steam_pipeline_dag.py for tasks to queue
[2025-08-16T17:02:49.196+0000] {logging_mixin.py:188} INFO - [2025-08-16T17:02:49.196+0000] {dagbag.py:545} INFO - Filling up the DagBag from /opt/airflow/dags/steam_pipeline_dag.py
[2025-08-16T17:02:49.294+0000] {logging_mixin.py:188} INFO - [2025-08-16T17:02:49.283+0000] {dagbag.py:355} ERROR - Failed to import: /opt/airflow/dags/steam_pipeline_dag.py
Traceback (most recent call last):
  File "/home/airflow/.local/lib/python3.12/site-packages/airflow/models/dagbag.py", line 351, in parse
    loader.exec_module(new_module)
  File "<frozen importlib._bootstrap_external>", line 995, in exec_module
  File "<frozen importlib._bootstrap>", line 488, in _call_with_frames_removed
  File "/opt/airflow/dags/steam_pipeline_dag.py", line 13, in <module>
    from etl.bronze_extract import extract_app
  File "/opt/airflow/etl/bronze_extract.py", line 3, in <module>
    from tqdm import tqdm
ModuleNotFoundError: No module named 'tqdm'
[2025-08-16T17:02:49.297+0000] {processor.py:842} WARNING - No viable dags retrieved from /opt/airflow/dags/steam_pipeline_dag.py
[2025-08-16T17:02:49.315+0000] {processor.py:183} INFO - Processing /opt/airflow/dags/steam_pipeline_dag.py took 0.133 seconds
