[2025-08-17T05:13:16.450+0000] {processor.py:161} INFO - Started process (PID=210) to work on /opt/airflow/dags/steam_pipeline_dag.py
[2025-08-17T05:13:16.451+0000] {processor.py:830} INFO - Processing file /opt/airflow/dags/steam_pipeline_dag.py for tasks to queue
[2025-08-17T05:13:16.454+0000] {logging_mixin.py:188} INFO - [2025-08-17T05:13:16.453+0000] {dagbag.py:545} INFO - Filling up the DagBag from /opt/airflow/dags/steam_pipeline_dag.py
[2025-08-17T05:13:16.636+0000] {logging_mixin.py:188} INFO - [2025-08-17T05:13:16.622+0000] {dagbag.py:355} ERROR - Failed to import: /opt/airflow/dags/steam_pipeline_dag.py
Traceback (most recent call last):
  File "/home/airflow/.local/lib/python3.12/site-packages/airflow/models/dagbag.py", line 351, in parse
    loader.exec_module(new_module)
  File "<frozen importlib._bootstrap_external>", line 995, in exec_module
  File "<frozen importlib._bootstrap>", line 488, in _call_with_frames_removed
  File "/opt/airflow/dags/steam_pipeline_dag.py", line 13, in <module>
    from etl.bronze_extract import extract_app
  File "/opt/airflow/etl/bronze_extract.py", line 3, in <module>
    from tqdm import tqdm
ModuleNotFoundError: No module named 'tqdm'
[2025-08-17T05:13:16.642+0000] {processor.py:842} WARNING - No viable dags retrieved from /opt/airflow/dags/steam_pipeline_dag.py
[2025-08-17T05:13:16.667+0000] {processor.py:183} INFO - Processing /opt/airflow/dags/steam_pipeline_dag.py took 0.222 seconds
[2025-08-17T05:13:47.043+0000] {processor.py:161} INFO - Started process (PID=211) to work on /opt/airflow/dags/steam_pipeline_dag.py
[2025-08-17T05:13:47.045+0000] {processor.py:830} INFO - Processing file /opt/airflow/dags/steam_pipeline_dag.py for tasks to queue
[2025-08-17T05:13:47.048+0000] {logging_mixin.py:188} INFO - [2025-08-17T05:13:47.047+0000] {dagbag.py:545} INFO - Filling up the DagBag from /opt/airflow/dags/steam_pipeline_dag.py
[2025-08-17T05:13:47.208+0000] {logging_mixin.py:188} INFO - [2025-08-17T05:13:47.181+0000] {dagbag.py:355} ERROR - Failed to import: /opt/airflow/dags/steam_pipeline_dag.py
Traceback (most recent call last):
  File "/home/airflow/.local/lib/python3.12/site-packages/airflow/models/dagbag.py", line 351, in parse
    loader.exec_module(new_module)
  File "<frozen importlib._bootstrap_external>", line 995, in exec_module
  File "<frozen importlib._bootstrap>", line 488, in _call_with_frames_removed
  File "/opt/airflow/dags/steam_pipeline_dag.py", line 13, in <module>
    from etl.bronze_extract import extract_app
  File "/opt/airflow/etl/bronze_extract.py", line 3, in <module>
    from tqdm import tqdm
ModuleNotFoundError: No module named 'tqdm'
[2025-08-17T05:13:47.216+0000] {processor.py:842} WARNING - No viable dags retrieved from /opt/airflow/dags/steam_pipeline_dag.py
[2025-08-17T05:13:47.244+0000] {processor.py:183} INFO - Processing /opt/airflow/dags/steam_pipeline_dag.py took 0.209 seconds
[2025-08-17T05:14:18.039+0000] {processor.py:161} INFO - Started process (PID=212) to work on /opt/airflow/dags/steam_pipeline_dag.py
[2025-08-17T05:14:18.041+0000] {processor.py:830} INFO - Processing file /opt/airflow/dags/steam_pipeline_dag.py for tasks to queue
[2025-08-17T05:14:18.044+0000] {logging_mixin.py:188} INFO - [2025-08-17T05:14:18.043+0000] {dagbag.py:545} INFO - Filling up the DagBag from /opt/airflow/dags/steam_pipeline_dag.py
[2025-08-17T05:14:18.141+0000] {logging_mixin.py:188} INFO - [2025-08-17T05:14:18.128+0000] {dagbag.py:355} ERROR - Failed to import: /opt/airflow/dags/steam_pipeline_dag.py
Traceback (most recent call last):
  File "/home/airflow/.local/lib/python3.12/site-packages/airflow/models/dagbag.py", line 351, in parse
    loader.exec_module(new_module)
  File "<frozen importlib._bootstrap_external>", line 995, in exec_module
  File "<frozen importlib._bootstrap>", line 488, in _call_with_frames_removed
  File "/opt/airflow/dags/steam_pipeline_dag.py", line 13, in <module>
    from etl.bronze_extract import extract_app
  File "/opt/airflow/etl/bronze_extract.py", line 3, in <module>
    from tqdm import tqdm
ModuleNotFoundError: No module named 'tqdm'
[2025-08-17T05:14:18.146+0000] {processor.py:842} WARNING - No viable dags retrieved from /opt/airflow/dags/steam_pipeline_dag.py
[2025-08-17T05:14:18.167+0000] {processor.py:183} INFO - Processing /opt/airflow/dags/steam_pipeline_dag.py took 0.137 seconds
[2025-08-17T05:14:49.158+0000] {processor.py:161} INFO - Started process (PID=213) to work on /opt/airflow/dags/steam_pipeline_dag.py
[2025-08-17T05:14:49.160+0000] {processor.py:830} INFO - Processing file /opt/airflow/dags/steam_pipeline_dag.py for tasks to queue
[2025-08-17T05:14:49.162+0000] {logging_mixin.py:188} INFO - [2025-08-17T05:14:49.162+0000] {dagbag.py:545} INFO - Filling up the DagBag from /opt/airflow/dags/steam_pipeline_dag.py
[2025-08-17T05:14:49.300+0000] {logging_mixin.py:188} INFO - [2025-08-17T05:14:49.275+0000] {dagbag.py:355} ERROR - Failed to import: /opt/airflow/dags/steam_pipeline_dag.py
Traceback (most recent call last):
  File "/home/airflow/.local/lib/python3.12/site-packages/airflow/models/dagbag.py", line 351, in parse
    loader.exec_module(new_module)
  File "<frozen importlib._bootstrap_external>", line 995, in exec_module
  File "<frozen importlib._bootstrap>", line 488, in _call_with_frames_removed
  File "/opt/airflow/dags/steam_pipeline_dag.py", line 13, in <module>
    from etl.bronze_extract import extract_app
  File "/opt/airflow/etl/bronze_extract.py", line 3, in <module>
    from tqdm import tqdm
ModuleNotFoundError: No module named 'tqdm'
[2025-08-17T05:14:49.309+0000] {processor.py:842} WARNING - No viable dags retrieved from /opt/airflow/dags/steam_pipeline_dag.py
[2025-08-17T05:14:49.346+0000] {processor.py:183} INFO - Processing /opt/airflow/dags/steam_pipeline_dag.py took 0.196 seconds
[2025-08-17T05:15:20.316+0000] {processor.py:161} INFO - Started process (PID=214) to work on /opt/airflow/dags/steam_pipeline_dag.py
[2025-08-17T05:15:20.317+0000] {processor.py:830} INFO - Processing file /opt/airflow/dags/steam_pipeline_dag.py for tasks to queue
[2025-08-17T05:15:20.320+0000] {logging_mixin.py:188} INFO - [2025-08-17T05:15:20.319+0000] {dagbag.py:545} INFO - Filling up the DagBag from /opt/airflow/dags/steam_pipeline_dag.py
[2025-08-17T05:15:20.453+0000] {logging_mixin.py:188} INFO - [2025-08-17T05:15:20.427+0000] {dagbag.py:355} ERROR - Failed to import: /opt/airflow/dags/steam_pipeline_dag.py
Traceback (most recent call last):
  File "/home/airflow/.local/lib/python3.12/site-packages/airflow/models/dagbag.py", line 351, in parse
    loader.exec_module(new_module)
  File "<frozen importlib._bootstrap_external>", line 995, in exec_module
  File "<frozen importlib._bootstrap>", line 488, in _call_with_frames_removed
  File "/opt/airflow/dags/steam_pipeline_dag.py", line 13, in <module>
    from etl.bronze_extract import extract_app
  File "/opt/airflow/etl/bronze_extract.py", line 3, in <module>
    from tqdm import tqdm
ModuleNotFoundError: No module named 'tqdm'
[2025-08-17T05:15:20.456+0000] {processor.py:842} WARNING - No viable dags retrieved from /opt/airflow/dags/steam_pipeline_dag.py
[2025-08-17T05:15:20.475+0000] {processor.py:183} INFO - Processing /opt/airflow/dags/steam_pipeline_dag.py took 0.166 seconds
[2025-08-17T05:15:51.025+0000] {processor.py:161} INFO - Started process (PID=215) to work on /opt/airflow/dags/steam_pipeline_dag.py
[2025-08-17T05:15:51.027+0000] {processor.py:830} INFO - Processing file /opt/airflow/dags/steam_pipeline_dag.py for tasks to queue
[2025-08-17T05:15:51.029+0000] {logging_mixin.py:188} INFO - [2025-08-17T05:15:51.029+0000] {dagbag.py:545} INFO - Filling up the DagBag from /opt/airflow/dags/steam_pipeline_dag.py
[2025-08-17T05:15:51.094+0000] {logging_mixin.py:188} INFO - [2025-08-17T05:15:51.080+0000] {dagbag.py:355} ERROR - Failed to import: /opt/airflow/dags/steam_pipeline_dag.py
Traceback (most recent call last):
  File "/home/airflow/.local/lib/python3.12/site-packages/airflow/models/dagbag.py", line 351, in parse
    loader.exec_module(new_module)
  File "<frozen importlib._bootstrap_external>", line 995, in exec_module
  File "<frozen importlib._bootstrap>", line 488, in _call_with_frames_removed
  File "/opt/airflow/dags/steam_pipeline_dag.py", line 13, in <module>
    from etl.bronze_extract import extract_app
  File "/opt/airflow/etl/bronze_extract.py", line 3, in <module>
    from tqdm import tqdm
ModuleNotFoundError: No module named 'tqdm'
[2025-08-17T05:15:51.096+0000] {processor.py:842} WARNING - No viable dags retrieved from /opt/airflow/dags/steam_pipeline_dag.py
[2025-08-17T05:15:51.114+0000] {processor.py:183} INFO - Processing /opt/airflow/dags/steam_pipeline_dag.py took 0.096 seconds
[2025-08-17T05:16:21.635+0000] {processor.py:161} INFO - Started process (PID=216) to work on /opt/airflow/dags/steam_pipeline_dag.py
[2025-08-17T05:16:21.636+0000] {processor.py:830} INFO - Processing file /opt/airflow/dags/steam_pipeline_dag.py for tasks to queue
[2025-08-17T05:16:21.639+0000] {logging_mixin.py:188} INFO - [2025-08-17T05:16:21.638+0000] {dagbag.py:545} INFO - Filling up the DagBag from /opt/airflow/dags/steam_pipeline_dag.py
[2025-08-17T05:16:21.711+0000] {logging_mixin.py:188} INFO - [2025-08-17T05:16:21.702+0000] {dagbag.py:355} ERROR - Failed to import: /opt/airflow/dags/steam_pipeline_dag.py
Traceback (most recent call last):
  File "/home/airflow/.local/lib/python3.12/site-packages/airflow/models/dagbag.py", line 351, in parse
    loader.exec_module(new_module)
  File "<frozen importlib._bootstrap_external>", line 995, in exec_module
  File "<frozen importlib._bootstrap>", line 488, in _call_with_frames_removed
  File "/opt/airflow/dags/steam_pipeline_dag.py", line 13, in <module>
    from etl.bronze_extract import extract_app
  File "/opt/airflow/etl/bronze_extract.py", line 3, in <module>
    from tqdm import tqdm
ModuleNotFoundError: No module named 'tqdm'
[2025-08-17T05:16:21.715+0000] {processor.py:842} WARNING - No viable dags retrieved from /opt/airflow/dags/steam_pipeline_dag.py
[2025-08-17T05:16:21.737+0000] {processor.py:183} INFO - Processing /opt/airflow/dags/steam_pipeline_dag.py took 0.108 seconds
[2025-08-17T05:16:52.824+0000] {processor.py:161} INFO - Started process (PID=217) to work on /opt/airflow/dags/steam_pipeline_dag.py
[2025-08-17T05:16:52.825+0000] {processor.py:830} INFO - Processing file /opt/airflow/dags/steam_pipeline_dag.py for tasks to queue
[2025-08-17T05:16:52.827+0000] {logging_mixin.py:188} INFO - [2025-08-17T05:16:52.827+0000] {dagbag.py:545} INFO - Filling up the DagBag from /opt/airflow/dags/steam_pipeline_dag.py
[2025-08-17T05:16:52.875+0000] {logging_mixin.py:188} INFO - [2025-08-17T05:16:52.869+0000] {dagbag.py:355} ERROR - Failed to import: /opt/airflow/dags/steam_pipeline_dag.py
Traceback (most recent call last):
  File "/home/airflow/.local/lib/python3.12/site-packages/airflow/models/dagbag.py", line 351, in parse
    loader.exec_module(new_module)
  File "<frozen importlib._bootstrap_external>", line 995, in exec_module
  File "<frozen importlib._bootstrap>", line 488, in _call_with_frames_removed
  File "/opt/airflow/dags/steam_pipeline_dag.py", line 13, in <module>
    from etl.bronze_extract import extract_app
  File "/opt/airflow/etl/bronze_extract.py", line 3, in <module>
    from tqdm import tqdm
ModuleNotFoundError: No module named 'tqdm'
[2025-08-17T05:16:52.877+0000] {processor.py:842} WARNING - No viable dags retrieved from /opt/airflow/dags/steam_pipeline_dag.py
[2025-08-17T05:16:52.896+0000] {processor.py:183} INFO - Processing /opt/airflow/dags/steam_pipeline_dag.py took 0.078 seconds
[2025-08-17T05:17:23.344+0000] {processor.py:161} INFO - Started process (PID=218) to work on /opt/airflow/dags/steam_pipeline_dag.py
[2025-08-17T05:17:23.346+0000] {processor.py:830} INFO - Processing file /opt/airflow/dags/steam_pipeline_dag.py for tasks to queue
[2025-08-17T05:17:23.348+0000] {logging_mixin.py:188} INFO - [2025-08-17T05:17:23.348+0000] {dagbag.py:545} INFO - Filling up the DagBag from /opt/airflow/dags/steam_pipeline_dag.py
[2025-08-17T05:17:23.411+0000] {logging_mixin.py:188} INFO - [2025-08-17T05:17:23.403+0000] {dagbag.py:355} ERROR - Failed to import: /opt/airflow/dags/steam_pipeline_dag.py
Traceback (most recent call last):
  File "/home/airflow/.local/lib/python3.12/site-packages/airflow/models/dagbag.py", line 351, in parse
    loader.exec_module(new_module)
  File "<frozen importlib._bootstrap_external>", line 995, in exec_module
  File "<frozen importlib._bootstrap>", line 488, in _call_with_frames_removed
  File "/opt/airflow/dags/steam_pipeline_dag.py", line 13, in <module>
    from etl.bronze_extract import extract_app
  File "/opt/airflow/etl/bronze_extract.py", line 3, in <module>
    from tqdm import tqdm
ModuleNotFoundError: No module named 'tqdm'
[2025-08-17T05:17:23.414+0000] {processor.py:842} WARNING - No viable dags retrieved from /opt/airflow/dags/steam_pipeline_dag.py
[2025-08-17T05:17:23.434+0000] {processor.py:183} INFO - Processing /opt/airflow/dags/steam_pipeline_dag.py took 0.098 seconds
[2025-08-17T05:17:53.997+0000] {processor.py:161} INFO - Started process (PID=219) to work on /opt/airflow/dags/steam_pipeline_dag.py
[2025-08-17T05:17:54.002+0000] {processor.py:830} INFO - Processing file /opt/airflow/dags/steam_pipeline_dag.py for tasks to queue
[2025-08-17T05:17:54.004+0000] {logging_mixin.py:188} INFO - [2025-08-17T05:17:54.004+0000] {dagbag.py:545} INFO - Filling up the DagBag from /opt/airflow/dags/steam_pipeline_dag.py
[2025-08-17T05:17:54.065+0000] {logging_mixin.py:188} INFO - [2025-08-17T05:17:54.058+0000] {dagbag.py:355} ERROR - Failed to import: /opt/airflow/dags/steam_pipeline_dag.py
Traceback (most recent call last):
  File "/home/airflow/.local/lib/python3.12/site-packages/airflow/models/dagbag.py", line 351, in parse
    loader.exec_module(new_module)
  File "<frozen importlib._bootstrap_external>", line 995, in exec_module
  File "<frozen importlib._bootstrap>", line 488, in _call_with_frames_removed
  File "/opt/airflow/dags/steam_pipeline_dag.py", line 13, in <module>
    from etl.bronze_extract import extract_app
  File "/opt/airflow/etl/bronze_extract.py", line 3, in <module>
    from tqdm import tqdm
ModuleNotFoundError: No module named 'tqdm'
[2025-08-17T05:17:54.069+0000] {processor.py:842} WARNING - No viable dags retrieved from /opt/airflow/dags/steam_pipeline_dag.py
[2025-08-17T05:17:54.095+0000] {processor.py:183} INFO - Processing /opt/airflow/dags/steam_pipeline_dag.py took 0.104 seconds
[2025-08-17T05:18:25.013+0000] {processor.py:161} INFO - Started process (PID=220) to work on /opt/airflow/dags/steam_pipeline_dag.py
[2025-08-17T05:18:25.015+0000] {processor.py:830} INFO - Processing file /opt/airflow/dags/steam_pipeline_dag.py for tasks to queue
[2025-08-17T05:18:25.020+0000] {logging_mixin.py:188} INFO - [2025-08-17T05:18:25.019+0000] {dagbag.py:545} INFO - Filling up the DagBag from /opt/airflow/dags/steam_pipeline_dag.py
[2025-08-17T05:18:25.098+0000] {logging_mixin.py:188} INFO - [2025-08-17T05:18:25.089+0000] {dagbag.py:355} ERROR - Failed to import: /opt/airflow/dags/steam_pipeline_dag.py
Traceback (most recent call last):
  File "/home/airflow/.local/lib/python3.12/site-packages/airflow/models/dagbag.py", line 351, in parse
    loader.exec_module(new_module)
  File "<frozen importlib._bootstrap_external>", line 995, in exec_module
  File "<frozen importlib._bootstrap>", line 488, in _call_with_frames_removed
  File "/opt/airflow/dags/steam_pipeline_dag.py", line 13, in <module>
    from etl.bronze_extract import extract_app
  File "/opt/airflow/etl/bronze_extract.py", line 3, in <module>
    from tqdm import tqdm
ModuleNotFoundError: No module named 'tqdm'
[2025-08-17T05:18:25.101+0000] {processor.py:842} WARNING - No viable dags retrieved from /opt/airflow/dags/steam_pipeline_dag.py
[2025-08-17T05:18:25.120+0000] {processor.py:183} INFO - Processing /opt/airflow/dags/steam_pipeline_dag.py took 0.115 seconds
[2025-08-17T05:18:55.701+0000] {processor.py:161} INFO - Started process (PID=221) to work on /opt/airflow/dags/steam_pipeline_dag.py
[2025-08-17T05:18:55.703+0000] {processor.py:830} INFO - Processing file /opt/airflow/dags/steam_pipeline_dag.py for tasks to queue
[2025-08-17T05:18:55.705+0000] {logging_mixin.py:188} INFO - [2025-08-17T05:18:55.704+0000] {dagbag.py:545} INFO - Filling up the DagBag from /opt/airflow/dags/steam_pipeline_dag.py
[2025-08-17T05:18:55.769+0000] {logging_mixin.py:188} INFO - [2025-08-17T05:18:55.760+0000] {dagbag.py:355} ERROR - Failed to import: /opt/airflow/dags/steam_pipeline_dag.py
Traceback (most recent call last):
  File "/home/airflow/.local/lib/python3.12/site-packages/airflow/models/dagbag.py", line 351, in parse
    loader.exec_module(new_module)
  File "<frozen importlib._bootstrap_external>", line 995, in exec_module
  File "<frozen importlib._bootstrap>", line 488, in _call_with_frames_removed
  File "/opt/airflow/dags/steam_pipeline_dag.py", line 13, in <module>
    from etl.bronze_extract import extract_app
  File "/opt/airflow/etl/bronze_extract.py", line 3, in <module>
    from tqdm import tqdm
ModuleNotFoundError: No module named 'tqdm'
[2025-08-17T05:18:55.772+0000] {processor.py:842} WARNING - No viable dags retrieved from /opt/airflow/dags/steam_pipeline_dag.py
[2025-08-17T05:18:55.793+0000] {processor.py:183} INFO - Processing /opt/airflow/dags/steam_pipeline_dag.py took 0.098 seconds
[2025-08-17T05:19:26.054+0000] {processor.py:161} INFO - Started process (PID=222) to work on /opt/airflow/dags/steam_pipeline_dag.py
[2025-08-17T05:19:26.056+0000] {processor.py:830} INFO - Processing file /opt/airflow/dags/steam_pipeline_dag.py for tasks to queue
[2025-08-17T05:19:26.059+0000] {logging_mixin.py:188} INFO - [2025-08-17T05:19:26.058+0000] {dagbag.py:545} INFO - Filling up the DagBag from /opt/airflow/dags/steam_pipeline_dag.py
[2025-08-17T05:19:26.125+0000] {logging_mixin.py:188} INFO - [2025-08-17T05:19:26.117+0000] {dagbag.py:355} ERROR - Failed to import: /opt/airflow/dags/steam_pipeline_dag.py
Traceback (most recent call last):
  File "/home/airflow/.local/lib/python3.12/site-packages/airflow/models/dagbag.py", line 351, in parse
    loader.exec_module(new_module)
  File "<frozen importlib._bootstrap_external>", line 995, in exec_module
  File "<frozen importlib._bootstrap>", line 488, in _call_with_frames_removed
  File "/opt/airflow/dags/steam_pipeline_dag.py", line 13, in <module>
    from etl.bronze_extract import extract_app
  File "/opt/airflow/etl/bronze_extract.py", line 3, in <module>
    from tqdm import tqdm
ModuleNotFoundError: No module named 'tqdm'
[2025-08-17T05:19:26.128+0000] {processor.py:842} WARNING - No viable dags retrieved from /opt/airflow/dags/steam_pipeline_dag.py
[2025-08-17T05:19:26.145+0000] {processor.py:183} INFO - Processing /opt/airflow/dags/steam_pipeline_dag.py took 0.097 seconds
[2025-08-17T05:19:57.152+0000] {processor.py:161} INFO - Started process (PID=223) to work on /opt/airflow/dags/steam_pipeline_dag.py
[2025-08-17T05:19:57.153+0000] {processor.py:830} INFO - Processing file /opt/airflow/dags/steam_pipeline_dag.py for tasks to queue
[2025-08-17T05:19:57.155+0000] {logging_mixin.py:188} INFO - [2025-08-17T05:19:57.155+0000] {dagbag.py:545} INFO - Filling up the DagBag from /opt/airflow/dags/steam_pipeline_dag.py
[2025-08-17T05:19:57.207+0000] {logging_mixin.py:188} INFO - [2025-08-17T05:19:57.199+0000] {dagbag.py:355} ERROR - Failed to import: /opt/airflow/dags/steam_pipeline_dag.py
Traceback (most recent call last):
  File "/home/airflow/.local/lib/python3.12/site-packages/airflow/models/dagbag.py", line 351, in parse
    loader.exec_module(new_module)
  File "<frozen importlib._bootstrap_external>", line 995, in exec_module
  File "<frozen importlib._bootstrap>", line 488, in _call_with_frames_removed
  File "/opt/airflow/dags/steam_pipeline_dag.py", line 13, in <module>
    from etl.bronze_extract import extract_app
  File "/opt/airflow/etl/bronze_extract.py", line 3, in <module>
    from tqdm import tqdm
ModuleNotFoundError: No module named 'tqdm'
[2025-08-17T05:19:57.209+0000] {processor.py:842} WARNING - No viable dags retrieved from /opt/airflow/dags/steam_pipeline_dag.py
[2025-08-17T05:19:57.225+0000] {processor.py:183} INFO - Processing /opt/airflow/dags/steam_pipeline_dag.py took 0.078 seconds
[2025-08-17T05:20:27.439+0000] {processor.py:161} INFO - Started process (PID=224) to work on /opt/airflow/dags/steam_pipeline_dag.py
[2025-08-17T05:20:27.440+0000] {processor.py:830} INFO - Processing file /opt/airflow/dags/steam_pipeline_dag.py for tasks to queue
[2025-08-17T05:20:27.442+0000] {logging_mixin.py:188} INFO - [2025-08-17T05:20:27.441+0000] {dagbag.py:545} INFO - Filling up the DagBag from /opt/airflow/dags/steam_pipeline_dag.py
[2025-08-17T05:20:27.522+0000] {logging_mixin.py:188} INFO - [2025-08-17T05:20:27.516+0000] {dagbag.py:355} ERROR - Failed to import: /opt/airflow/dags/steam_pipeline_dag.py
Traceback (most recent call last):
  File "/home/airflow/.local/lib/python3.12/site-packages/airflow/models/dagbag.py", line 351, in parse
    loader.exec_module(new_module)
  File "<frozen importlib._bootstrap_external>", line 995, in exec_module
  File "<frozen importlib._bootstrap>", line 488, in _call_with_frames_removed
  File "/opt/airflow/dags/steam_pipeline_dag.py", line 13, in <module>
    from etl.bronze_extract import extract_app
  File "/opt/airflow/etl/bronze_extract.py", line 3, in <module>
    from tqdm import tqdm
ModuleNotFoundError: No module named 'tqdm'
[2025-08-17T05:20:27.524+0000] {processor.py:842} WARNING - No viable dags retrieved from /opt/airflow/dags/steam_pipeline_dag.py
[2025-08-17T05:20:27.539+0000] {processor.py:183} INFO - Processing /opt/airflow/dags/steam_pipeline_dag.py took 0.106 seconds
[2025-08-17T05:20:58.480+0000] {processor.py:161} INFO - Started process (PID=225) to work on /opt/airflow/dags/steam_pipeline_dag.py
[2025-08-17T05:20:58.481+0000] {processor.py:830} INFO - Processing file /opt/airflow/dags/steam_pipeline_dag.py for tasks to queue
[2025-08-17T05:20:58.485+0000] {logging_mixin.py:188} INFO - [2025-08-17T05:20:58.484+0000] {dagbag.py:545} INFO - Filling up the DagBag from /opt/airflow/dags/steam_pipeline_dag.py
[2025-08-17T05:20:58.554+0000] {logging_mixin.py:188} INFO - [2025-08-17T05:20:58.546+0000] {dagbag.py:355} ERROR - Failed to import: /opt/airflow/dags/steam_pipeline_dag.py
Traceback (most recent call last):
  File "/home/airflow/.local/lib/python3.12/site-packages/airflow/models/dagbag.py", line 351, in parse
    loader.exec_module(new_module)
  File "<frozen importlib._bootstrap_external>", line 995, in exec_module
  File "<frozen importlib._bootstrap>", line 488, in _call_with_frames_removed
  File "/opt/airflow/dags/steam_pipeline_dag.py", line 13, in <module>
    from etl.bronze_extract import extract_app
  File "/opt/airflow/etl/bronze_extract.py", line 3, in <module>
    from tqdm import tqdm
ModuleNotFoundError: No module named 'tqdm'
[2025-08-17T05:20:58.557+0000] {processor.py:842} WARNING - No viable dags retrieved from /opt/airflow/dags/steam_pipeline_dag.py
[2025-08-17T05:20:58.576+0000] {processor.py:183} INFO - Processing /opt/airflow/dags/steam_pipeline_dag.py took 0.102 seconds
[2025-08-17T05:21:29.173+0000] {processor.py:161} INFO - Started process (PID=226) to work on /opt/airflow/dags/steam_pipeline_dag.py
[2025-08-17T05:21:29.180+0000] {processor.py:830} INFO - Processing file /opt/airflow/dags/steam_pipeline_dag.py for tasks to queue
[2025-08-17T05:21:29.182+0000] {logging_mixin.py:188} INFO - [2025-08-17T05:21:29.182+0000] {dagbag.py:545} INFO - Filling up the DagBag from /opt/airflow/dags/steam_pipeline_dag.py
[2025-08-17T05:21:29.256+0000] {logging_mixin.py:188} INFO - [2025-08-17T05:21:29.248+0000] {dagbag.py:355} ERROR - Failed to import: /opt/airflow/dags/steam_pipeline_dag.py
Traceback (most recent call last):
  File "/home/airflow/.local/lib/python3.12/site-packages/airflow/models/dagbag.py", line 351, in parse
    loader.exec_module(new_module)
  File "<frozen importlib._bootstrap_external>", line 995, in exec_module
  File "<frozen importlib._bootstrap>", line 488, in _call_with_frames_removed
  File "/opt/airflow/dags/steam_pipeline_dag.py", line 13, in <module>
    from etl.bronze_extract import extract_app
  File "/opt/airflow/etl/bronze_extract.py", line 3, in <module>
    from tqdm import tqdm
ModuleNotFoundError: No module named 'tqdm'
[2025-08-17T05:21:29.260+0000] {processor.py:842} WARNING - No viable dags retrieved from /opt/airflow/dags/steam_pipeline_dag.py
[2025-08-17T05:21:29.280+0000] {processor.py:183} INFO - Processing /opt/airflow/dags/steam_pipeline_dag.py took 0.113 seconds
[2025-08-17T05:21:59.812+0000] {processor.py:161} INFO - Started process (PID=227) to work on /opt/airflow/dags/steam_pipeline_dag.py
[2025-08-17T05:21:59.814+0000] {processor.py:830} INFO - Processing file /opt/airflow/dags/steam_pipeline_dag.py for tasks to queue
[2025-08-17T05:21:59.817+0000] {logging_mixin.py:188} INFO - [2025-08-17T05:21:59.816+0000] {dagbag.py:545} INFO - Filling up the DagBag from /opt/airflow/dags/steam_pipeline_dag.py
[2025-08-17T05:21:59.887+0000] {logging_mixin.py:188} INFO - [2025-08-17T05:21:59.879+0000] {dagbag.py:355} ERROR - Failed to import: /opt/airflow/dags/steam_pipeline_dag.py
Traceback (most recent call last):
  File "/home/airflow/.local/lib/python3.12/site-packages/airflow/models/dagbag.py", line 351, in parse
    loader.exec_module(new_module)
  File "<frozen importlib._bootstrap_external>", line 995, in exec_module
  File "<frozen importlib._bootstrap>", line 488, in _call_with_frames_removed
  File "/opt/airflow/dags/steam_pipeline_dag.py", line 13, in <module>
    from etl.bronze_extract import extract_app
  File "/opt/airflow/etl/bronze_extract.py", line 3, in <module>
    from tqdm import tqdm
ModuleNotFoundError: No module named 'tqdm'
[2025-08-17T05:21:59.892+0000] {processor.py:842} WARNING - No viable dags retrieved from /opt/airflow/dags/steam_pipeline_dag.py
[2025-08-17T05:21:59.912+0000] {processor.py:183} INFO - Processing /opt/airflow/dags/steam_pipeline_dag.py took 0.107 seconds
[2025-08-17T05:22:31.135+0000] {processor.py:161} INFO - Started process (PID=228) to work on /opt/airflow/dags/steam_pipeline_dag.py
[2025-08-17T05:22:31.136+0000] {processor.py:830} INFO - Processing file /opt/airflow/dags/steam_pipeline_dag.py for tasks to queue
[2025-08-17T05:22:31.138+0000] {logging_mixin.py:188} INFO - [2025-08-17T05:22:31.138+0000] {dagbag.py:545} INFO - Filling up the DagBag from /opt/airflow/dags/steam_pipeline_dag.py
[2025-08-17T05:22:31.188+0000] {logging_mixin.py:188} INFO - [2025-08-17T05:22:31.181+0000] {dagbag.py:355} ERROR - Failed to import: /opt/airflow/dags/steam_pipeline_dag.py
Traceback (most recent call last):
  File "/home/airflow/.local/lib/python3.12/site-packages/airflow/models/dagbag.py", line 351, in parse
    loader.exec_module(new_module)
  File "<frozen importlib._bootstrap_external>", line 995, in exec_module
  File "<frozen importlib._bootstrap>", line 488, in _call_with_frames_removed
  File "/opt/airflow/dags/steam_pipeline_dag.py", line 13, in <module>
    from etl.bronze_extract import extract_app
  File "/opt/airflow/etl/bronze_extract.py", line 3, in <module>
    from tqdm import tqdm
ModuleNotFoundError: No module named 'tqdm'
[2025-08-17T05:22:31.190+0000] {processor.py:842} WARNING - No viable dags retrieved from /opt/airflow/dags/steam_pipeline_dag.py
[2025-08-17T05:22:31.208+0000] {processor.py:183} INFO - Processing /opt/airflow/dags/steam_pipeline_dag.py took 0.079 seconds
[2025-08-17T05:23:01.757+0000] {processor.py:161} INFO - Started process (PID=229) to work on /opt/airflow/dags/steam_pipeline_dag.py
[2025-08-17T05:23:01.758+0000] {processor.py:830} INFO - Processing file /opt/airflow/dags/steam_pipeline_dag.py for tasks to queue
[2025-08-17T05:23:01.760+0000] {logging_mixin.py:188} INFO - [2025-08-17T05:23:01.760+0000] {dagbag.py:545} INFO - Filling up the DagBag from /opt/airflow/dags/steam_pipeline_dag.py
[2025-08-17T05:23:01.825+0000] {logging_mixin.py:188} INFO - [2025-08-17T05:23:01.818+0000] {dagbag.py:355} ERROR - Failed to import: /opt/airflow/dags/steam_pipeline_dag.py
Traceback (most recent call last):
  File "/home/airflow/.local/lib/python3.12/site-packages/airflow/models/dagbag.py", line 351, in parse
    loader.exec_module(new_module)
  File "<frozen importlib._bootstrap_external>", line 995, in exec_module
  File "<frozen importlib._bootstrap>", line 488, in _call_with_frames_removed
  File "/opt/airflow/dags/steam_pipeline_dag.py", line 13, in <module>
    from etl.bronze_extract import extract_app
  File "/opt/airflow/etl/bronze_extract.py", line 3, in <module>
    from tqdm import tqdm
ModuleNotFoundError: No module named 'tqdm'
[2025-08-17T05:23:01.828+0000] {processor.py:842} WARNING - No viable dags retrieved from /opt/airflow/dags/steam_pipeline_dag.py
[2025-08-17T05:23:01.847+0000] {processor.py:183} INFO - Processing /opt/airflow/dags/steam_pipeline_dag.py took 0.096 seconds
[2025-08-17T05:23:32.778+0000] {processor.py:161} INFO - Started process (PID=230) to work on /opt/airflow/dags/steam_pipeline_dag.py
[2025-08-17T05:23:32.779+0000] {processor.py:830} INFO - Processing file /opt/airflow/dags/steam_pipeline_dag.py for tasks to queue
[2025-08-17T05:23:32.782+0000] {logging_mixin.py:188} INFO - [2025-08-17T05:23:32.781+0000] {dagbag.py:545} INFO - Filling up the DagBag from /opt/airflow/dags/steam_pipeline_dag.py
[2025-08-17T05:23:32.877+0000] {logging_mixin.py:188} INFO - [2025-08-17T05:23:32.867+0000] {dagbag.py:355} ERROR - Failed to import: /opt/airflow/dags/steam_pipeline_dag.py
Traceback (most recent call last):
  File "/home/airflow/.local/lib/python3.12/site-packages/airflow/models/dagbag.py", line 351, in parse
    loader.exec_module(new_module)
  File "<frozen importlib._bootstrap_external>", line 995, in exec_module
  File "<frozen importlib._bootstrap>", line 488, in _call_with_frames_removed
  File "/opt/airflow/dags/steam_pipeline_dag.py", line 13, in <module>
    from etl.bronze_extract import extract_app
  File "/opt/airflow/etl/bronze_extract.py", line 3, in <module>
    from tqdm import tqdm
ModuleNotFoundError: No module named 'tqdm'
[2025-08-17T05:23:32.881+0000] {processor.py:842} WARNING - No viable dags retrieved from /opt/airflow/dags/steam_pipeline_dag.py
[2025-08-17T05:23:32.902+0000] {processor.py:183} INFO - Processing /opt/airflow/dags/steam_pipeline_dag.py took 0.133 seconds
[2025-08-17T05:24:03.383+0000] {processor.py:161} INFO - Started process (PID=231) to work on /opt/airflow/dags/steam_pipeline_dag.py
[2025-08-17T05:24:03.385+0000] {processor.py:830} INFO - Processing file /opt/airflow/dags/steam_pipeline_dag.py for tasks to queue
[2025-08-17T05:24:03.387+0000] {logging_mixin.py:188} INFO - [2025-08-17T05:24:03.387+0000] {dagbag.py:545} INFO - Filling up the DagBag from /opt/airflow/dags/steam_pipeline_dag.py
[2025-08-17T05:24:03.474+0000] {logging_mixin.py:188} INFO - [2025-08-17T05:24:03.462+0000] {dagbag.py:355} ERROR - Failed to import: /opt/airflow/dags/steam_pipeline_dag.py
Traceback (most recent call last):
  File "/home/airflow/.local/lib/python3.12/site-packages/airflow/models/dagbag.py", line 351, in parse
    loader.exec_module(new_module)
  File "<frozen importlib._bootstrap_external>", line 995, in exec_module
  File "<frozen importlib._bootstrap>", line 488, in _call_with_frames_removed
  File "/opt/airflow/dags/steam_pipeline_dag.py", line 13, in <module>
    from etl.bronze_extract import extract_app
  File "/opt/airflow/etl/bronze_extract.py", line 3, in <module>
    from tqdm import tqdm
ModuleNotFoundError: No module named 'tqdm'
[2025-08-17T05:24:03.476+0000] {processor.py:842} WARNING - No viable dags retrieved from /opt/airflow/dags/steam_pipeline_dag.py
[2025-08-17T05:24:03.496+0000] {processor.py:183} INFO - Processing /opt/airflow/dags/steam_pipeline_dag.py took 0.121 seconds
[2025-08-17T05:24:33.779+0000] {processor.py:161} INFO - Started process (PID=232) to work on /opt/airflow/dags/steam_pipeline_dag.py
[2025-08-17T05:24:33.781+0000] {processor.py:830} INFO - Processing file /opt/airflow/dags/steam_pipeline_dag.py for tasks to queue
[2025-08-17T05:24:33.783+0000] {logging_mixin.py:188} INFO - [2025-08-17T05:24:33.783+0000] {dagbag.py:545} INFO - Filling up the DagBag from /opt/airflow/dags/steam_pipeline_dag.py
[2025-08-17T05:24:33.852+0000] {logging_mixin.py:188} INFO - [2025-08-17T05:24:33.843+0000] {dagbag.py:355} ERROR - Failed to import: /opt/airflow/dags/steam_pipeline_dag.py
Traceback (most recent call last):
  File "/home/airflow/.local/lib/python3.12/site-packages/airflow/models/dagbag.py", line 351, in parse
    loader.exec_module(new_module)
  File "<frozen importlib._bootstrap_external>", line 995, in exec_module
  File "<frozen importlib._bootstrap>", line 488, in _call_with_frames_removed
  File "/opt/airflow/dags/steam_pipeline_dag.py", line 13, in <module>
    from etl.bronze_extract import extract_app
  File "/opt/airflow/etl/bronze_extract.py", line 3, in <module>
    from tqdm import tqdm
ModuleNotFoundError: No module named 'tqdm'
[2025-08-17T05:24:33.856+0000] {processor.py:842} WARNING - No viable dags retrieved from /opt/airflow/dags/steam_pipeline_dag.py
[2025-08-17T05:24:33.873+0000] {processor.py:183} INFO - Processing /opt/airflow/dags/steam_pipeline_dag.py took 0.101 seconds
[2025-08-17T05:25:04.994+0000] {processor.py:161} INFO - Started process (PID=233) to work on /opt/airflow/dags/steam_pipeline_dag.py
[2025-08-17T05:25:04.995+0000] {processor.py:830} INFO - Processing file /opt/airflow/dags/steam_pipeline_dag.py for tasks to queue
[2025-08-17T05:25:04.998+0000] {logging_mixin.py:188} INFO - [2025-08-17T05:25:04.997+0000] {dagbag.py:545} INFO - Filling up the DagBag from /opt/airflow/dags/steam_pipeline_dag.py
[2025-08-17T05:25:05.096+0000] {logging_mixin.py:188} INFO - [2025-08-17T05:25:05.089+0000] {dagbag.py:355} ERROR - Failed to import: /opt/airflow/dags/steam_pipeline_dag.py
Traceback (most recent call last):
  File "/home/airflow/.local/lib/python3.12/site-packages/airflow/models/dagbag.py", line 351, in parse
    loader.exec_module(new_module)
  File "<frozen importlib._bootstrap_external>", line 995, in exec_module
  File "<frozen importlib._bootstrap>", line 488, in _call_with_frames_removed
  File "/opt/airflow/dags/steam_pipeline_dag.py", line 13, in <module>
    from etl.bronze_extract import extract_app
  File "/opt/airflow/etl/bronze_extract.py", line 3, in <module>
    from tqdm import tqdm
ModuleNotFoundError: No module named 'tqdm'
[2025-08-17T05:25:05.099+0000] {processor.py:842} WARNING - No viable dags retrieved from /opt/airflow/dags/steam_pipeline_dag.py
[2025-08-17T05:25:05.116+0000] {processor.py:183} INFO - Processing /opt/airflow/dags/steam_pipeline_dag.py took 0.129 seconds
[2025-08-17T05:25:35.930+0000] {processor.py:161} INFO - Started process (PID=234) to work on /opt/airflow/dags/steam_pipeline_dag.py
[2025-08-17T05:25:35.931+0000] {processor.py:830} INFO - Processing file /opt/airflow/dags/steam_pipeline_dag.py for tasks to queue
[2025-08-17T05:25:35.933+0000] {logging_mixin.py:188} INFO - [2025-08-17T05:25:35.933+0000] {dagbag.py:545} INFO - Filling up the DagBag from /opt/airflow/dags/steam_pipeline_dag.py
[2025-08-17T05:25:35.978+0000] {logging_mixin.py:188} INFO - [2025-08-17T05:25:35.973+0000] {dagbag.py:355} ERROR - Failed to import: /opt/airflow/dags/steam_pipeline_dag.py
Traceback (most recent call last):
  File "/home/airflow/.local/lib/python3.12/site-packages/airflow/models/dagbag.py", line 351, in parse
    loader.exec_module(new_module)
  File "<frozen importlib._bootstrap_external>", line 995, in exec_module
  File "<frozen importlib._bootstrap>", line 488, in _call_with_frames_removed
  File "/opt/airflow/dags/steam_pipeline_dag.py", line 13, in <module>
    from etl.bronze_extract import extract_app
  File "/opt/airflow/etl/bronze_extract.py", line 3, in <module>
    from tqdm import tqdm
ModuleNotFoundError: No module named 'tqdm'
[2025-08-17T05:25:35.980+0000] {processor.py:842} WARNING - No viable dags retrieved from /opt/airflow/dags/steam_pipeline_dag.py
[2025-08-17T05:25:35.997+0000] {processor.py:183} INFO - Processing /opt/airflow/dags/steam_pipeline_dag.py took 0.073 seconds
[2025-08-17T05:26:06.570+0000] {processor.py:161} INFO - Started process (PID=235) to work on /opt/airflow/dags/steam_pipeline_dag.py
[2025-08-17T05:26:06.571+0000] {processor.py:830} INFO - Processing file /opt/airflow/dags/steam_pipeline_dag.py for tasks to queue
[2025-08-17T05:26:06.573+0000] {logging_mixin.py:188} INFO - [2025-08-17T05:26:06.573+0000] {dagbag.py:545} INFO - Filling up the DagBag from /opt/airflow/dags/steam_pipeline_dag.py
[2025-08-17T05:26:06.638+0000] {logging_mixin.py:188} INFO - [2025-08-17T05:26:06.630+0000] {dagbag.py:355} ERROR - Failed to import: /opt/airflow/dags/steam_pipeline_dag.py
Traceback (most recent call last):
  File "/home/airflow/.local/lib/python3.12/site-packages/airflow/models/dagbag.py", line 351, in parse
    loader.exec_module(new_module)
  File "<frozen importlib._bootstrap_external>", line 995, in exec_module
  File "<frozen importlib._bootstrap>", line 488, in _call_with_frames_removed
  File "/opt/airflow/dags/steam_pipeline_dag.py", line 13, in <module>
    from etl.bronze_extract import extract_app
  File "/opt/airflow/etl/bronze_extract.py", line 3, in <module>
    from tqdm import tqdm
ModuleNotFoundError: No module named 'tqdm'
[2025-08-17T05:26:06.641+0000] {processor.py:842} WARNING - No viable dags retrieved from /opt/airflow/dags/steam_pipeline_dag.py
[2025-08-17T05:26:06.659+0000] {processor.py:183} INFO - Processing /opt/airflow/dags/steam_pipeline_dag.py took 0.096 seconds
[2025-08-17T05:26:37.149+0000] {processor.py:161} INFO - Started process (PID=236) to work on /opt/airflow/dags/steam_pipeline_dag.py
[2025-08-17T05:26:37.150+0000] {processor.py:830} INFO - Processing file /opt/airflow/dags/steam_pipeline_dag.py for tasks to queue
[2025-08-17T05:26:37.152+0000] {logging_mixin.py:188} INFO - [2025-08-17T05:26:37.151+0000] {dagbag.py:545} INFO - Filling up the DagBag from /opt/airflow/dags/steam_pipeline_dag.py
[2025-08-17T05:26:37.213+0000] {logging_mixin.py:188} INFO - [2025-08-17T05:26:37.206+0000] {dagbag.py:355} ERROR - Failed to import: /opt/airflow/dags/steam_pipeline_dag.py
Traceback (most recent call last):
  File "/home/airflow/.local/lib/python3.12/site-packages/airflow/models/dagbag.py", line 351, in parse
    loader.exec_module(new_module)
  File "<frozen importlib._bootstrap_external>", line 995, in exec_module
  File "<frozen importlib._bootstrap>", line 488, in _call_with_frames_removed
  File "/opt/airflow/dags/steam_pipeline_dag.py", line 13, in <module>
    from etl.bronze_extract import extract_app
  File "/opt/airflow/etl/bronze_extract.py", line 3, in <module>
    from tqdm import tqdm
ModuleNotFoundError: No module named 'tqdm'
[2025-08-17T05:26:37.215+0000] {processor.py:842} WARNING - No viable dags retrieved from /opt/airflow/dags/steam_pipeline_dag.py
[2025-08-17T05:26:37.234+0000] {processor.py:183} INFO - Processing /opt/airflow/dags/steam_pipeline_dag.py took 0.091 seconds
[2025-08-17T05:27:07.894+0000] {processor.py:161} INFO - Started process (PID=237) to work on /opt/airflow/dags/steam_pipeline_dag.py
[2025-08-17T05:27:07.896+0000] {processor.py:830} INFO - Processing file /opt/airflow/dags/steam_pipeline_dag.py for tasks to queue
[2025-08-17T05:27:07.898+0000] {logging_mixin.py:188} INFO - [2025-08-17T05:27:07.897+0000] {dagbag.py:545} INFO - Filling up the DagBag from /opt/airflow/dags/steam_pipeline_dag.py
[2025-08-17T05:27:07.962+0000] {logging_mixin.py:188} INFO - [2025-08-17T05:27:07.954+0000] {dagbag.py:355} ERROR - Failed to import: /opt/airflow/dags/steam_pipeline_dag.py
Traceback (most recent call last):
  File "/home/airflow/.local/lib/python3.12/site-packages/airflow/models/dagbag.py", line 351, in parse
    loader.exec_module(new_module)
  File "<frozen importlib._bootstrap_external>", line 995, in exec_module
  File "<frozen importlib._bootstrap>", line 488, in _call_with_frames_removed
  File "/opt/airflow/dags/steam_pipeline_dag.py", line 13, in <module>
    from etl.bronze_extract import extract_app
  File "/opt/airflow/etl/bronze_extract.py", line 3, in <module>
    from tqdm import tqdm
ModuleNotFoundError: No module named 'tqdm'
[2025-08-17T05:27:07.964+0000] {processor.py:842} WARNING - No viable dags retrieved from /opt/airflow/dags/steam_pipeline_dag.py
[2025-08-17T05:27:07.988+0000] {processor.py:183} INFO - Processing /opt/airflow/dags/steam_pipeline_dag.py took 0.101 seconds
[2025-08-17T05:27:36.208+0000] {processor.py:161} INFO - Started process (PID=238) to work on /opt/airflow/dags/steam_pipeline_dag.py
[2025-08-17T05:27:36.209+0000] {processor.py:830} INFO - Processing file /opt/airflow/dags/steam_pipeline_dag.py for tasks to queue
[2025-08-17T05:27:36.212+0000] {logging_mixin.py:188} INFO - [2025-08-17T05:27:36.211+0000] {dagbag.py:545} INFO - Filling up the DagBag from /opt/airflow/dags/steam_pipeline_dag.py
[2025-08-17T05:27:36.287+0000] {logging_mixin.py:188} INFO - [2025-08-17T05:27:36.278+0000] {dagbag.py:355} ERROR - Failed to import: /opt/airflow/dags/steam_pipeline_dag.py
Traceback (most recent call last):
  File "/home/airflow/.local/lib/python3.12/site-packages/airflow/models/dagbag.py", line 351, in parse
    loader.exec_module(new_module)
  File "<frozen importlib._bootstrap_external>", line 995, in exec_module
  File "<frozen importlib._bootstrap>", line 488, in _call_with_frames_removed
  File "/opt/airflow/dags/steam_pipeline_dag.py", line 13, in <module>
    from etl.bronze_extract import extract_app
  File "/opt/airflow/etl/bronze_extract.py", line 3, in <module>
    from tqdm import tqdm
ModuleNotFoundError: No module named 'tqdm'
[2025-08-17T05:27:36.291+0000] {processor.py:842} WARNING - No viable dags retrieved from /opt/airflow/dags/steam_pipeline_dag.py
[2025-08-17T05:27:36.310+0000] {processor.py:183} INFO - Processing /opt/airflow/dags/steam_pipeline_dag.py took 0.109 seconds
[2025-08-17T05:28:07.261+0000] {processor.py:161} INFO - Started process (PID=239) to work on /opt/airflow/dags/steam_pipeline_dag.py
[2025-08-17T05:28:07.262+0000] {processor.py:830} INFO - Processing file /opt/airflow/dags/steam_pipeline_dag.py for tasks to queue
[2025-08-17T05:28:07.265+0000] {logging_mixin.py:188} INFO - [2025-08-17T05:28:07.264+0000] {dagbag.py:545} INFO - Filling up the DagBag from /opt/airflow/dags/steam_pipeline_dag.py
[2025-08-17T05:28:07.331+0000] {logging_mixin.py:188} INFO - [2025-08-17T05:28:07.323+0000] {dagbag.py:355} ERROR - Failed to import: /opt/airflow/dags/steam_pipeline_dag.py
Traceback (most recent call last):
  File "/home/airflow/.local/lib/python3.12/site-packages/airflow/models/dagbag.py", line 351, in parse
    loader.exec_module(new_module)
  File "<frozen importlib._bootstrap_external>", line 995, in exec_module
  File "<frozen importlib._bootstrap>", line 488, in _call_with_frames_removed
  File "/opt/airflow/dags/steam_pipeline_dag.py", line 13, in <module>
    from etl.bronze_extract import extract_app
  File "/opt/airflow/etl/bronze_extract.py", line 3, in <module>
    from tqdm import tqdm
ModuleNotFoundError: No module named 'tqdm'
[2025-08-17T05:28:07.333+0000] {processor.py:842} WARNING - No viable dags retrieved from /opt/airflow/dags/steam_pipeline_dag.py
[2025-08-17T05:28:07.355+0000] {processor.py:183} INFO - Processing /opt/airflow/dags/steam_pipeline_dag.py took 0.101 seconds
[2025-08-17T05:28:37.846+0000] {processor.py:161} INFO - Started process (PID=240) to work on /opt/airflow/dags/steam_pipeline_dag.py
[2025-08-17T05:28:37.848+0000] {processor.py:830} INFO - Processing file /opt/airflow/dags/steam_pipeline_dag.py for tasks to queue
[2025-08-17T05:28:37.850+0000] {logging_mixin.py:188} INFO - [2025-08-17T05:28:37.850+0000] {dagbag.py:545} INFO - Filling up the DagBag from /opt/airflow/dags/steam_pipeline_dag.py
[2025-08-17T05:28:37.930+0000] {logging_mixin.py:188} INFO - [2025-08-17T05:28:37.913+0000] {dagbag.py:355} ERROR - Failed to import: /opt/airflow/dags/steam_pipeline_dag.py
Traceback (most recent call last):
  File "/home/airflow/.local/lib/python3.12/site-packages/airflow/models/dagbag.py", line 351, in parse
    loader.exec_module(new_module)
  File "<frozen importlib._bootstrap_external>", line 995, in exec_module
  File "<frozen importlib._bootstrap>", line 488, in _call_with_frames_removed
  File "/opt/airflow/dags/steam_pipeline_dag.py", line 13, in <module>
    from etl.bronze_extract import extract_app
  File "/opt/airflow/etl/bronze_extract.py", line 3, in <module>
    from tqdm import tqdm
ModuleNotFoundError: No module named 'tqdm'
[2025-08-17T05:28:37.934+0000] {processor.py:842} WARNING - No viable dags retrieved from /opt/airflow/dags/steam_pipeline_dag.py
[2025-08-17T05:28:37.953+0000] {processor.py:183} INFO - Processing /opt/airflow/dags/steam_pipeline_dag.py took 0.113 seconds
[2025-08-17T05:29:08.514+0000] {processor.py:161} INFO - Started process (PID=241) to work on /opt/airflow/dags/steam_pipeline_dag.py
[2025-08-17T05:29:08.515+0000] {processor.py:830} INFO - Processing file /opt/airflow/dags/steam_pipeline_dag.py for tasks to queue
[2025-08-17T05:29:08.518+0000] {logging_mixin.py:188} INFO - [2025-08-17T05:29:08.518+0000] {dagbag.py:545} INFO - Filling up the DagBag from /opt/airflow/dags/steam_pipeline_dag.py
[2025-08-17T05:29:08.605+0000] {logging_mixin.py:188} INFO - [2025-08-17T05:29:08.599+0000] {dagbag.py:355} ERROR - Failed to import: /opt/airflow/dags/steam_pipeline_dag.py
Traceback (most recent call last):
  File "/home/airflow/.local/lib/python3.12/site-packages/airflow/models/dagbag.py", line 351, in parse
    loader.exec_module(new_module)
  File "<frozen importlib._bootstrap_external>", line 995, in exec_module
  File "<frozen importlib._bootstrap>", line 488, in _call_with_frames_removed
  File "/opt/airflow/dags/steam_pipeline_dag.py", line 13, in <module>
    from etl.bronze_extract import extract_app
  File "/opt/airflow/etl/bronze_extract.py", line 3, in <module>
    from tqdm import tqdm
ModuleNotFoundError: No module named 'tqdm'
[2025-08-17T05:29:08.608+0000] {processor.py:842} WARNING - No viable dags retrieved from /opt/airflow/dags/steam_pipeline_dag.py
[2025-08-17T05:29:08.630+0000] {processor.py:183} INFO - Processing /opt/airflow/dags/steam_pipeline_dag.py took 0.123 seconds
[2025-08-17T05:29:38.887+0000] {processor.py:161} INFO - Started process (PID=242) to work on /opt/airflow/dags/steam_pipeline_dag.py
[2025-08-17T05:29:38.889+0000] {processor.py:830} INFO - Processing file /opt/airflow/dags/steam_pipeline_dag.py for tasks to queue
[2025-08-17T05:29:38.891+0000] {logging_mixin.py:188} INFO - [2025-08-17T05:29:38.891+0000] {dagbag.py:545} INFO - Filling up the DagBag from /opt/airflow/dags/steam_pipeline_dag.py
[2025-08-17T05:29:38.977+0000] {logging_mixin.py:188} INFO - [2025-08-17T05:29:38.963+0000] {dagbag.py:355} ERROR - Failed to import: /opt/airflow/dags/steam_pipeline_dag.py
Traceback (most recent call last):
  File "/home/airflow/.local/lib/python3.12/site-packages/airflow/models/dagbag.py", line 351, in parse
    loader.exec_module(new_module)
  File "<frozen importlib._bootstrap_external>", line 995, in exec_module
  File "<frozen importlib._bootstrap>", line 488, in _call_with_frames_removed
  File "/opt/airflow/dags/steam_pipeline_dag.py", line 13, in <module>
    from etl.bronze_extract import extract_app
  File "/opt/airflow/etl/bronze_extract.py", line 3, in <module>
    from tqdm import tqdm
ModuleNotFoundError: No module named 'tqdm'
[2025-08-17T05:29:38.981+0000] {processor.py:842} WARNING - No viable dags retrieved from /opt/airflow/dags/steam_pipeline_dag.py
[2025-08-17T05:29:39.004+0000] {processor.py:183} INFO - Processing /opt/airflow/dags/steam_pipeline_dag.py took 0.123 seconds
[2025-08-17T05:30:10.036+0000] {processor.py:161} INFO - Started process (PID=243) to work on /opt/airflow/dags/steam_pipeline_dag.py
[2025-08-17T05:30:10.037+0000] {processor.py:830} INFO - Processing file /opt/airflow/dags/steam_pipeline_dag.py for tasks to queue
[2025-08-17T05:30:10.039+0000] {logging_mixin.py:188} INFO - [2025-08-17T05:30:10.039+0000] {dagbag.py:545} INFO - Filling up the DagBag from /opt/airflow/dags/steam_pipeline_dag.py
[2025-08-17T05:30:10.112+0000] {logging_mixin.py:188} INFO - [2025-08-17T05:30:10.100+0000] {dagbag.py:355} ERROR - Failed to import: /opt/airflow/dags/steam_pipeline_dag.py
Traceback (most recent call last):
  File "/home/airflow/.local/lib/python3.12/site-packages/airflow/models/dagbag.py", line 351, in parse
    loader.exec_module(new_module)
  File "<frozen importlib._bootstrap_external>", line 995, in exec_module
  File "<frozen importlib._bootstrap>", line 488, in _call_with_frames_removed
  File "/opt/airflow/dags/steam_pipeline_dag.py", line 13, in <module>
    from etl.bronze_extract import extract_app
  File "/opt/airflow/etl/bronze_extract.py", line 3, in <module>
    from tqdm import tqdm
ModuleNotFoundError: No module named 'tqdm'
[2025-08-17T05:30:10.116+0000] {processor.py:842} WARNING - No viable dags retrieved from /opt/airflow/dags/steam_pipeline_dag.py
[2025-08-17T05:30:10.134+0000] {processor.py:183} INFO - Processing /opt/airflow/dags/steam_pipeline_dag.py took 0.104 seconds
[2025-08-17T05:30:41.049+0000] {processor.py:161} INFO - Started process (PID=244) to work on /opt/airflow/dags/steam_pipeline_dag.py
[2025-08-17T05:30:41.051+0000] {processor.py:830} INFO - Processing file /opt/airflow/dags/steam_pipeline_dag.py for tasks to queue
[2025-08-17T05:30:41.053+0000] {logging_mixin.py:188} INFO - [2025-08-17T05:30:41.052+0000] {dagbag.py:545} INFO - Filling up the DagBag from /opt/airflow/dags/steam_pipeline_dag.py
[2025-08-17T05:30:41.114+0000] {logging_mixin.py:188} INFO - [2025-08-17T05:30:41.106+0000] {dagbag.py:355} ERROR - Failed to import: /opt/airflow/dags/steam_pipeline_dag.py
Traceback (most recent call last):
  File "/home/airflow/.local/lib/python3.12/site-packages/airflow/models/dagbag.py", line 351, in parse
    loader.exec_module(new_module)
  File "<frozen importlib._bootstrap_external>", line 995, in exec_module
  File "<frozen importlib._bootstrap>", line 488, in _call_with_frames_removed
  File "/opt/airflow/dags/steam_pipeline_dag.py", line 13, in <module>
    from etl.bronze_extract import extract_app
  File "/opt/airflow/etl/bronze_extract.py", line 3, in <module>
    from tqdm import tqdm
ModuleNotFoundError: No module named 'tqdm'
[2025-08-17T05:30:41.116+0000] {processor.py:842} WARNING - No viable dags retrieved from /opt/airflow/dags/steam_pipeline_dag.py
[2025-08-17T05:30:41.133+0000] {processor.py:183} INFO - Processing /opt/airflow/dags/steam_pipeline_dag.py took 0.090 seconds
[2025-08-17T05:31:11.577+0000] {processor.py:161} INFO - Started process (PID=245) to work on /opt/airflow/dags/steam_pipeline_dag.py
[2025-08-17T05:31:11.579+0000] {processor.py:830} INFO - Processing file /opt/airflow/dags/steam_pipeline_dag.py for tasks to queue
[2025-08-17T05:31:11.582+0000] {logging_mixin.py:188} INFO - [2025-08-17T05:31:11.581+0000] {dagbag.py:545} INFO - Filling up the DagBag from /opt/airflow/dags/steam_pipeline_dag.py
[2025-08-17T05:31:11.677+0000] {logging_mixin.py:188} INFO - [2025-08-17T05:31:11.667+0000] {dagbag.py:355} ERROR - Failed to import: /opt/airflow/dags/steam_pipeline_dag.py
Traceback (most recent call last):
  File "/home/airflow/.local/lib/python3.12/site-packages/airflow/models/dagbag.py", line 351, in parse
    loader.exec_module(new_module)
  File "<frozen importlib._bootstrap_external>", line 995, in exec_module
  File "<frozen importlib._bootstrap>", line 488, in _call_with_frames_removed
  File "/opt/airflow/dags/steam_pipeline_dag.py", line 13, in <module>
    from etl.bronze_extract import extract_app
  File "/opt/airflow/etl/bronze_extract.py", line 3, in <module>
    from tqdm import tqdm
ModuleNotFoundError: No module named 'tqdm'
[2025-08-17T05:31:11.681+0000] {processor.py:842} WARNING - No viable dags retrieved from /opt/airflow/dags/steam_pipeline_dag.py
[2025-08-17T05:31:11.700+0000] {processor.py:183} INFO - Processing /opt/airflow/dags/steam_pipeline_dag.py took 0.131 seconds
[2025-08-17T05:31:42.651+0000] {processor.py:161} INFO - Started process (PID=246) to work on /opt/airflow/dags/steam_pipeline_dag.py
[2025-08-17T05:31:42.653+0000] {processor.py:830} INFO - Processing file /opt/airflow/dags/steam_pipeline_dag.py for tasks to queue
[2025-08-17T05:31:42.656+0000] {logging_mixin.py:188} INFO - [2025-08-17T05:31:42.655+0000] {dagbag.py:545} INFO - Filling up the DagBag from /opt/airflow/dags/steam_pipeline_dag.py
[2025-08-17T05:31:42.749+0000] {logging_mixin.py:188} INFO - [2025-08-17T05:31:42.735+0000] {dagbag.py:355} ERROR - Failed to import: /opt/airflow/dags/steam_pipeline_dag.py
Traceback (most recent call last):
  File "/home/airflow/.local/lib/python3.12/site-packages/airflow/models/dagbag.py", line 351, in parse
    loader.exec_module(new_module)
  File "<frozen importlib._bootstrap_external>", line 995, in exec_module
  File "<frozen importlib._bootstrap>", line 488, in _call_with_frames_removed
  File "/opt/airflow/dags/steam_pipeline_dag.py", line 13, in <module>
    from etl.bronze_extract import extract_app
  File "/opt/airflow/etl/bronze_extract.py", line 3, in <module>
    from tqdm import tqdm
ModuleNotFoundError: No module named 'tqdm'
[2025-08-17T05:31:42.754+0000] {processor.py:842} WARNING - No viable dags retrieved from /opt/airflow/dags/steam_pipeline_dag.py
[2025-08-17T05:31:42.774+0000] {processor.py:183} INFO - Processing /opt/airflow/dags/steam_pipeline_dag.py took 0.130 seconds
[2025-08-17T05:32:13.228+0000] {processor.py:161} INFO - Started process (PID=247) to work on /opt/airflow/dags/steam_pipeline_dag.py
[2025-08-17T05:32:13.230+0000] {processor.py:830} INFO - Processing file /opt/airflow/dags/steam_pipeline_dag.py for tasks to queue
[2025-08-17T05:32:13.233+0000] {logging_mixin.py:188} INFO - [2025-08-17T05:32:13.233+0000] {dagbag.py:545} INFO - Filling up the DagBag from /opt/airflow/dags/steam_pipeline_dag.py
[2025-08-17T05:32:13.359+0000] {logging_mixin.py:188} INFO - [2025-08-17T05:32:13.351+0000] {dagbag.py:355} ERROR - Failed to import: /opt/airflow/dags/steam_pipeline_dag.py
Traceback (most recent call last):
  File "/home/airflow/.local/lib/python3.12/site-packages/airflow/models/dagbag.py", line 351, in parse
    loader.exec_module(new_module)
  File "<frozen importlib._bootstrap_external>", line 995, in exec_module
  File "<frozen importlib._bootstrap>", line 488, in _call_with_frames_removed
  File "/opt/airflow/dags/steam_pipeline_dag.py", line 13, in <module>
    from etl.bronze_extract import extract_app
  File "/opt/airflow/etl/bronze_extract.py", line 3, in <module>
    from tqdm import tqdm
ModuleNotFoundError: No module named 'tqdm'
[2025-08-17T05:32:13.362+0000] {processor.py:842} WARNING - No viable dags retrieved from /opt/airflow/dags/steam_pipeline_dag.py
[2025-08-17T05:32:13.380+0000] {processor.py:183} INFO - Processing /opt/airflow/dags/steam_pipeline_dag.py took 0.161 seconds
[2025-08-17T05:32:44.277+0000] {processor.py:161} INFO - Started process (PID=248) to work on /opt/airflow/dags/steam_pipeline_dag.py
[2025-08-17T05:32:44.279+0000] {processor.py:830} INFO - Processing file /opt/airflow/dags/steam_pipeline_dag.py for tasks to queue
[2025-08-17T05:32:44.281+0000] {logging_mixin.py:188} INFO - [2025-08-17T05:32:44.280+0000] {dagbag.py:545} INFO - Filling up the DagBag from /opt/airflow/dags/steam_pipeline_dag.py
[2025-08-17T05:32:44.452+0000] {logging_mixin.py:188} INFO - [2025-08-17T05:32:44.443+0000] {dagbag.py:355} ERROR - Failed to import: /opt/airflow/dags/steam_pipeline_dag.py
Traceback (most recent call last):
  File "/home/airflow/.local/lib/python3.12/site-packages/airflow/models/dagbag.py", line 351, in parse
    loader.exec_module(new_module)
  File "<frozen importlib._bootstrap_external>", line 995, in exec_module
  File "<frozen importlib._bootstrap>", line 488, in _call_with_frames_removed
  File "/opt/airflow/dags/steam_pipeline_dag.py", line 13, in <module>
    from etl.bronze_extract import extract_app
  File "/opt/airflow/etl/bronze_extract.py", line 3, in <module>
    from tqdm import tqdm
ModuleNotFoundError: No module named 'tqdm'
[2025-08-17T05:32:44.456+0000] {processor.py:842} WARNING - No viable dags retrieved from /opt/airflow/dags/steam_pipeline_dag.py
[2025-08-17T05:32:44.474+0000] {processor.py:183} INFO - Processing /opt/airflow/dags/steam_pipeline_dag.py took 0.204 seconds
[2025-08-17T05:33:14.789+0000] {processor.py:161} INFO - Started process (PID=249) to work on /opt/airflow/dags/steam_pipeline_dag.py
[2025-08-17T05:33:14.790+0000] {processor.py:830} INFO - Processing file /opt/airflow/dags/steam_pipeline_dag.py for tasks to queue
[2025-08-17T05:33:14.792+0000] {logging_mixin.py:188} INFO - [2025-08-17T05:33:14.792+0000] {dagbag.py:545} INFO - Filling up the DagBag from /opt/airflow/dags/steam_pipeline_dag.py
[2025-08-17T05:33:14.860+0000] {logging_mixin.py:188} INFO - [2025-08-17T05:33:14.851+0000] {dagbag.py:355} ERROR - Failed to import: /opt/airflow/dags/steam_pipeline_dag.py
Traceback (most recent call last):
  File "/home/airflow/.local/lib/python3.12/site-packages/airflow/models/dagbag.py", line 351, in parse
    loader.exec_module(new_module)
  File "<frozen importlib._bootstrap_external>", line 995, in exec_module
  File "<frozen importlib._bootstrap>", line 488, in _call_with_frames_removed
  File "/opt/airflow/dags/steam_pipeline_dag.py", line 13, in <module>
    from etl.bronze_extract import extract_app
  File "/opt/airflow/etl/bronze_extract.py", line 3, in <module>
    from tqdm import tqdm
ModuleNotFoundError: No module named 'tqdm'
[2025-08-17T05:33:14.863+0000] {processor.py:842} WARNING - No viable dags retrieved from /opt/airflow/dags/steam_pipeline_dag.py
[2025-08-17T05:33:14.881+0000] {processor.py:183} INFO - Processing /opt/airflow/dags/steam_pipeline_dag.py took 0.099 seconds
[2025-08-17T05:33:45.171+0000] {processor.py:161} INFO - Started process (PID=250) to work on /opt/airflow/dags/steam_pipeline_dag.py
[2025-08-17T05:33:45.175+0000] {processor.py:830} INFO - Processing file /opt/airflow/dags/steam_pipeline_dag.py for tasks to queue
[2025-08-17T05:33:45.178+0000] {logging_mixin.py:188} INFO - [2025-08-17T05:33:45.177+0000] {dagbag.py:545} INFO - Filling up the DagBag from /opt/airflow/dags/steam_pipeline_dag.py
[2025-08-17T05:33:45.247+0000] {logging_mixin.py:188} INFO - [2025-08-17T05:33:45.238+0000] {dagbag.py:355} ERROR - Failed to import: /opt/airflow/dags/steam_pipeline_dag.py
Traceback (most recent call last):
  File "/home/airflow/.local/lib/python3.12/site-packages/airflow/models/dagbag.py", line 351, in parse
    loader.exec_module(new_module)
  File "<frozen importlib._bootstrap_external>", line 995, in exec_module
  File "<frozen importlib._bootstrap>", line 488, in _call_with_frames_removed
  File "/opt/airflow/dags/steam_pipeline_dag.py", line 13, in <module>
    from etl.bronze_extract import extract_app
  File "/opt/airflow/etl/bronze_extract.py", line 3, in <module>
    from tqdm import tqdm
ModuleNotFoundError: No module named 'tqdm'
[2025-08-17T05:33:45.249+0000] {processor.py:842} WARNING - No viable dags retrieved from /opt/airflow/dags/steam_pipeline_dag.py
[2025-08-17T05:33:45.268+0000] {processor.py:183} INFO - Processing /opt/airflow/dags/steam_pipeline_dag.py took 0.104 seconds
[2025-08-17T05:34:16.144+0000] {processor.py:161} INFO - Started process (PID=251) to work on /opt/airflow/dags/steam_pipeline_dag.py
[2025-08-17T05:34:16.145+0000] {processor.py:830} INFO - Processing file /opt/airflow/dags/steam_pipeline_dag.py for tasks to queue
[2025-08-17T05:34:16.149+0000] {logging_mixin.py:188} INFO - [2025-08-17T05:34:16.148+0000] {dagbag.py:545} INFO - Filling up the DagBag from /opt/airflow/dags/steam_pipeline_dag.py
[2025-08-17T05:34:16.203+0000] {logging_mixin.py:188} INFO - [2025-08-17T05:34:16.197+0000] {dagbag.py:355} ERROR - Failed to import: /opt/airflow/dags/steam_pipeline_dag.py
Traceback (most recent call last):
  File "/home/airflow/.local/lib/python3.12/site-packages/airflow/models/dagbag.py", line 351, in parse
    loader.exec_module(new_module)
  File "<frozen importlib._bootstrap_external>", line 995, in exec_module
  File "<frozen importlib._bootstrap>", line 488, in _call_with_frames_removed
  File "/opt/airflow/dags/steam_pipeline_dag.py", line 13, in <module>
    from etl.bronze_extract import extract_app
  File "/opt/airflow/etl/bronze_extract.py", line 3, in <module>
    from tqdm import tqdm
ModuleNotFoundError: No module named 'tqdm'
[2025-08-17T05:34:16.205+0000] {processor.py:842} WARNING - No viable dags retrieved from /opt/airflow/dags/steam_pipeline_dag.py
[2025-08-17T05:34:16.222+0000] {processor.py:183} INFO - Processing /opt/airflow/dags/steam_pipeline_dag.py took 0.084 seconds
[2025-08-17T05:34:46.624+0000] {processor.py:161} INFO - Started process (PID=252) to work on /opt/airflow/dags/steam_pipeline_dag.py
[2025-08-17T05:34:46.626+0000] {processor.py:830} INFO - Processing file /opt/airflow/dags/steam_pipeline_dag.py for tasks to queue
[2025-08-17T05:34:46.628+0000] {logging_mixin.py:188} INFO - [2025-08-17T05:34:46.627+0000] {dagbag.py:545} INFO - Filling up the DagBag from /opt/airflow/dags/steam_pipeline_dag.py
[2025-08-17T05:34:46.686+0000] {logging_mixin.py:188} INFO - [2025-08-17T05:34:46.679+0000] {dagbag.py:355} ERROR - Failed to import: /opt/airflow/dags/steam_pipeline_dag.py
Traceback (most recent call last):
  File "/home/airflow/.local/lib/python3.12/site-packages/airflow/models/dagbag.py", line 351, in parse
    loader.exec_module(new_module)
  File "<frozen importlib._bootstrap_external>", line 995, in exec_module
  File "<frozen importlib._bootstrap>", line 488, in _call_with_frames_removed
  File "/opt/airflow/dags/steam_pipeline_dag.py", line 13, in <module>
    from etl.bronze_extract import extract_app
  File "/opt/airflow/etl/bronze_extract.py", line 3, in <module>
    from tqdm import tqdm
ModuleNotFoundError: No module named 'tqdm'
[2025-08-17T05:34:46.689+0000] {processor.py:842} WARNING - No viable dags retrieved from /opt/airflow/dags/steam_pipeline_dag.py
[2025-08-17T05:34:46.705+0000] {processor.py:183} INFO - Processing /opt/airflow/dags/steam_pipeline_dag.py took 0.088 seconds
[2025-08-17T05:35:17.580+0000] {processor.py:161} INFO - Started process (PID=253) to work on /opt/airflow/dags/steam_pipeline_dag.py
[2025-08-17T05:35:17.581+0000] {processor.py:830} INFO - Processing file /opt/airflow/dags/steam_pipeline_dag.py for tasks to queue
[2025-08-17T05:35:17.583+0000] {logging_mixin.py:188} INFO - [2025-08-17T05:35:17.583+0000] {dagbag.py:545} INFO - Filling up the DagBag from /opt/airflow/dags/steam_pipeline_dag.py
[2025-08-17T05:35:17.644+0000] {logging_mixin.py:188} INFO - [2025-08-17T05:35:17.636+0000] {dagbag.py:355} ERROR - Failed to import: /opt/airflow/dags/steam_pipeline_dag.py
Traceback (most recent call last):
  File "/home/airflow/.local/lib/python3.12/site-packages/airflow/models/dagbag.py", line 351, in parse
    loader.exec_module(new_module)
  File "<frozen importlib._bootstrap_external>", line 995, in exec_module
  File "<frozen importlib._bootstrap>", line 488, in _call_with_frames_removed
  File "/opt/airflow/dags/steam_pipeline_dag.py", line 13, in <module>
    from etl.bronze_extract import extract_app
  File "/opt/airflow/etl/bronze_extract.py", line 3, in <module>
    from tqdm import tqdm
ModuleNotFoundError: No module named 'tqdm'
[2025-08-17T05:35:17.647+0000] {processor.py:842} WARNING - No viable dags retrieved from /opt/airflow/dags/steam_pipeline_dag.py
[2025-08-17T05:35:17.664+0000] {processor.py:183} INFO - Processing /opt/airflow/dags/steam_pipeline_dag.py took 0.090 seconds
[2025-08-17T05:35:48.529+0000] {processor.py:161} INFO - Started process (PID=254) to work on /opt/airflow/dags/steam_pipeline_dag.py
[2025-08-17T05:35:48.530+0000] {processor.py:830} INFO - Processing file /opt/airflow/dags/steam_pipeline_dag.py for tasks to queue
[2025-08-17T05:35:48.534+0000] {logging_mixin.py:188} INFO - [2025-08-17T05:35:48.533+0000] {dagbag.py:545} INFO - Filling up the DagBag from /opt/airflow/dags/steam_pipeline_dag.py
[2025-08-17T05:35:48.609+0000] {logging_mixin.py:188} INFO - [2025-08-17T05:35:48.601+0000] {dagbag.py:355} ERROR - Failed to import: /opt/airflow/dags/steam_pipeline_dag.py
Traceback (most recent call last):
  File "/home/airflow/.local/lib/python3.12/site-packages/airflow/models/dagbag.py", line 351, in parse
    loader.exec_module(new_module)
  File "<frozen importlib._bootstrap_external>", line 995, in exec_module
  File "<frozen importlib._bootstrap>", line 488, in _call_with_frames_removed
  File "/opt/airflow/dags/steam_pipeline_dag.py", line 13, in <module>
    from etl.bronze_extract import extract_app
  File "/opt/airflow/etl/bronze_extract.py", line 3, in <module>
    from tqdm import tqdm
ModuleNotFoundError: No module named 'tqdm'
[2025-08-17T05:35:48.613+0000] {processor.py:842} WARNING - No viable dags retrieved from /opt/airflow/dags/steam_pipeline_dag.py
[2025-08-17T05:35:48.634+0000] {processor.py:183} INFO - Processing /opt/airflow/dags/steam_pipeline_dag.py took 0.113 seconds
[2025-08-17T05:36:19.061+0000] {processor.py:161} INFO - Started process (PID=255) to work on /opt/airflow/dags/steam_pipeline_dag.py
[2025-08-17T05:36:19.062+0000] {processor.py:830} INFO - Processing file /opt/airflow/dags/steam_pipeline_dag.py for tasks to queue
[2025-08-17T05:36:19.064+0000] {logging_mixin.py:188} INFO - [2025-08-17T05:36:19.064+0000] {dagbag.py:545} INFO - Filling up the DagBag from /opt/airflow/dags/steam_pipeline_dag.py
[2025-08-17T05:36:19.137+0000] {logging_mixin.py:188} INFO - [2025-08-17T05:36:19.128+0000] {dagbag.py:355} ERROR - Failed to import: /opt/airflow/dags/steam_pipeline_dag.py
Traceback (most recent call last):
  File "/home/airflow/.local/lib/python3.12/site-packages/airflow/models/dagbag.py", line 351, in parse
    loader.exec_module(new_module)
  File "<frozen importlib._bootstrap_external>", line 995, in exec_module
  File "<frozen importlib._bootstrap>", line 488, in _call_with_frames_removed
  File "/opt/airflow/dags/steam_pipeline_dag.py", line 13, in <module>
    from etl.bronze_extract import extract_app
  File "/opt/airflow/etl/bronze_extract.py", line 3, in <module>
    from tqdm import tqdm
ModuleNotFoundError: No module named 'tqdm'
[2025-08-17T05:36:19.140+0000] {processor.py:842} WARNING - No viable dags retrieved from /opt/airflow/dags/steam_pipeline_dag.py
[2025-08-17T05:36:19.154+0000] {processor.py:183} INFO - Processing /opt/airflow/dags/steam_pipeline_dag.py took 0.099 seconds
[2025-08-17T05:36:50.374+0000] {processor.py:161} INFO - Started process (PID=256) to work on /opt/airflow/dags/steam_pipeline_dag.py
[2025-08-17T05:36:50.375+0000] {processor.py:830} INFO - Processing file /opt/airflow/dags/steam_pipeline_dag.py for tasks to queue
[2025-08-17T05:36:50.377+0000] {logging_mixin.py:188} INFO - [2025-08-17T05:36:50.376+0000] {dagbag.py:545} INFO - Filling up the DagBag from /opt/airflow/dags/steam_pipeline_dag.py
[2025-08-17T05:36:50.429+0000] {logging_mixin.py:188} INFO - [2025-08-17T05:36:50.423+0000] {dagbag.py:355} ERROR - Failed to import: /opt/airflow/dags/steam_pipeline_dag.py
Traceback (most recent call last):
  File "/home/airflow/.local/lib/python3.12/site-packages/airflow/models/dagbag.py", line 351, in parse
    loader.exec_module(new_module)
  File "<frozen importlib._bootstrap_external>", line 995, in exec_module
  File "<frozen importlib._bootstrap>", line 488, in _call_with_frames_removed
  File "/opt/airflow/dags/steam_pipeline_dag.py", line 13, in <module>
    from etl.bronze_extract import extract_app
  File "/opt/airflow/etl/bronze_extract.py", line 3, in <module>
    from tqdm import tqdm
ModuleNotFoundError: No module named 'tqdm'
[2025-08-17T05:36:50.460+0000] {processor.py:842} WARNING - No viable dags retrieved from /opt/airflow/dags/steam_pipeline_dag.py
[2025-08-17T05:36:50.479+0000] {processor.py:183} INFO - Processing /opt/airflow/dags/steam_pipeline_dag.py took 0.111 seconds
[2025-08-17T05:37:21.412+0000] {processor.py:161} INFO - Started process (PID=257) to work on /opt/airflow/dags/steam_pipeline_dag.py
[2025-08-17T05:37:21.413+0000] {processor.py:830} INFO - Processing file /opt/airflow/dags/steam_pipeline_dag.py for tasks to queue
[2025-08-17T05:37:21.416+0000] {logging_mixin.py:188} INFO - [2025-08-17T05:37:21.415+0000] {dagbag.py:545} INFO - Filling up the DagBag from /opt/airflow/dags/steam_pipeline_dag.py
[2025-08-17T05:37:21.597+0000] {logging_mixin.py:188} INFO - [2025-08-17T05:37:21.580+0000] {dagbag.py:355} ERROR - Failed to import: /opt/airflow/dags/steam_pipeline_dag.py
Traceback (most recent call last):
  File "/home/airflow/.local/lib/python3.12/site-packages/airflow/models/dagbag.py", line 351, in parse
    loader.exec_module(new_module)
  File "<frozen importlib._bootstrap_external>", line 995, in exec_module
  File "<frozen importlib._bootstrap>", line 488, in _call_with_frames_removed
  File "/opt/airflow/dags/steam_pipeline_dag.py", line 13, in <module>
    from etl.bronze_extract import extract_app
  File "/opt/airflow/etl/bronze_extract.py", line 3, in <module>
    from tqdm import tqdm
ModuleNotFoundError: No module named 'tqdm'
[2025-08-17T05:37:21.603+0000] {processor.py:842} WARNING - No viable dags retrieved from /opt/airflow/dags/steam_pipeline_dag.py
[2025-08-17T05:37:21.624+0000] {processor.py:183} INFO - Processing /opt/airflow/dags/steam_pipeline_dag.py took 0.219 seconds
[2025-08-17T05:37:52.785+0000] {processor.py:161} INFO - Started process (PID=258) to work on /opt/airflow/dags/steam_pipeline_dag.py
[2025-08-17T05:37:52.786+0000] {processor.py:830} INFO - Processing file /opt/airflow/dags/steam_pipeline_dag.py for tasks to queue
[2025-08-17T05:37:52.789+0000] {logging_mixin.py:188} INFO - [2025-08-17T05:37:52.788+0000] {dagbag.py:545} INFO - Filling up the DagBag from /opt/airflow/dags/steam_pipeline_dag.py
[2025-08-17T05:37:52.840+0000] {logging_mixin.py:188} INFO - [2025-08-17T05:37:52.834+0000] {dagbag.py:355} ERROR - Failed to import: /opt/airflow/dags/steam_pipeline_dag.py
Traceback (most recent call last):
  File "/home/airflow/.local/lib/python3.12/site-packages/airflow/models/dagbag.py", line 351, in parse
    loader.exec_module(new_module)
  File "<frozen importlib._bootstrap_external>", line 995, in exec_module
  File "<frozen importlib._bootstrap>", line 488, in _call_with_frames_removed
  File "/opt/airflow/dags/steam_pipeline_dag.py", line 13, in <module>
    from etl.bronze_extract import extract_app
  File "/opt/airflow/etl/bronze_extract.py", line 3, in <module>
    from tqdm import tqdm
ModuleNotFoundError: No module named 'tqdm'
[2025-08-17T05:37:52.842+0000] {processor.py:842} WARNING - No viable dags retrieved from /opt/airflow/dags/steam_pipeline_dag.py
[2025-08-17T05:37:52.858+0000] {processor.py:183} INFO - Processing /opt/airflow/dags/steam_pipeline_dag.py took 0.079 seconds
[2025-08-17T05:38:23.694+0000] {processor.py:161} INFO - Started process (PID=259) to work on /opt/airflow/dags/steam_pipeline_dag.py
[2025-08-17T05:38:23.696+0000] {processor.py:830} INFO - Processing file /opt/airflow/dags/steam_pipeline_dag.py for tasks to queue
[2025-08-17T05:38:23.698+0000] {logging_mixin.py:188} INFO - [2025-08-17T05:38:23.698+0000] {dagbag.py:545} INFO - Filling up the DagBag from /opt/airflow/dags/steam_pipeline_dag.py
[2025-08-17T05:38:23.753+0000] {logging_mixin.py:188} INFO - [2025-08-17T05:38:23.747+0000] {dagbag.py:355} ERROR - Failed to import: /opt/airflow/dags/steam_pipeline_dag.py
Traceback (most recent call last):
  File "/home/airflow/.local/lib/python3.12/site-packages/airflow/models/dagbag.py", line 351, in parse
    loader.exec_module(new_module)
  File "<frozen importlib._bootstrap_external>", line 995, in exec_module
  File "<frozen importlib._bootstrap>", line 488, in _call_with_frames_removed
  File "/opt/airflow/dags/steam_pipeline_dag.py", line 13, in <module>
    from etl.bronze_extract import extract_app
  File "/opt/airflow/etl/bronze_extract.py", line 3, in <module>
    from tqdm import tqdm
ModuleNotFoundError: No module named 'tqdm'
[2025-08-17T05:38:23.755+0000] {processor.py:842} WARNING - No viable dags retrieved from /opt/airflow/dags/steam_pipeline_dag.py
[2025-08-17T05:38:23.769+0000] {processor.py:183} INFO - Processing /opt/airflow/dags/steam_pipeline_dag.py took 0.080 seconds
[2025-08-17T05:38:54.816+0000] {processor.py:161} INFO - Started process (PID=260) to work on /opt/airflow/dags/steam_pipeline_dag.py
[2025-08-17T05:38:54.818+0000] {processor.py:830} INFO - Processing file /opt/airflow/dags/steam_pipeline_dag.py for tasks to queue
[2025-08-17T05:38:54.820+0000] {logging_mixin.py:188} INFO - [2025-08-17T05:38:54.819+0000] {dagbag.py:545} INFO - Filling up the DagBag from /opt/airflow/dags/steam_pipeline_dag.py
[2025-08-17T05:38:54.935+0000] {logging_mixin.py:188} INFO - [2025-08-17T05:38:54.927+0000] {dagbag.py:355} ERROR - Failed to import: /opt/airflow/dags/steam_pipeline_dag.py
Traceback (most recent call last):
  File "/home/airflow/.local/lib/python3.12/site-packages/airflow/models/dagbag.py", line 351, in parse
    loader.exec_module(new_module)
  File "<frozen importlib._bootstrap_external>", line 995, in exec_module
  File "<frozen importlib._bootstrap>", line 488, in _call_with_frames_removed
  File "/opt/airflow/dags/steam_pipeline_dag.py", line 13, in <module>
    from etl.bronze_extract import extract_app
  File "/opt/airflow/etl/bronze_extract.py", line 3, in <module>
    from tqdm import tqdm
ModuleNotFoundError: No module named 'tqdm'
[2025-08-17T05:38:54.938+0000] {processor.py:842} WARNING - No viable dags retrieved from /opt/airflow/dags/steam_pipeline_dag.py
[2025-08-17T05:38:54.955+0000] {processor.py:183} INFO - Processing /opt/airflow/dags/steam_pipeline_dag.py took 0.145 seconds
[2025-08-17T05:39:25.414+0000] {processor.py:161} INFO - Started process (PID=261) to work on /opt/airflow/dags/steam_pipeline_dag.py
[2025-08-17T05:39:25.415+0000] {processor.py:830} INFO - Processing file /opt/airflow/dags/steam_pipeline_dag.py for tasks to queue
[2025-08-17T05:39:25.418+0000] {logging_mixin.py:188} INFO - [2025-08-17T05:39:25.417+0000] {dagbag.py:545} INFO - Filling up the DagBag from /opt/airflow/dags/steam_pipeline_dag.py
[2025-08-17T05:39:25.488+0000] {logging_mixin.py:188} INFO - [2025-08-17T05:39:25.479+0000] {dagbag.py:355} ERROR - Failed to import: /opt/airflow/dags/steam_pipeline_dag.py
Traceback (most recent call last):
  File "/home/airflow/.local/lib/python3.12/site-packages/airflow/models/dagbag.py", line 351, in parse
    loader.exec_module(new_module)
  File "<frozen importlib._bootstrap_external>", line 995, in exec_module
  File "<frozen importlib._bootstrap>", line 488, in _call_with_frames_removed
  File "/opt/airflow/dags/steam_pipeline_dag.py", line 13, in <module>
    from etl.bronze_extract import extract_app
  File "/opt/airflow/etl/bronze_extract.py", line 3, in <module>
    from tqdm import tqdm
ModuleNotFoundError: No module named 'tqdm'
[2025-08-17T05:39:25.492+0000] {processor.py:842} WARNING - No viable dags retrieved from /opt/airflow/dags/steam_pipeline_dag.py
[2025-08-17T05:39:25.510+0000] {processor.py:183} INFO - Processing /opt/airflow/dags/steam_pipeline_dag.py took 0.102 seconds
[2025-08-17T05:39:56.768+0000] {processor.py:161} INFO - Started process (PID=262) to work on /opt/airflow/dags/steam_pipeline_dag.py
[2025-08-17T05:39:56.770+0000] {processor.py:830} INFO - Processing file /opt/airflow/dags/steam_pipeline_dag.py for tasks to queue
[2025-08-17T05:39:56.772+0000] {logging_mixin.py:188} INFO - [2025-08-17T05:39:56.772+0000] {dagbag.py:545} INFO - Filling up the DagBag from /opt/airflow/dags/steam_pipeline_dag.py
[2025-08-17T05:39:56.838+0000] {logging_mixin.py:188} INFO - [2025-08-17T05:39:56.830+0000] {dagbag.py:355} ERROR - Failed to import: /opt/airflow/dags/steam_pipeline_dag.py
Traceback (most recent call last):
  File "/home/airflow/.local/lib/python3.12/site-packages/airflow/models/dagbag.py", line 351, in parse
    loader.exec_module(new_module)
  File "<frozen importlib._bootstrap_external>", line 995, in exec_module
  File "<frozen importlib._bootstrap>", line 488, in _call_with_frames_removed
  File "/opt/airflow/dags/steam_pipeline_dag.py", line 13, in <module>
    from etl.bronze_extract import extract_app
  File "/opt/airflow/etl/bronze_extract.py", line 3, in <module>
    from tqdm import tqdm
ModuleNotFoundError: No module named 'tqdm'
[2025-08-17T05:39:56.841+0000] {processor.py:842} WARNING - No viable dags retrieved from /opt/airflow/dags/steam_pipeline_dag.py
[2025-08-17T05:39:56.859+0000] {processor.py:183} INFO - Processing /opt/airflow/dags/steam_pipeline_dag.py took 0.098 seconds
[2025-08-17T05:40:27.369+0000] {processor.py:161} INFO - Started process (PID=263) to work on /opt/airflow/dags/steam_pipeline_dag.py
[2025-08-17T05:40:27.371+0000] {processor.py:830} INFO - Processing file /opt/airflow/dags/steam_pipeline_dag.py for tasks to queue
[2025-08-17T05:40:27.374+0000] {logging_mixin.py:188} INFO - [2025-08-17T05:40:27.373+0000] {dagbag.py:545} INFO - Filling up the DagBag from /opt/airflow/dags/steam_pipeline_dag.py
[2025-08-17T05:40:27.455+0000] {logging_mixin.py:188} INFO - [2025-08-17T05:40:27.445+0000] {dagbag.py:355} ERROR - Failed to import: /opt/airflow/dags/steam_pipeline_dag.py
Traceback (most recent call last):
  File "/home/airflow/.local/lib/python3.12/site-packages/airflow/models/dagbag.py", line 351, in parse
    loader.exec_module(new_module)
  File "<frozen importlib._bootstrap_external>", line 995, in exec_module
  File "<frozen importlib._bootstrap>", line 488, in _call_with_frames_removed
  File "/opt/airflow/dags/steam_pipeline_dag.py", line 13, in <module>
    from etl.bronze_extract import extract_app
  File "/opt/airflow/etl/bronze_extract.py", line 3, in <module>
    from tqdm import tqdm
ModuleNotFoundError: No module named 'tqdm'
[2025-08-17T05:40:27.459+0000] {processor.py:842} WARNING - No viable dags retrieved from /opt/airflow/dags/steam_pipeline_dag.py
[2025-08-17T05:40:27.478+0000] {processor.py:183} INFO - Processing /opt/airflow/dags/steam_pipeline_dag.py took 0.119 seconds
[2025-08-17T05:40:58.120+0000] {processor.py:161} INFO - Started process (PID=264) to work on /opt/airflow/dags/steam_pipeline_dag.py
[2025-08-17T05:40:58.121+0000] {processor.py:830} INFO - Processing file /opt/airflow/dags/steam_pipeline_dag.py for tasks to queue
[2025-08-17T05:40:58.124+0000] {logging_mixin.py:188} INFO - [2025-08-17T05:40:58.123+0000] {dagbag.py:545} INFO - Filling up the DagBag from /opt/airflow/dags/steam_pipeline_dag.py
[2025-08-17T05:40:58.184+0000] {logging_mixin.py:188} INFO - [2025-08-17T05:40:58.175+0000] {dagbag.py:355} ERROR - Failed to import: /opt/airflow/dags/steam_pipeline_dag.py
Traceback (most recent call last):
  File "/home/airflow/.local/lib/python3.12/site-packages/airflow/models/dagbag.py", line 351, in parse
    loader.exec_module(new_module)
  File "<frozen importlib._bootstrap_external>", line 995, in exec_module
  File "<frozen importlib._bootstrap>", line 488, in _call_with_frames_removed
  File "/opt/airflow/dags/steam_pipeline_dag.py", line 13, in <module>
    from etl.bronze_extract import extract_app
  File "/opt/airflow/etl/bronze_extract.py", line 3, in <module>
    from tqdm import tqdm
ModuleNotFoundError: No module named 'tqdm'
[2025-08-17T05:40:58.187+0000] {processor.py:842} WARNING - No viable dags retrieved from /opt/airflow/dags/steam_pipeline_dag.py
[2025-08-17T05:40:58.204+0000] {processor.py:183} INFO - Processing /opt/airflow/dags/steam_pipeline_dag.py took 0.090 seconds
[2025-08-17T05:41:29.428+0000] {processor.py:161} INFO - Started process (PID=265) to work on /opt/airflow/dags/steam_pipeline_dag.py
[2025-08-17T05:41:29.429+0000] {processor.py:830} INFO - Processing file /opt/airflow/dags/steam_pipeline_dag.py for tasks to queue
[2025-08-17T05:41:29.432+0000] {logging_mixin.py:188} INFO - [2025-08-17T05:41:29.431+0000] {dagbag.py:545} INFO - Filling up the DagBag from /opt/airflow/dags/steam_pipeline_dag.py
[2025-08-17T05:41:29.502+0000] {logging_mixin.py:188} INFO - [2025-08-17T05:41:29.495+0000] {dagbag.py:355} ERROR - Failed to import: /opt/airflow/dags/steam_pipeline_dag.py
Traceback (most recent call last):
  File "/home/airflow/.local/lib/python3.12/site-packages/airflow/models/dagbag.py", line 351, in parse
    loader.exec_module(new_module)
  File "<frozen importlib._bootstrap_external>", line 995, in exec_module
  File "<frozen importlib._bootstrap>", line 488, in _call_with_frames_removed
  File "/opt/airflow/dags/steam_pipeline_dag.py", line 13, in <module>
    from etl.bronze_extract import extract_app
  File "/opt/airflow/etl/bronze_extract.py", line 3, in <module>
    from tqdm import tqdm
ModuleNotFoundError: No module named 'tqdm'
[2025-08-17T05:41:29.506+0000] {processor.py:842} WARNING - No viable dags retrieved from /opt/airflow/dags/steam_pipeline_dag.py
[2025-08-17T05:41:29.531+0000] {processor.py:183} INFO - Processing /opt/airflow/dags/steam_pipeline_dag.py took 0.109 seconds
[2025-08-17T05:42:00.322+0000] {processor.py:161} INFO - Started process (PID=266) to work on /opt/airflow/dags/steam_pipeline_dag.py
[2025-08-17T05:42:00.323+0000] {processor.py:830} INFO - Processing file /opt/airflow/dags/steam_pipeline_dag.py for tasks to queue
[2025-08-17T05:42:00.326+0000] {logging_mixin.py:188} INFO - [2025-08-17T05:42:00.325+0000] {dagbag.py:545} INFO - Filling up the DagBag from /opt/airflow/dags/steam_pipeline_dag.py
[2025-08-17T05:42:00.396+0000] {logging_mixin.py:188} INFO - [2025-08-17T05:42:00.388+0000] {dagbag.py:355} ERROR - Failed to import: /opt/airflow/dags/steam_pipeline_dag.py
Traceback (most recent call last):
  File "/home/airflow/.local/lib/python3.12/site-packages/airflow/models/dagbag.py", line 351, in parse
    loader.exec_module(new_module)
  File "<frozen importlib._bootstrap_external>", line 995, in exec_module
  File "<frozen importlib._bootstrap>", line 488, in _call_with_frames_removed
  File "/opt/airflow/dags/steam_pipeline_dag.py", line 13, in <module>
    from etl.bronze_extract import extract_app
  File "/opt/airflow/etl/bronze_extract.py", line 3, in <module>
    from tqdm import tqdm
ModuleNotFoundError: No module named 'tqdm'
[2025-08-17T05:42:00.400+0000] {processor.py:842} WARNING - No viable dags retrieved from /opt/airflow/dags/steam_pipeline_dag.py
[2025-08-17T05:42:00.420+0000] {processor.py:183} INFO - Processing /opt/airflow/dags/steam_pipeline_dag.py took 0.105 seconds
[2025-08-17T05:42:31.433+0000] {processor.py:161} INFO - Started process (PID=267) to work on /opt/airflow/dags/steam_pipeline_dag.py
[2025-08-17T05:42:31.434+0000] {processor.py:830} INFO - Processing file /opt/airflow/dags/steam_pipeline_dag.py for tasks to queue
[2025-08-17T05:42:31.440+0000] {logging_mixin.py:188} INFO - [2025-08-17T05:42:31.439+0000] {dagbag.py:545} INFO - Filling up the DagBag from /opt/airflow/dags/steam_pipeline_dag.py
[2025-08-17T05:42:31.522+0000] {logging_mixin.py:188} INFO - [2025-08-17T05:42:31.513+0000] {dagbag.py:355} ERROR - Failed to import: /opt/airflow/dags/steam_pipeline_dag.py
Traceback (most recent call last):
  File "/home/airflow/.local/lib/python3.12/site-packages/airflow/models/dagbag.py", line 351, in parse
    loader.exec_module(new_module)
  File "<frozen importlib._bootstrap_external>", line 995, in exec_module
  File "<frozen importlib._bootstrap>", line 488, in _call_with_frames_removed
  File "/opt/airflow/dags/steam_pipeline_dag.py", line 13, in <module>
    from etl.bronze_extract import extract_app
  File "/opt/airflow/etl/bronze_extract.py", line 3, in <module>
    from tqdm import tqdm
ModuleNotFoundError: No module named 'tqdm'
[2025-08-17T05:42:31.525+0000] {processor.py:842} WARNING - No viable dags retrieved from /opt/airflow/dags/steam_pipeline_dag.py
[2025-08-17T05:42:31.549+0000] {processor.py:183} INFO - Processing /opt/airflow/dags/steam_pipeline_dag.py took 0.127 seconds
[2025-08-17T05:43:01.941+0000] {processor.py:161} INFO - Started process (PID=268) to work on /opt/airflow/dags/steam_pipeline_dag.py
[2025-08-17T05:43:01.942+0000] {processor.py:830} INFO - Processing file /opt/airflow/dags/steam_pipeline_dag.py for tasks to queue
[2025-08-17T05:43:01.944+0000] {logging_mixin.py:188} INFO - [2025-08-17T05:43:01.944+0000] {dagbag.py:545} INFO - Filling up the DagBag from /opt/airflow/dags/steam_pipeline_dag.py
[2025-08-17T05:43:02.011+0000] {logging_mixin.py:188} INFO - [2025-08-17T05:43:01.999+0000] {dagbag.py:355} ERROR - Failed to import: /opt/airflow/dags/steam_pipeline_dag.py
Traceback (most recent call last):
  File "/home/airflow/.local/lib/python3.12/site-packages/airflow/models/dagbag.py", line 351, in parse
    loader.exec_module(new_module)
  File "<frozen importlib._bootstrap_external>", line 995, in exec_module
  File "<frozen importlib._bootstrap>", line 488, in _call_with_frames_removed
  File "/opt/airflow/dags/steam_pipeline_dag.py", line 13, in <module>
    from etl.bronze_extract import extract_app
  File "/opt/airflow/etl/bronze_extract.py", line 3, in <module>
    from tqdm import tqdm
ModuleNotFoundError: No module named 'tqdm'
[2025-08-17T05:43:02.014+0000] {processor.py:842} WARNING - No viable dags retrieved from /opt/airflow/dags/steam_pipeline_dag.py
[2025-08-17T05:43:02.033+0000] {processor.py:183} INFO - Processing /opt/airflow/dags/steam_pipeline_dag.py took 0.096 seconds
[2025-08-17T05:43:32.658+0000] {processor.py:161} INFO - Started process (PID=269) to work on /opt/airflow/dags/steam_pipeline_dag.py
[2025-08-17T05:43:32.659+0000] {processor.py:830} INFO - Processing file /opt/airflow/dags/steam_pipeline_dag.py for tasks to queue
[2025-08-17T05:43:32.662+0000] {logging_mixin.py:188} INFO - [2025-08-17T05:43:32.661+0000] {dagbag.py:545} INFO - Filling up the DagBag from /opt/airflow/dags/steam_pipeline_dag.py
[2025-08-17T05:43:32.711+0000] {logging_mixin.py:188} INFO - [2025-08-17T05:43:32.706+0000] {dagbag.py:355} ERROR - Failed to import: /opt/airflow/dags/steam_pipeline_dag.py
Traceback (most recent call last):
  File "/home/airflow/.local/lib/python3.12/site-packages/airflow/models/dagbag.py", line 351, in parse
    loader.exec_module(new_module)
  File "<frozen importlib._bootstrap_external>", line 995, in exec_module
  File "<frozen importlib._bootstrap>", line 488, in _call_with_frames_removed
  File "/opt/airflow/dags/steam_pipeline_dag.py", line 13, in <module>
    from etl.bronze_extract import extract_app
  File "/opt/airflow/etl/bronze_extract.py", line 3, in <module>
    from tqdm import tqdm
ModuleNotFoundError: No module named 'tqdm'
[2025-08-17T05:43:32.714+0000] {processor.py:842} WARNING - No viable dags retrieved from /opt/airflow/dags/steam_pipeline_dag.py
[2025-08-17T05:43:32.732+0000] {processor.py:183} INFO - Processing /opt/airflow/dags/steam_pipeline_dag.py took 0.079 seconds
[2025-08-17T05:44:03.642+0000] {processor.py:161} INFO - Started process (PID=270) to work on /opt/airflow/dags/steam_pipeline_dag.py
[2025-08-17T05:44:03.644+0000] {processor.py:830} INFO - Processing file /opt/airflow/dags/steam_pipeline_dag.py for tasks to queue
[2025-08-17T05:44:03.647+0000] {logging_mixin.py:188} INFO - [2025-08-17T05:44:03.646+0000] {dagbag.py:545} INFO - Filling up the DagBag from /opt/airflow/dags/steam_pipeline_dag.py
[2025-08-17T05:44:03.708+0000] {logging_mixin.py:188} INFO - [2025-08-17T05:44:03.700+0000] {dagbag.py:355} ERROR - Failed to import: /opt/airflow/dags/steam_pipeline_dag.py
Traceback (most recent call last):
  File "/home/airflow/.local/lib/python3.12/site-packages/airflow/models/dagbag.py", line 351, in parse
    loader.exec_module(new_module)
  File "<frozen importlib._bootstrap_external>", line 995, in exec_module
  File "<frozen importlib._bootstrap>", line 488, in _call_with_frames_removed
  File "/opt/airflow/dags/steam_pipeline_dag.py", line 13, in <module>
    from etl.bronze_extract import extract_app
  File "/opt/airflow/etl/bronze_extract.py", line 3, in <module>
    from tqdm import tqdm
ModuleNotFoundError: No module named 'tqdm'
[2025-08-17T05:44:03.712+0000] {processor.py:842} WARNING - No viable dags retrieved from /opt/airflow/dags/steam_pipeline_dag.py
[2025-08-17T05:44:03.738+0000] {processor.py:183} INFO - Processing /opt/airflow/dags/steam_pipeline_dag.py took 0.104 seconds
[2025-08-17T05:44:34.734+0000] {processor.py:161} INFO - Started process (PID=271) to work on /opt/airflow/dags/steam_pipeline_dag.py
[2025-08-17T05:44:34.735+0000] {processor.py:830} INFO - Processing file /opt/airflow/dags/steam_pipeline_dag.py for tasks to queue
[2025-08-17T05:44:34.737+0000] {logging_mixin.py:188} INFO - [2025-08-17T05:44:34.736+0000] {dagbag.py:545} INFO - Filling up the DagBag from /opt/airflow/dags/steam_pipeline_dag.py
[2025-08-17T05:44:34.761+0000] {logging_mixin.py:188} INFO - [2025-08-17T05:44:34.758+0000] {dagbag.py:355} ERROR - Failed to import: /opt/airflow/dags/steam_pipeline_dag.py
Traceback (most recent call last):
  File "/home/airflow/.local/lib/python3.12/site-packages/airflow/models/dagbag.py", line 351, in parse
    loader.exec_module(new_module)
  File "<frozen importlib._bootstrap_external>", line 995, in exec_module
  File "<frozen importlib._bootstrap>", line 488, in _call_with_frames_removed
  File "/opt/airflow/dags/steam_pipeline_dag.py", line 13, in <module>
    from etl.bronze_extract import extract_app
  File "/opt/airflow/etl/bronze_extract.py", line 3, in <module>
    from tqdm import tqdm
ModuleNotFoundError: No module named 'tqdm'
[2025-08-17T05:44:34.762+0000] {processor.py:842} WARNING - No viable dags retrieved from /opt/airflow/dags/steam_pipeline_dag.py
[2025-08-17T05:44:34.773+0000] {processor.py:183} INFO - Processing /opt/airflow/dags/steam_pipeline_dag.py took 0.043 seconds
[2025-08-17T05:45:05.214+0000] {processor.py:161} INFO - Started process (PID=272) to work on /opt/airflow/dags/steam_pipeline_dag.py
[2025-08-17T05:45:05.215+0000] {processor.py:830} INFO - Processing file /opt/airflow/dags/steam_pipeline_dag.py for tasks to queue
[2025-08-17T05:45:05.220+0000] {logging_mixin.py:188} INFO - [2025-08-17T05:45:05.218+0000] {dagbag.py:545} INFO - Filling up the DagBag from /opt/airflow/dags/steam_pipeline_dag.py
[2025-08-17T05:45:05.305+0000] {logging_mixin.py:188} INFO - [2025-08-17T05:45:05.296+0000] {dagbag.py:355} ERROR - Failed to import: /opt/airflow/dags/steam_pipeline_dag.py
Traceback (most recent call last):
  File "/home/airflow/.local/lib/python3.12/site-packages/airflow/models/dagbag.py", line 351, in parse
    loader.exec_module(new_module)
  File "<frozen importlib._bootstrap_external>", line 995, in exec_module
  File "<frozen importlib._bootstrap>", line 488, in _call_with_frames_removed
  File "/opt/airflow/dags/steam_pipeline_dag.py", line 13, in <module>
    from etl.bronze_extract import extract_app
  File "/opt/airflow/etl/bronze_extract.py", line 3, in <module>
    from tqdm import tqdm
ModuleNotFoundError: No module named 'tqdm'
[2025-08-17T05:45:05.309+0000] {processor.py:842} WARNING - No viable dags retrieved from /opt/airflow/dags/steam_pipeline_dag.py
[2025-08-17T05:45:05.329+0000] {processor.py:183} INFO - Processing /opt/airflow/dags/steam_pipeline_dag.py took 0.123 seconds
[2025-08-17T05:45:35.619+0000] {processor.py:161} INFO - Started process (PID=273) to work on /opt/airflow/dags/steam_pipeline_dag.py
[2025-08-17T05:45:35.620+0000] {processor.py:830} INFO - Processing file /opt/airflow/dags/steam_pipeline_dag.py for tasks to queue
[2025-08-17T05:45:35.623+0000] {logging_mixin.py:188} INFO - [2025-08-17T05:45:35.622+0000] {dagbag.py:545} INFO - Filling up the DagBag from /opt/airflow/dags/steam_pipeline_dag.py
[2025-08-17T05:45:35.676+0000] {logging_mixin.py:188} INFO - [2025-08-17T05:45:35.668+0000] {dagbag.py:355} ERROR - Failed to import: /opt/airflow/dags/steam_pipeline_dag.py
Traceback (most recent call last):
  File "/home/airflow/.local/lib/python3.12/site-packages/airflow/models/dagbag.py", line 351, in parse
    loader.exec_module(new_module)
  File "<frozen importlib._bootstrap_external>", line 995, in exec_module
  File "<frozen importlib._bootstrap>", line 488, in _call_with_frames_removed
  File "/opt/airflow/dags/steam_pipeline_dag.py", line 13, in <module>
    from etl.bronze_extract import extract_app
  File "/opt/airflow/etl/bronze_extract.py", line 3, in <module>
    from tqdm import tqdm
ModuleNotFoundError: No module named 'tqdm'
[2025-08-17T05:45:35.679+0000] {processor.py:842} WARNING - No viable dags retrieved from /opt/airflow/dags/steam_pipeline_dag.py
[2025-08-17T05:45:35.700+0000] {processor.py:183} INFO - Processing /opt/airflow/dags/steam_pipeline_dag.py took 0.086 seconds
[2025-08-17T05:46:05.791+0000] {processor.py:161} INFO - Started process (PID=274) to work on /opt/airflow/dags/steam_pipeline_dag.py
[2025-08-17T05:46:05.793+0000] {processor.py:830} INFO - Processing file /opt/airflow/dags/steam_pipeline_dag.py for tasks to queue
[2025-08-17T05:46:05.796+0000] {logging_mixin.py:188} INFO - [2025-08-17T05:46:05.796+0000] {dagbag.py:545} INFO - Filling up the DagBag from /opt/airflow/dags/steam_pipeline_dag.py
[2025-08-17T05:46:05.865+0000] {logging_mixin.py:188} INFO - [2025-08-17T05:46:05.857+0000] {dagbag.py:355} ERROR - Failed to import: /opt/airflow/dags/steam_pipeline_dag.py
Traceback (most recent call last):
  File "/home/airflow/.local/lib/python3.12/site-packages/airflow/models/dagbag.py", line 351, in parse
    loader.exec_module(new_module)
  File "<frozen importlib._bootstrap_external>", line 995, in exec_module
  File "<frozen importlib._bootstrap>", line 488, in _call_with_frames_removed
  File "/opt/airflow/dags/steam_pipeline_dag.py", line 13, in <module>
    from etl.bronze_extract import extract_app
  File "/opt/airflow/etl/bronze_extract.py", line 3, in <module>
    from tqdm import tqdm
ModuleNotFoundError: No module named 'tqdm'
[2025-08-17T05:46:05.868+0000] {processor.py:842} WARNING - No viable dags retrieved from /opt/airflow/dags/steam_pipeline_dag.py
[2025-08-17T05:46:05.890+0000] {processor.py:183} INFO - Processing /opt/airflow/dags/steam_pipeline_dag.py took 0.105 seconds
[2025-08-17T05:46:36.246+0000] {processor.py:161} INFO - Started process (PID=275) to work on /opt/airflow/dags/steam_pipeline_dag.py
[2025-08-17T05:46:36.247+0000] {processor.py:830} INFO - Processing file /opt/airflow/dags/steam_pipeline_dag.py for tasks to queue
[2025-08-17T05:46:36.250+0000] {logging_mixin.py:188} INFO - [2025-08-17T05:46:36.249+0000] {dagbag.py:545} INFO - Filling up the DagBag from /opt/airflow/dags/steam_pipeline_dag.py
[2025-08-17T05:46:36.301+0000] {logging_mixin.py:188} INFO - [2025-08-17T05:46:36.294+0000] {dagbag.py:355} ERROR - Failed to import: /opt/airflow/dags/steam_pipeline_dag.py
Traceback (most recent call last):
  File "/home/airflow/.local/lib/python3.12/site-packages/airflow/models/dagbag.py", line 351, in parse
    loader.exec_module(new_module)
  File "<frozen importlib._bootstrap_external>", line 995, in exec_module
  File "<frozen importlib._bootstrap>", line 488, in _call_with_frames_removed
  File "/opt/airflow/dags/steam_pipeline_dag.py", line 13, in <module>
    from etl.bronze_extract import extract_app
  File "/opt/airflow/etl/bronze_extract.py", line 3, in <module>
    from tqdm import tqdm
ModuleNotFoundError: No module named 'tqdm'
[2025-08-17T05:46:36.303+0000] {processor.py:842} WARNING - No viable dags retrieved from /opt/airflow/dags/steam_pipeline_dag.py
[2025-08-17T05:46:36.325+0000] {processor.py:183} INFO - Processing /opt/airflow/dags/steam_pipeline_dag.py took 0.086 seconds
[2025-08-17T05:47:07.293+0000] {processor.py:161} INFO - Started process (PID=276) to work on /opt/airflow/dags/steam_pipeline_dag.py
[2025-08-17T05:47:07.295+0000] {processor.py:830} INFO - Processing file /opt/airflow/dags/steam_pipeline_dag.py for tasks to queue
[2025-08-17T05:47:07.297+0000] {logging_mixin.py:188} INFO - [2025-08-17T05:47:07.297+0000] {dagbag.py:545} INFO - Filling up the DagBag from /opt/airflow/dags/steam_pipeline_dag.py
[2025-08-17T05:47:07.368+0000] {logging_mixin.py:188} INFO - [2025-08-17T05:47:07.357+0000] {dagbag.py:355} ERROR - Failed to import: /opt/airflow/dags/steam_pipeline_dag.py
Traceback (most recent call last):
  File "/home/airflow/.local/lib/python3.12/site-packages/airflow/models/dagbag.py", line 351, in parse
    loader.exec_module(new_module)
  File "<frozen importlib._bootstrap_external>", line 995, in exec_module
  File "<frozen importlib._bootstrap>", line 488, in _call_with_frames_removed
  File "/opt/airflow/dags/steam_pipeline_dag.py", line 13, in <module>
    from etl.bronze_extract import extract_app
  File "/opt/airflow/etl/bronze_extract.py", line 3, in <module>
    from tqdm import tqdm
ModuleNotFoundError: No module named 'tqdm'
[2025-08-17T05:47:07.372+0000] {processor.py:842} WARNING - No viable dags retrieved from /opt/airflow/dags/steam_pipeline_dag.py
[2025-08-17T05:47:07.401+0000] {processor.py:183} INFO - Processing /opt/airflow/dags/steam_pipeline_dag.py took 0.115 seconds
[2025-08-17T05:47:38.027+0000] {processor.py:161} INFO - Started process (PID=277) to work on /opt/airflow/dags/steam_pipeline_dag.py
[2025-08-17T05:47:38.028+0000] {processor.py:830} INFO - Processing file /opt/airflow/dags/steam_pipeline_dag.py for tasks to queue
[2025-08-17T05:47:38.031+0000] {logging_mixin.py:188} INFO - [2025-08-17T05:47:38.030+0000] {dagbag.py:545} INFO - Filling up the DagBag from /opt/airflow/dags/steam_pipeline_dag.py
[2025-08-17T05:47:38.172+0000] {logging_mixin.py:188} INFO - [2025-08-17T05:47:38.155+0000] {dagbag.py:355} ERROR - Failed to import: /opt/airflow/dags/steam_pipeline_dag.py
Traceback (most recent call last):
  File "/home/airflow/.local/lib/python3.12/site-packages/airflow/models/dagbag.py", line 351, in parse
    loader.exec_module(new_module)
  File "<frozen importlib._bootstrap_external>", line 995, in exec_module
  File "<frozen importlib._bootstrap>", line 488, in _call_with_frames_removed
  File "/opt/airflow/dags/steam_pipeline_dag.py", line 13, in <module>
    from etl.bronze_extract import extract_app
  File "/opt/airflow/etl/bronze_extract.py", line 3, in <module>
    from tqdm import tqdm
ModuleNotFoundError: No module named 'tqdm'
[2025-08-17T05:47:38.179+0000] {processor.py:842} WARNING - No viable dags retrieved from /opt/airflow/dags/steam_pipeline_dag.py
[2025-08-17T05:47:38.204+0000] {processor.py:183} INFO - Processing /opt/airflow/dags/steam_pipeline_dag.py took 0.183 seconds
[2025-08-17T05:48:08.803+0000] {processor.py:161} INFO - Started process (PID=278) to work on /opt/airflow/dags/steam_pipeline_dag.py
[2025-08-17T05:48:08.804+0000] {processor.py:830} INFO - Processing file /opt/airflow/dags/steam_pipeline_dag.py for tasks to queue
[2025-08-17T05:48:08.806+0000] {logging_mixin.py:188} INFO - [2025-08-17T05:48:08.806+0000] {dagbag.py:545} INFO - Filling up the DagBag from /opt/airflow/dags/steam_pipeline_dag.py
[2025-08-17T05:48:08.879+0000] {logging_mixin.py:188} INFO - [2025-08-17T05:48:08.871+0000] {dagbag.py:355} ERROR - Failed to import: /opt/airflow/dags/steam_pipeline_dag.py
Traceback (most recent call last):
  File "/home/airflow/.local/lib/python3.12/site-packages/airflow/models/dagbag.py", line 351, in parse
    loader.exec_module(new_module)
  File "<frozen importlib._bootstrap_external>", line 995, in exec_module
  File "<frozen importlib._bootstrap>", line 488, in _call_with_frames_removed
  File "/opt/airflow/dags/steam_pipeline_dag.py", line 13, in <module>
    from etl.bronze_extract import extract_app
  File "/opt/airflow/etl/bronze_extract.py", line 3, in <module>
    from tqdm import tqdm
ModuleNotFoundError: No module named 'tqdm'
[2025-08-17T05:48:08.881+0000] {processor.py:842} WARNING - No viable dags retrieved from /opt/airflow/dags/steam_pipeline_dag.py
[2025-08-17T05:48:08.900+0000] {processor.py:183} INFO - Processing /opt/airflow/dags/steam_pipeline_dag.py took 0.103 seconds
[2025-08-17T05:48:39.356+0000] {processor.py:161} INFO - Started process (PID=279) to work on /opt/airflow/dags/steam_pipeline_dag.py
[2025-08-17T05:48:39.357+0000] {processor.py:830} INFO - Processing file /opt/airflow/dags/steam_pipeline_dag.py for tasks to queue
[2025-08-17T05:48:39.359+0000] {logging_mixin.py:188} INFO - [2025-08-17T05:48:39.359+0000] {dagbag.py:545} INFO - Filling up the DagBag from /opt/airflow/dags/steam_pipeline_dag.py
[2025-08-17T05:48:39.424+0000] {logging_mixin.py:188} INFO - [2025-08-17T05:48:39.413+0000] {dagbag.py:355} ERROR - Failed to import: /opt/airflow/dags/steam_pipeline_dag.py
Traceback (most recent call last):
  File "/home/airflow/.local/lib/python3.12/site-packages/airflow/models/dagbag.py", line 351, in parse
    loader.exec_module(new_module)
  File "<frozen importlib._bootstrap_external>", line 995, in exec_module
  File "<frozen importlib._bootstrap>", line 488, in _call_with_frames_removed
  File "/opt/airflow/dags/steam_pipeline_dag.py", line 13, in <module>
    from etl.bronze_extract import extract_app
  File "/opt/airflow/etl/bronze_extract.py", line 3, in <module>
    from tqdm import tqdm
ModuleNotFoundError: No module named 'tqdm'
[2025-08-17T05:48:39.426+0000] {processor.py:842} WARNING - No viable dags retrieved from /opt/airflow/dags/steam_pipeline_dag.py
[2025-08-17T05:48:39.444+0000] {processor.py:183} INFO - Processing /opt/airflow/dags/steam_pipeline_dag.py took 0.095 seconds
[2025-08-17T05:49:10.423+0000] {processor.py:161} INFO - Started process (PID=280) to work on /opt/airflow/dags/steam_pipeline_dag.py
[2025-08-17T05:49:10.425+0000] {processor.py:830} INFO - Processing file /opt/airflow/dags/steam_pipeline_dag.py for tasks to queue
[2025-08-17T05:49:10.428+0000] {logging_mixin.py:188} INFO - [2025-08-17T05:49:10.427+0000] {dagbag.py:545} INFO - Filling up the DagBag from /opt/airflow/dags/steam_pipeline_dag.py
[2025-08-17T05:49:10.501+0000] {logging_mixin.py:188} INFO - [2025-08-17T05:49:10.494+0000] {dagbag.py:355} ERROR - Failed to import: /opt/airflow/dags/steam_pipeline_dag.py
Traceback (most recent call last):
  File "/home/airflow/.local/lib/python3.12/site-packages/airflow/models/dagbag.py", line 351, in parse
    loader.exec_module(new_module)
  File "<frozen importlib._bootstrap_external>", line 995, in exec_module
  File "<frozen importlib._bootstrap>", line 488, in _call_with_frames_removed
  File "/opt/airflow/dags/steam_pipeline_dag.py", line 13, in <module>
    from etl.bronze_extract import extract_app
  File "/opt/airflow/etl/bronze_extract.py", line 3, in <module>
    from tqdm import tqdm
ModuleNotFoundError: No module named 'tqdm'
[2025-08-17T05:49:10.504+0000] {processor.py:842} WARNING - No viable dags retrieved from /opt/airflow/dags/steam_pipeline_dag.py
[2025-08-17T05:49:10.524+0000] {processor.py:183} INFO - Processing /opt/airflow/dags/steam_pipeline_dag.py took 0.108 seconds
[2025-08-17T05:49:41.028+0000] {processor.py:161} INFO - Started process (PID=281) to work on /opt/airflow/dags/steam_pipeline_dag.py
[2025-08-17T05:49:41.030+0000] {processor.py:830} INFO - Processing file /opt/airflow/dags/steam_pipeline_dag.py for tasks to queue
[2025-08-17T05:49:41.035+0000] {logging_mixin.py:188} INFO - [2025-08-17T05:49:41.033+0000] {dagbag.py:545} INFO - Filling up the DagBag from /opt/airflow/dags/steam_pipeline_dag.py
[2025-08-17T05:49:41.092+0000] {logging_mixin.py:188} INFO - [2025-08-17T05:49:41.085+0000] {dagbag.py:355} ERROR - Failed to import: /opt/airflow/dags/steam_pipeline_dag.py
Traceback (most recent call last):
  File "/home/airflow/.local/lib/python3.12/site-packages/airflow/models/dagbag.py", line 351, in parse
    loader.exec_module(new_module)
  File "<frozen importlib._bootstrap_external>", line 995, in exec_module
  File "<frozen importlib._bootstrap>", line 488, in _call_with_frames_removed
  File "/opt/airflow/dags/steam_pipeline_dag.py", line 13, in <module>
    from etl.bronze_extract import extract_app
  File "/opt/airflow/etl/bronze_extract.py", line 3, in <module>
    from tqdm import tqdm
ModuleNotFoundError: No module named 'tqdm'
[2025-08-17T05:49:41.096+0000] {processor.py:842} WARNING - No viable dags retrieved from /opt/airflow/dags/steam_pipeline_dag.py
[2025-08-17T05:49:41.114+0000] {processor.py:183} INFO - Processing /opt/airflow/dags/steam_pipeline_dag.py took 0.096 seconds
[2025-08-17T05:50:12.352+0000] {processor.py:161} INFO - Started process (PID=282) to work on /opt/airflow/dags/steam_pipeline_dag.py
[2025-08-17T05:50:12.354+0000] {processor.py:830} INFO - Processing file /opt/airflow/dags/steam_pipeline_dag.py for tasks to queue
[2025-08-17T05:50:12.357+0000] {logging_mixin.py:188} INFO - [2025-08-17T05:50:12.356+0000] {dagbag.py:545} INFO - Filling up the DagBag from /opt/airflow/dags/steam_pipeline_dag.py
[2025-08-17T05:50:12.422+0000] {logging_mixin.py:188} INFO - [2025-08-17T05:50:12.416+0000] {dagbag.py:355} ERROR - Failed to import: /opt/airflow/dags/steam_pipeline_dag.py
Traceback (most recent call last):
  File "/home/airflow/.local/lib/python3.12/site-packages/airflow/models/dagbag.py", line 351, in parse
    loader.exec_module(new_module)
  File "<frozen importlib._bootstrap_external>", line 995, in exec_module
  File "<frozen importlib._bootstrap>", line 488, in _call_with_frames_removed
  File "/opt/airflow/dags/steam_pipeline_dag.py", line 13, in <module>
    from etl.bronze_extract import extract_app
  File "/opt/airflow/etl/bronze_extract.py", line 3, in <module>
    from tqdm import tqdm
ModuleNotFoundError: No module named 'tqdm'
[2025-08-17T05:50:12.425+0000] {processor.py:842} WARNING - No viable dags retrieved from /opt/airflow/dags/steam_pipeline_dag.py
[2025-08-17T05:50:12.444+0000] {processor.py:183} INFO - Processing /opt/airflow/dags/steam_pipeline_dag.py took 0.099 seconds
[2025-08-17T05:50:42.950+0000] {processor.py:161} INFO - Started process (PID=283) to work on /opt/airflow/dags/steam_pipeline_dag.py
[2025-08-17T05:50:42.952+0000] {processor.py:830} INFO - Processing file /opt/airflow/dags/steam_pipeline_dag.py for tasks to queue
[2025-08-17T05:50:42.955+0000] {logging_mixin.py:188} INFO - [2025-08-17T05:50:42.954+0000] {dagbag.py:545} INFO - Filling up the DagBag from /opt/airflow/dags/steam_pipeline_dag.py
[2025-08-17T05:50:43.022+0000] {logging_mixin.py:188} INFO - [2025-08-17T05:50:43.013+0000] {dagbag.py:355} ERROR - Failed to import: /opt/airflow/dags/steam_pipeline_dag.py
Traceback (most recent call last):
  File "/home/airflow/.local/lib/python3.12/site-packages/airflow/models/dagbag.py", line 351, in parse
    loader.exec_module(new_module)
  File "<frozen importlib._bootstrap_external>", line 995, in exec_module
  File "<frozen importlib._bootstrap>", line 488, in _call_with_frames_removed
  File "/opt/airflow/dags/steam_pipeline_dag.py", line 13, in <module>
    from etl.bronze_extract import extract_app
  File "/opt/airflow/etl/bronze_extract.py", line 3, in <module>
    from tqdm import tqdm
ModuleNotFoundError: No module named 'tqdm'
[2025-08-17T05:50:43.025+0000] {processor.py:842} WARNING - No viable dags retrieved from /opt/airflow/dags/steam_pipeline_dag.py
[2025-08-17T05:50:43.042+0000] {processor.py:183} INFO - Processing /opt/airflow/dags/steam_pipeline_dag.py took 0.097 seconds
[2025-08-17T05:53:44.064+0000] {processor.py:161} INFO - Started process (PID=53) to work on /opt/airflow/dags/steam_pipeline_dag.py
[2025-08-17T05:53:44.065+0000] {processor.py:830} INFO - Processing file /opt/airflow/dags/steam_pipeline_dag.py for tasks to queue
[2025-08-17T05:53:44.067+0000] {logging_mixin.py:188} INFO - [2025-08-17T05:53:44.067+0000] {dagbag.py:545} INFO - Filling up the DagBag from /opt/airflow/dags/steam_pipeline_dag.py
[2025-08-17T05:53:44.127+0000] {logging_mixin.py:188} INFO - [2025-08-17T05:53:44.120+0000] {dagbag.py:355} ERROR - Failed to import: /opt/airflow/dags/steam_pipeline_dag.py
Traceback (most recent call last):
  File "/home/airflow/.local/lib/python3.12/site-packages/airflow/models/dagbag.py", line 351, in parse
    loader.exec_module(new_module)
  File "<frozen importlib._bootstrap_external>", line 995, in exec_module
  File "<frozen importlib._bootstrap>", line 488, in _call_with_frames_removed
  File "/opt/airflow/dags/steam_pipeline_dag.py", line 13, in <module>
    from etl.bronze_extract import extract_app
  File "/opt/airflow/etl/bronze_extract.py", line 3, in <module>
    from tqdm import tqdm
ModuleNotFoundError: No module named 'tqdm'
[2025-08-17T05:53:44.129+0000] {processor.py:842} WARNING - No viable dags retrieved from /opt/airflow/dags/steam_pipeline_dag.py
[2025-08-17T05:53:44.144+0000] {processor.py:183} INFO - Processing /opt/airflow/dags/steam_pipeline_dag.py took 0.085 seconds
[2025-08-17T05:54:14.742+0000] {processor.py:161} INFO - Started process (PID=131) to work on /opt/airflow/dags/steam_pipeline_dag.py
[2025-08-17T05:54:14.744+0000] {processor.py:830} INFO - Processing file /opt/airflow/dags/steam_pipeline_dag.py for tasks to queue
[2025-08-17T05:54:14.747+0000] {logging_mixin.py:188} INFO - [2025-08-17T05:54:14.747+0000] {dagbag.py:545} INFO - Filling up the DagBag from /opt/airflow/dags/steam_pipeline_dag.py
[2025-08-17T05:54:14.818+0000] {logging_mixin.py:188} INFO - [2025-08-17T05:54:14.811+0000] {dagbag.py:355} ERROR - Failed to import: /opt/airflow/dags/steam_pipeline_dag.py
Traceback (most recent call last):
  File "/home/airflow/.local/lib/python3.12/site-packages/airflow/models/dagbag.py", line 351, in parse
    loader.exec_module(new_module)
  File "<frozen importlib._bootstrap_external>", line 995, in exec_module
  File "<frozen importlib._bootstrap>", line 488, in _call_with_frames_removed
  File "/opt/airflow/dags/steam_pipeline_dag.py", line 13, in <module>
    from etl.bronze_extract import extract_app
  File "/opt/airflow/etl/bronze_extract.py", line 3, in <module>
    from tqdm import tqdm
ModuleNotFoundError: No module named 'tqdm'
[2025-08-17T05:54:14.821+0000] {processor.py:842} WARNING - No viable dags retrieved from /opt/airflow/dags/steam_pipeline_dag.py
[2025-08-17T05:54:14.841+0000] {processor.py:183} INFO - Processing /opt/airflow/dags/steam_pipeline_dag.py took 0.111 seconds
[2025-08-17T05:54:45.188+0000] {processor.py:161} INFO - Started process (PID=132) to work on /opt/airflow/dags/steam_pipeline_dag.py
[2025-08-17T05:54:45.193+0000] {processor.py:830} INFO - Processing file /opt/airflow/dags/steam_pipeline_dag.py for tasks to queue
[2025-08-17T05:54:45.200+0000] {logging_mixin.py:188} INFO - [2025-08-17T05:54:45.199+0000] {dagbag.py:545} INFO - Filling up the DagBag from /opt/airflow/dags/steam_pipeline_dag.py
[2025-08-17T05:54:45.272+0000] {logging_mixin.py:188} INFO - [2025-08-17T05:54:45.264+0000] {dagbag.py:355} ERROR - Failed to import: /opt/airflow/dags/steam_pipeline_dag.py
Traceback (most recent call last):
  File "/home/airflow/.local/lib/python3.12/site-packages/airflow/models/dagbag.py", line 351, in parse
    loader.exec_module(new_module)
  File "<frozen importlib._bootstrap_external>", line 995, in exec_module
  File "<frozen importlib._bootstrap>", line 488, in _call_with_frames_removed
  File "/opt/airflow/dags/steam_pipeline_dag.py", line 13, in <module>
    from etl.bronze_extract import extract_app
  File "/opt/airflow/etl/bronze_extract.py", line 3, in <module>
    from tqdm import tqdm
ModuleNotFoundError: No module named 'tqdm'
[2025-08-17T05:54:45.275+0000] {processor.py:842} WARNING - No viable dags retrieved from /opt/airflow/dags/steam_pipeline_dag.py
[2025-08-17T05:54:45.297+0000] {processor.py:183} INFO - Processing /opt/airflow/dags/steam_pipeline_dag.py took 0.120 seconds
[2025-08-17T05:55:15.961+0000] {processor.py:161} INFO - Started process (PID=133) to work on /opt/airflow/dags/steam_pipeline_dag.py
[2025-08-17T05:55:15.963+0000] {processor.py:830} INFO - Processing file /opt/airflow/dags/steam_pipeline_dag.py for tasks to queue
[2025-08-17T05:55:15.965+0000] {logging_mixin.py:188} INFO - [2025-08-17T05:55:15.964+0000] {dagbag.py:545} INFO - Filling up the DagBag from /opt/airflow/dags/steam_pipeline_dag.py
[2025-08-17T05:55:16.045+0000] {logging_mixin.py:188} INFO - [2025-08-17T05:55:16.035+0000] {dagbag.py:355} ERROR - Failed to import: /opt/airflow/dags/steam_pipeline_dag.py
Traceback (most recent call last):
  File "/home/airflow/.local/lib/python3.12/site-packages/airflow/models/dagbag.py", line 351, in parse
    loader.exec_module(new_module)
  File "<frozen importlib._bootstrap_external>", line 995, in exec_module
  File "<frozen importlib._bootstrap>", line 488, in _call_with_frames_removed
  File "/opt/airflow/dags/steam_pipeline_dag.py", line 13, in <module>
    from etl.bronze_extract import extract_app
  File "/opt/airflow/etl/bronze_extract.py", line 3, in <module>
    from tqdm import tqdm
ModuleNotFoundError: No module named 'tqdm'
[2025-08-17T05:55:16.048+0000] {processor.py:842} WARNING - No viable dags retrieved from /opt/airflow/dags/steam_pipeline_dag.py
[2025-08-17T05:55:16.068+0000] {processor.py:183} INFO - Processing /opt/airflow/dags/steam_pipeline_dag.py took 0.112 seconds
[2025-08-17T05:55:46.853+0000] {processor.py:161} INFO - Started process (PID=134) to work on /opt/airflow/dags/steam_pipeline_dag.py
[2025-08-17T05:55:46.855+0000] {processor.py:830} INFO - Processing file /opt/airflow/dags/steam_pipeline_dag.py for tasks to queue
[2025-08-17T05:55:46.858+0000] {logging_mixin.py:188} INFO - [2025-08-17T05:55:46.857+0000] {dagbag.py:545} INFO - Filling up the DagBag from /opt/airflow/dags/steam_pipeline_dag.py
[2025-08-17T05:55:46.902+0000] {logging_mixin.py:188} INFO - [2025-08-17T05:55:46.897+0000] {dagbag.py:355} ERROR - Failed to import: /opt/airflow/dags/steam_pipeline_dag.py
Traceback (most recent call last):
  File "/home/airflow/.local/lib/python3.12/site-packages/airflow/models/dagbag.py", line 351, in parse
    loader.exec_module(new_module)
  File "<frozen importlib._bootstrap_external>", line 995, in exec_module
  File "<frozen importlib._bootstrap>", line 488, in _call_with_frames_removed
  File "/opt/airflow/dags/steam_pipeline_dag.py", line 13, in <module>
    from etl.bronze_extract import extract_app
  File "/opt/airflow/etl/bronze_extract.py", line 3, in <module>
    from tqdm import tqdm
ModuleNotFoundError: No module named 'tqdm'
[2025-08-17T05:55:46.904+0000] {processor.py:842} WARNING - No viable dags retrieved from /opt/airflow/dags/steam_pipeline_dag.py
[2025-08-17T05:55:46.920+0000] {processor.py:183} INFO - Processing /opt/airflow/dags/steam_pipeline_dag.py took 0.072 seconds
[2025-08-17T05:56:17.733+0000] {processor.py:161} INFO - Started process (PID=135) to work on /opt/airflow/dags/steam_pipeline_dag.py
[2025-08-17T05:56:17.734+0000] {processor.py:830} INFO - Processing file /opt/airflow/dags/steam_pipeline_dag.py for tasks to queue
[2025-08-17T05:56:17.736+0000] {logging_mixin.py:188} INFO - [2025-08-17T05:56:17.736+0000] {dagbag.py:545} INFO - Filling up the DagBag from /opt/airflow/dags/steam_pipeline_dag.py
[2025-08-17T05:56:17.803+0000] {logging_mixin.py:188} INFO - [2025-08-17T05:56:17.795+0000] {dagbag.py:355} ERROR - Failed to import: /opt/airflow/dags/steam_pipeline_dag.py
Traceback (most recent call last):
  File "/home/airflow/.local/lib/python3.12/site-packages/airflow/models/dagbag.py", line 351, in parse
    loader.exec_module(new_module)
  File "<frozen importlib._bootstrap_external>", line 995, in exec_module
  File "<frozen importlib._bootstrap>", line 488, in _call_with_frames_removed
  File "/opt/airflow/dags/steam_pipeline_dag.py", line 13, in <module>
    from etl.bronze_extract import extract_app
  File "/opt/airflow/etl/bronze_extract.py", line 3, in <module>
    from tqdm import tqdm
ModuleNotFoundError: No module named 'tqdm'
[2025-08-17T05:56:17.806+0000] {processor.py:842} WARNING - No viable dags retrieved from /opt/airflow/dags/steam_pipeline_dag.py
[2025-08-17T05:56:17.827+0000] {processor.py:183} INFO - Processing /opt/airflow/dags/steam_pipeline_dag.py took 0.099 seconds
[2025-08-17T05:56:48.308+0000] {processor.py:161} INFO - Started process (PID=136) to work on /opt/airflow/dags/steam_pipeline_dag.py
[2025-08-17T05:56:48.310+0000] {processor.py:830} INFO - Processing file /opt/airflow/dags/steam_pipeline_dag.py for tasks to queue
[2025-08-17T05:56:48.313+0000] {logging_mixin.py:188} INFO - [2025-08-17T05:56:48.312+0000] {dagbag.py:545} INFO - Filling up the DagBag from /opt/airflow/dags/steam_pipeline_dag.py
[2025-08-17T05:56:48.404+0000] {logging_mixin.py:188} INFO - [2025-08-17T05:56:48.390+0000] {dagbag.py:355} ERROR - Failed to import: /opt/airflow/dags/steam_pipeline_dag.py
Traceback (most recent call last):
  File "/home/airflow/.local/lib/python3.12/site-packages/airflow/models/dagbag.py", line 351, in parse
    loader.exec_module(new_module)
  File "<frozen importlib._bootstrap_external>", line 995, in exec_module
  File "<frozen importlib._bootstrap>", line 488, in _call_with_frames_removed
  File "/opt/airflow/dags/steam_pipeline_dag.py", line 13, in <module>
    from etl.bronze_extract import extract_app
  File "/opt/airflow/etl/bronze_extract.py", line 3, in <module>
    from tqdm import tqdm
ModuleNotFoundError: No module named 'tqdm'
[2025-08-17T05:56:48.407+0000] {processor.py:842} WARNING - No viable dags retrieved from /opt/airflow/dags/steam_pipeline_dag.py
[2025-08-17T05:56:48.424+0000] {processor.py:183} INFO - Processing /opt/airflow/dags/steam_pipeline_dag.py took 0.123 seconds
[2025-08-17T05:57:19.299+0000] {processor.py:161} INFO - Started process (PID=137) to work on /opt/airflow/dags/steam_pipeline_dag.py
[2025-08-17T05:57:19.301+0000] {processor.py:830} INFO - Processing file /opt/airflow/dags/steam_pipeline_dag.py for tasks to queue
[2025-08-17T05:57:19.303+0000] {logging_mixin.py:188} INFO - [2025-08-17T05:57:19.303+0000] {dagbag.py:545} INFO - Filling up the DagBag from /opt/airflow/dags/steam_pipeline_dag.py
[2025-08-17T05:57:19.374+0000] {logging_mixin.py:188} INFO - [2025-08-17T05:57:19.367+0000] {dagbag.py:355} ERROR - Failed to import: /opt/airflow/dags/steam_pipeline_dag.py
Traceback (most recent call last):
  File "/home/airflow/.local/lib/python3.12/site-packages/airflow/models/dagbag.py", line 351, in parse
    loader.exec_module(new_module)
  File "<frozen importlib._bootstrap_external>", line 995, in exec_module
  File "<frozen importlib._bootstrap>", line 488, in _call_with_frames_removed
  File "/opt/airflow/dags/steam_pipeline_dag.py", line 13, in <module>
    from etl.bronze_extract import extract_app
  File "/opt/airflow/etl/bronze_extract.py", line 3, in <module>
    from tqdm import tqdm
ModuleNotFoundError: No module named 'tqdm'
[2025-08-17T05:57:19.377+0000] {processor.py:842} WARNING - No viable dags retrieved from /opt/airflow/dags/steam_pipeline_dag.py
[2025-08-17T05:57:19.397+0000] {processor.py:183} INFO - Processing /opt/airflow/dags/steam_pipeline_dag.py took 0.106 seconds
[2025-08-17T05:57:49.978+0000] {processor.py:161} INFO - Started process (PID=138) to work on /opt/airflow/dags/steam_pipeline_dag.py
[2025-08-17T05:57:49.980+0000] {processor.py:830} INFO - Processing file /opt/airflow/dags/steam_pipeline_dag.py for tasks to queue
[2025-08-17T05:57:49.982+0000] {logging_mixin.py:188} INFO - [2025-08-17T05:57:49.982+0000] {dagbag.py:545} INFO - Filling up the DagBag from /opt/airflow/dags/steam_pipeline_dag.py
[2025-08-17T05:57:50.071+0000] {logging_mixin.py:188} INFO - [2025-08-17T05:57:50.061+0000] {dagbag.py:355} ERROR - Failed to import: /opt/airflow/dags/steam_pipeline_dag.py
Traceback (most recent call last):
  File "/home/airflow/.local/lib/python3.12/site-packages/airflow/models/dagbag.py", line 351, in parse
    loader.exec_module(new_module)
  File "<frozen importlib._bootstrap_external>", line 995, in exec_module
  File "<frozen importlib._bootstrap>", line 488, in _call_with_frames_removed
  File "/opt/airflow/dags/steam_pipeline_dag.py", line 13, in <module>
    from etl.bronze_extract import extract_app
  File "/opt/airflow/etl/bronze_extract.py", line 3, in <module>
    from tqdm import tqdm
ModuleNotFoundError: No module named 'tqdm'
[2025-08-17T05:57:50.074+0000] {processor.py:842} WARNING - No viable dags retrieved from /opt/airflow/dags/steam_pipeline_dag.py
[2025-08-17T05:57:50.092+0000] {processor.py:183} INFO - Processing /opt/airflow/dags/steam_pipeline_dag.py took 0.120 seconds
[2025-08-17T05:58:20.430+0000] {processor.py:161} INFO - Started process (PID=139) to work on /opt/airflow/dags/steam_pipeline_dag.py
[2025-08-17T05:58:20.432+0000] {processor.py:830} INFO - Processing file /opt/airflow/dags/steam_pipeline_dag.py for tasks to queue
[2025-08-17T05:58:20.434+0000] {logging_mixin.py:188} INFO - [2025-08-17T05:58:20.434+0000] {dagbag.py:545} INFO - Filling up the DagBag from /opt/airflow/dags/steam_pipeline_dag.py
[2025-08-17T05:58:20.499+0000] {logging_mixin.py:188} INFO - [2025-08-17T05:58:20.491+0000] {dagbag.py:355} ERROR - Failed to import: /opt/airflow/dags/steam_pipeline_dag.py
Traceback (most recent call last):
  File "/home/airflow/.local/lib/python3.12/site-packages/airflow/models/dagbag.py", line 351, in parse
    loader.exec_module(new_module)
  File "<frozen importlib._bootstrap_external>", line 995, in exec_module
  File "<frozen importlib._bootstrap>", line 488, in _call_with_frames_removed
  File "/opt/airflow/dags/steam_pipeline_dag.py", line 13, in <module>
    from etl.bronze_extract import extract_app
  File "/opt/airflow/etl/bronze_extract.py", line 3, in <module>
    from tqdm import tqdm
ModuleNotFoundError: No module named 'tqdm'
[2025-08-17T05:58:20.501+0000] {processor.py:842} WARNING - No viable dags retrieved from /opt/airflow/dags/steam_pipeline_dag.py
[2025-08-17T05:58:20.522+0000] {processor.py:183} INFO - Processing /opt/airflow/dags/steam_pipeline_dag.py took 0.098 seconds
[2025-08-17T05:58:51.752+0000] {processor.py:161} INFO - Started process (PID=140) to work on /opt/airflow/dags/steam_pipeline_dag.py
[2025-08-17T05:58:51.754+0000] {processor.py:830} INFO - Processing file /opt/airflow/dags/steam_pipeline_dag.py for tasks to queue
[2025-08-17T05:58:51.756+0000] {logging_mixin.py:188} INFO - [2025-08-17T05:58:51.755+0000] {dagbag.py:545} INFO - Filling up the DagBag from /opt/airflow/dags/steam_pipeline_dag.py
[2025-08-17T05:58:51.846+0000] {logging_mixin.py:188} INFO - [2025-08-17T05:58:51.838+0000] {dagbag.py:355} ERROR - Failed to import: /opt/airflow/dags/steam_pipeline_dag.py
Traceback (most recent call last):
  File "/home/airflow/.local/lib/python3.12/site-packages/airflow/models/dagbag.py", line 351, in parse
    loader.exec_module(new_module)
  File "<frozen importlib._bootstrap_external>", line 995, in exec_module
  File "<frozen importlib._bootstrap>", line 488, in _call_with_frames_removed
  File "/opt/airflow/dags/steam_pipeline_dag.py", line 13, in <module>
    from etl.bronze_extract import extract_app
  File "/opt/airflow/etl/bronze_extract.py", line 3, in <module>
    from tqdm import tqdm
ModuleNotFoundError: No module named 'tqdm'
[2025-08-17T05:58:51.848+0000] {processor.py:842} WARNING - No viable dags retrieved from /opt/airflow/dags/steam_pipeline_dag.py
[2025-08-17T05:58:51.866+0000] {processor.py:183} INFO - Processing /opt/airflow/dags/steam_pipeline_dag.py took 0.120 seconds
[2025-08-17T05:59:22.285+0000] {processor.py:161} INFO - Started process (PID=141) to work on /opt/airflow/dags/steam_pipeline_dag.py
[2025-08-17T05:59:22.288+0000] {processor.py:830} INFO - Processing file /opt/airflow/dags/steam_pipeline_dag.py for tasks to queue
[2025-08-17T05:59:22.291+0000] {logging_mixin.py:188} INFO - [2025-08-17T05:59:22.290+0000] {dagbag.py:545} INFO - Filling up the DagBag from /opt/airflow/dags/steam_pipeline_dag.py
[2025-08-17T05:59:22.393+0000] {logging_mixin.py:188} INFO - [2025-08-17T05:59:22.379+0000] {dagbag.py:355} ERROR - Failed to import: /opt/airflow/dags/steam_pipeline_dag.py
Traceback (most recent call last):
  File "/home/airflow/.local/lib/python3.12/site-packages/airflow/models/dagbag.py", line 351, in parse
    loader.exec_module(new_module)
  File "<frozen importlib._bootstrap_external>", line 995, in exec_module
  File "<frozen importlib._bootstrap>", line 488, in _call_with_frames_removed
  File "/opt/airflow/dags/steam_pipeline_dag.py", line 13, in <module>
    from etl.bronze_extract import extract_app
  File "/opt/airflow/etl/bronze_extract.py", line 3, in <module>
    from tqdm import tqdm
ModuleNotFoundError: No module named 'tqdm'
[2025-08-17T05:59:22.399+0000] {processor.py:842} WARNING - No viable dags retrieved from /opt/airflow/dags/steam_pipeline_dag.py
[2025-08-17T05:59:22.418+0000] {processor.py:183} INFO - Processing /opt/airflow/dags/steam_pipeline_dag.py took 0.138 seconds
[2025-08-17T05:59:52.936+0000] {processor.py:161} INFO - Started process (PID=142) to work on /opt/airflow/dags/steam_pipeline_dag.py
[2025-08-17T05:59:52.938+0000] {processor.py:830} INFO - Processing file /opt/airflow/dags/steam_pipeline_dag.py for tasks to queue
[2025-08-17T05:59:52.941+0000] {logging_mixin.py:188} INFO - [2025-08-17T05:59:52.940+0000] {dagbag.py:545} INFO - Filling up the DagBag from /opt/airflow/dags/steam_pipeline_dag.py
[2025-08-17T05:59:53.026+0000] {logging_mixin.py:188} INFO - [2025-08-17T05:59:53.018+0000] {dagbag.py:355} ERROR - Failed to import: /opt/airflow/dags/steam_pipeline_dag.py
Traceback (most recent call last):
  File "/home/airflow/.local/lib/python3.12/site-packages/airflow/models/dagbag.py", line 351, in parse
    loader.exec_module(new_module)
  File "<frozen importlib._bootstrap_external>", line 995, in exec_module
  File "<frozen importlib._bootstrap>", line 488, in _call_with_frames_removed
  File "/opt/airflow/dags/steam_pipeline_dag.py", line 13, in <module>
    from etl.bronze_extract import extract_app
  File "/opt/airflow/etl/bronze_extract.py", line 3, in <module>
    from tqdm import tqdm
ModuleNotFoundError: No module named 'tqdm'
[2025-08-17T05:59:53.031+0000] {processor.py:842} WARNING - No viable dags retrieved from /opt/airflow/dags/steam_pipeline_dag.py
[2025-08-17T05:59:53.049+0000] {processor.py:183} INFO - Processing /opt/airflow/dags/steam_pipeline_dag.py took 0.123 seconds
[2025-08-17T06:00:23.276+0000] {processor.py:161} INFO - Started process (PID=143) to work on /opt/airflow/dags/steam_pipeline_dag.py
[2025-08-17T06:00:23.278+0000] {processor.py:830} INFO - Processing file /opt/airflow/dags/steam_pipeline_dag.py for tasks to queue
[2025-08-17T06:00:23.282+0000] {logging_mixin.py:188} INFO - [2025-08-17T06:00:23.281+0000] {dagbag.py:545} INFO - Filling up the DagBag from /opt/airflow/dags/steam_pipeline_dag.py
[2025-08-17T06:00:23.383+0000] {logging_mixin.py:188} INFO - [2025-08-17T06:00:23.375+0000] {dagbag.py:355} ERROR - Failed to import: /opt/airflow/dags/steam_pipeline_dag.py
Traceback (most recent call last):
  File "/home/airflow/.local/lib/python3.12/site-packages/airflow/models/dagbag.py", line 351, in parse
    loader.exec_module(new_module)
  File "<frozen importlib._bootstrap_external>", line 995, in exec_module
  File "<frozen importlib._bootstrap>", line 488, in _call_with_frames_removed
  File "/opt/airflow/dags/steam_pipeline_dag.py", line 13, in <module>
    from etl.bronze_extract import extract_app
  File "/opt/airflow/etl/bronze_extract.py", line 3, in <module>
    from tqdm import tqdm
ModuleNotFoundError: No module named 'tqdm'
[2025-08-17T06:00:23.386+0000] {processor.py:842} WARNING - No viable dags retrieved from /opt/airflow/dags/steam_pipeline_dag.py
[2025-08-17T06:00:23.406+0000] {processor.py:183} INFO - Processing /opt/airflow/dags/steam_pipeline_dag.py took 0.138 seconds
[2025-08-17T06:00:54.158+0000] {processor.py:161} INFO - Started process (PID=144) to work on /opt/airflow/dags/steam_pipeline_dag.py
[2025-08-17T06:00:54.159+0000] {processor.py:830} INFO - Processing file /opt/airflow/dags/steam_pipeline_dag.py for tasks to queue
[2025-08-17T06:00:54.162+0000] {logging_mixin.py:188} INFO - [2025-08-17T06:00:54.161+0000] {dagbag.py:545} INFO - Filling up the DagBag from /opt/airflow/dags/steam_pipeline_dag.py
[2025-08-17T06:00:54.222+0000] {logging_mixin.py:188} INFO - [2025-08-17T06:00:54.214+0000] {dagbag.py:355} ERROR - Failed to import: /opt/airflow/dags/steam_pipeline_dag.py
Traceback (most recent call last):
  File "/home/airflow/.local/lib/python3.12/site-packages/airflow/models/dagbag.py", line 351, in parse
    loader.exec_module(new_module)
  File "<frozen importlib._bootstrap_external>", line 995, in exec_module
  File "<frozen importlib._bootstrap>", line 488, in _call_with_frames_removed
  File "/opt/airflow/dags/steam_pipeline_dag.py", line 13, in <module>
    from etl.bronze_extract import extract_app
  File "/opt/airflow/etl/bronze_extract.py", line 3, in <module>
    from tqdm import tqdm
ModuleNotFoundError: No module named 'tqdm'
[2025-08-17T06:00:54.225+0000] {processor.py:842} WARNING - No viable dags retrieved from /opt/airflow/dags/steam_pipeline_dag.py
[2025-08-17T06:00:54.242+0000] {processor.py:183} INFO - Processing /opt/airflow/dags/steam_pipeline_dag.py took 0.089 seconds
[2025-08-17T06:01:25.344+0000] {processor.py:161} INFO - Started process (PID=145) to work on /opt/airflow/dags/steam_pipeline_dag.py
[2025-08-17T06:01:25.345+0000] {processor.py:830} INFO - Processing file /opt/airflow/dags/steam_pipeline_dag.py for tasks to queue
[2025-08-17T06:01:25.348+0000] {logging_mixin.py:188} INFO - [2025-08-17T06:01:25.347+0000] {dagbag.py:545} INFO - Filling up the DagBag from /opt/airflow/dags/steam_pipeline_dag.py
[2025-08-17T06:01:25.423+0000] {logging_mixin.py:188} INFO - [2025-08-17T06:01:25.415+0000] {dagbag.py:355} ERROR - Failed to import: /opt/airflow/dags/steam_pipeline_dag.py
Traceback (most recent call last):
  File "/home/airflow/.local/lib/python3.12/site-packages/airflow/models/dagbag.py", line 351, in parse
    loader.exec_module(new_module)
  File "<frozen importlib._bootstrap_external>", line 995, in exec_module
  File "<frozen importlib._bootstrap>", line 488, in _call_with_frames_removed
  File "/opt/airflow/dags/steam_pipeline_dag.py", line 13, in <module>
    from etl.bronze_extract import extract_app
  File "/opt/airflow/etl/bronze_extract.py", line 3, in <module>
    from tqdm import tqdm
ModuleNotFoundError: No module named 'tqdm'
[2025-08-17T06:01:25.426+0000] {processor.py:842} WARNING - No viable dags retrieved from /opt/airflow/dags/steam_pipeline_dag.py
[2025-08-17T06:01:25.442+0000] {processor.py:183} INFO - Processing /opt/airflow/dags/steam_pipeline_dag.py took 0.104 seconds
[2025-08-17T06:01:56.300+0000] {processor.py:161} INFO - Started process (PID=146) to work on /opt/airflow/dags/steam_pipeline_dag.py
[2025-08-17T06:01:56.302+0000] {processor.py:830} INFO - Processing file /opt/airflow/dags/steam_pipeline_dag.py for tasks to queue
[2025-08-17T06:01:56.304+0000] {logging_mixin.py:188} INFO - [2025-08-17T06:01:56.304+0000] {dagbag.py:545} INFO - Filling up the DagBag from /opt/airflow/dags/steam_pipeline_dag.py
[2025-08-17T06:01:56.391+0000] {logging_mixin.py:188} INFO - [2025-08-17T06:01:56.381+0000] {dagbag.py:355} ERROR - Failed to import: /opt/airflow/dags/steam_pipeline_dag.py
Traceback (most recent call last):
  File "/home/airflow/.local/lib/python3.12/site-packages/airflow/models/dagbag.py", line 351, in parse
    loader.exec_module(new_module)
  File "<frozen importlib._bootstrap_external>", line 995, in exec_module
  File "<frozen importlib._bootstrap>", line 488, in _call_with_frames_removed
  File "/opt/airflow/dags/steam_pipeline_dag.py", line 13, in <module>
    from etl.bronze_extract import extract_app
  File "/opt/airflow/etl/bronze_extract.py", line 3, in <module>
    from tqdm import tqdm
ModuleNotFoundError: No module named 'tqdm'
[2025-08-17T06:01:56.395+0000] {processor.py:842} WARNING - No viable dags retrieved from /opt/airflow/dags/steam_pipeline_dag.py
[2025-08-17T06:01:56.420+0000] {processor.py:183} INFO - Processing /opt/airflow/dags/steam_pipeline_dag.py took 0.127 seconds
[2025-08-17T06:02:26.606+0000] {processor.py:161} INFO - Started process (PID=147) to work on /opt/airflow/dags/steam_pipeline_dag.py
[2025-08-17T06:02:26.607+0000] {processor.py:830} INFO - Processing file /opt/airflow/dags/steam_pipeline_dag.py for tasks to queue
[2025-08-17T06:02:26.612+0000] {logging_mixin.py:188} INFO - [2025-08-17T06:02:26.611+0000] {dagbag.py:545} INFO - Filling up the DagBag from /opt/airflow/dags/steam_pipeline_dag.py
[2025-08-17T06:02:26.678+0000] {logging_mixin.py:188} INFO - [2025-08-17T06:02:26.670+0000] {dagbag.py:355} ERROR - Failed to import: /opt/airflow/dags/steam_pipeline_dag.py
Traceback (most recent call last):
  File "/home/airflow/.local/lib/python3.12/site-packages/airflow/models/dagbag.py", line 351, in parse
    loader.exec_module(new_module)
  File "<frozen importlib._bootstrap_external>", line 995, in exec_module
  File "<frozen importlib._bootstrap>", line 488, in _call_with_frames_removed
  File "/opt/airflow/dags/steam_pipeline_dag.py", line 13, in <module>
    from etl.bronze_extract import extract_app
  File "/opt/airflow/etl/bronze_extract.py", line 3, in <module>
    from tqdm import tqdm
ModuleNotFoundError: No module named 'tqdm'
[2025-08-17T06:02:26.680+0000] {processor.py:842} WARNING - No viable dags retrieved from /opt/airflow/dags/steam_pipeline_dag.py
[2025-08-17T06:02:26.701+0000] {processor.py:183} INFO - Processing /opt/airflow/dags/steam_pipeline_dag.py took 0.102 seconds
[2025-08-17T06:02:57.287+0000] {processor.py:161} INFO - Started process (PID=148) to work on /opt/airflow/dags/steam_pipeline_dag.py
[2025-08-17T06:02:57.289+0000] {processor.py:830} INFO - Processing file /opt/airflow/dags/steam_pipeline_dag.py for tasks to queue
[2025-08-17T06:02:57.293+0000] {logging_mixin.py:188} INFO - [2025-08-17T06:02:57.292+0000] {dagbag.py:545} INFO - Filling up the DagBag from /opt/airflow/dags/steam_pipeline_dag.py
[2025-08-17T06:02:57.365+0000] {logging_mixin.py:188} INFO - [2025-08-17T06:02:57.356+0000] {dagbag.py:355} ERROR - Failed to import: /opt/airflow/dags/steam_pipeline_dag.py
Traceback (most recent call last):
  File "/home/airflow/.local/lib/python3.12/site-packages/airflow/models/dagbag.py", line 351, in parse
    loader.exec_module(new_module)
  File "<frozen importlib._bootstrap_external>", line 995, in exec_module
  File "<frozen importlib._bootstrap>", line 488, in _call_with_frames_removed
  File "/opt/airflow/dags/steam_pipeline_dag.py", line 13, in <module>
    from etl.bronze_extract import extract_app
  File "/opt/airflow/etl/bronze_extract.py", line 3, in <module>
    from tqdm import tqdm
ModuleNotFoundError: No module named 'tqdm'
[2025-08-17T06:02:57.368+0000] {processor.py:842} WARNING - No viable dags retrieved from /opt/airflow/dags/steam_pipeline_dag.py
[2025-08-17T06:02:57.395+0000] {processor.py:183} INFO - Processing /opt/airflow/dags/steam_pipeline_dag.py took 0.116 seconds
[2025-08-17T06:03:28.345+0000] {processor.py:161} INFO - Started process (PID=149) to work on /opt/airflow/dags/steam_pipeline_dag.py
[2025-08-17T06:03:28.347+0000] {processor.py:830} INFO - Processing file /opt/airflow/dags/steam_pipeline_dag.py for tasks to queue
[2025-08-17T06:03:28.350+0000] {logging_mixin.py:188} INFO - [2025-08-17T06:03:28.349+0000] {dagbag.py:545} INFO - Filling up the DagBag from /opt/airflow/dags/steam_pipeline_dag.py
[2025-08-17T06:03:28.444+0000] {logging_mixin.py:188} INFO - [2025-08-17T06:03:28.437+0000] {dagbag.py:355} ERROR - Failed to import: /opt/airflow/dags/steam_pipeline_dag.py
Traceback (most recent call last):
  File "/home/airflow/.local/lib/python3.12/site-packages/airflow/models/dagbag.py", line 351, in parse
    loader.exec_module(new_module)
  File "<frozen importlib._bootstrap_external>", line 995, in exec_module
  File "<frozen importlib._bootstrap>", line 488, in _call_with_frames_removed
  File "/opt/airflow/dags/steam_pipeline_dag.py", line 13, in <module>
    from etl.bronze_extract import extract_app
  File "/opt/airflow/etl/bronze_extract.py", line 3, in <module>
    from tqdm import tqdm
ModuleNotFoundError: No module named 'tqdm'
[2025-08-17T06:03:28.447+0000] {processor.py:842} WARNING - No viable dags retrieved from /opt/airflow/dags/steam_pipeline_dag.py
[2025-08-17T06:03:28.466+0000] {processor.py:183} INFO - Processing /opt/airflow/dags/steam_pipeline_dag.py took 0.129 seconds
[2025-08-17T06:03:59.056+0000] {processor.py:161} INFO - Started process (PID=150) to work on /opt/airflow/dags/steam_pipeline_dag.py
[2025-08-17T06:03:59.057+0000] {processor.py:830} INFO - Processing file /opt/airflow/dags/steam_pipeline_dag.py for tasks to queue
[2025-08-17T06:03:59.059+0000] {logging_mixin.py:188} INFO - [2025-08-17T06:03:59.059+0000] {dagbag.py:545} INFO - Filling up the DagBag from /opt/airflow/dags/steam_pipeline_dag.py
[2025-08-17T06:03:59.114+0000] {logging_mixin.py:188} INFO - [2025-08-17T06:03:59.106+0000] {dagbag.py:355} ERROR - Failed to import: /opt/airflow/dags/steam_pipeline_dag.py
Traceback (most recent call last):
  File "/home/airflow/.local/lib/python3.12/site-packages/airflow/models/dagbag.py", line 351, in parse
    loader.exec_module(new_module)
  File "<frozen importlib._bootstrap_external>", line 995, in exec_module
  File "<frozen importlib._bootstrap>", line 488, in _call_with_frames_removed
  File "/opt/airflow/dags/steam_pipeline_dag.py", line 13, in <module>
    from etl.bronze_extract import extract_app
  File "/opt/airflow/etl/bronze_extract.py", line 3, in <module>
    from tqdm import tqdm
ModuleNotFoundError: No module named 'tqdm'
[2025-08-17T06:03:59.117+0000] {processor.py:842} WARNING - No viable dags retrieved from /opt/airflow/dags/steam_pipeline_dag.py
[2025-08-17T06:03:59.130+0000] {processor.py:183} INFO - Processing /opt/airflow/dags/steam_pipeline_dag.py took 0.079 seconds
[2025-08-17T06:04:29.953+0000] {processor.py:161} INFO - Started process (PID=151) to work on /opt/airflow/dags/steam_pipeline_dag.py
[2025-08-17T06:04:29.954+0000] {processor.py:830} INFO - Processing file /opt/airflow/dags/steam_pipeline_dag.py for tasks to queue
[2025-08-17T06:04:29.957+0000] {logging_mixin.py:188} INFO - [2025-08-17T06:04:29.957+0000] {dagbag.py:545} INFO - Filling up the DagBag from /opt/airflow/dags/steam_pipeline_dag.py
[2025-08-17T06:04:30.019+0000] {logging_mixin.py:188} INFO - [2025-08-17T06:04:30.013+0000] {dagbag.py:355} ERROR - Failed to import: /opt/airflow/dags/steam_pipeline_dag.py
Traceback (most recent call last):
  File "/home/airflow/.local/lib/python3.12/site-packages/airflow/models/dagbag.py", line 351, in parse
    loader.exec_module(new_module)
  File "<frozen importlib._bootstrap_external>", line 995, in exec_module
  File "<frozen importlib._bootstrap>", line 488, in _call_with_frames_removed
  File "/opt/airflow/dags/steam_pipeline_dag.py", line 13, in <module>
    from etl.bronze_extract import extract_app
  File "/opt/airflow/etl/bronze_extract.py", line 3, in <module>
    from tqdm import tqdm
ModuleNotFoundError: No module named 'tqdm'
[2025-08-17T06:04:30.023+0000] {processor.py:842} WARNING - No viable dags retrieved from /opt/airflow/dags/steam_pipeline_dag.py
[2025-08-17T06:04:30.041+0000] {processor.py:183} INFO - Processing /opt/airflow/dags/steam_pipeline_dag.py took 0.095 seconds
[2025-08-17T06:05:00.255+0000] {processor.py:161} INFO - Started process (PID=152) to work on /opt/airflow/dags/steam_pipeline_dag.py
[2025-08-17T06:05:00.256+0000] {processor.py:830} INFO - Processing file /opt/airflow/dags/steam_pipeline_dag.py for tasks to queue
[2025-08-17T06:05:00.260+0000] {logging_mixin.py:188} INFO - [2025-08-17T06:05:00.259+0000] {dagbag.py:545} INFO - Filling up the DagBag from /opt/airflow/dags/steam_pipeline_dag.py
[2025-08-17T06:05:00.338+0000] {logging_mixin.py:188} INFO - [2025-08-17T06:05:00.329+0000] {dagbag.py:355} ERROR - Failed to import: /opt/airflow/dags/steam_pipeline_dag.py
Traceback (most recent call last):
  File "/home/airflow/.local/lib/python3.12/site-packages/airflow/models/dagbag.py", line 351, in parse
    loader.exec_module(new_module)
  File "<frozen importlib._bootstrap_external>", line 995, in exec_module
  File "<frozen importlib._bootstrap>", line 488, in _call_with_frames_removed
  File "/opt/airflow/dags/steam_pipeline_dag.py", line 13, in <module>
    from etl.bronze_extract import extract_app
  File "/opt/airflow/etl/bronze_extract.py", line 3, in <module>
    from tqdm import tqdm
ModuleNotFoundError: No module named 'tqdm'
[2025-08-17T06:05:00.341+0000] {processor.py:842} WARNING - No viable dags retrieved from /opt/airflow/dags/steam_pipeline_dag.py
[2025-08-17T06:05:00.359+0000] {processor.py:183} INFO - Processing /opt/airflow/dags/steam_pipeline_dag.py took 0.111 seconds
[2025-08-17T06:05:31.280+0000] {processor.py:161} INFO - Started process (PID=153) to work on /opt/airflow/dags/steam_pipeline_dag.py
[2025-08-17T06:05:31.282+0000] {processor.py:830} INFO - Processing file /opt/airflow/dags/steam_pipeline_dag.py for tasks to queue
[2025-08-17T06:05:31.285+0000] {logging_mixin.py:188} INFO - [2025-08-17T06:05:31.285+0000] {dagbag.py:545} INFO - Filling up the DagBag from /opt/airflow/dags/steam_pipeline_dag.py
[2025-08-17T06:05:31.365+0000] {logging_mixin.py:188} INFO - [2025-08-17T06:05:31.353+0000] {dagbag.py:355} ERROR - Failed to import: /opt/airflow/dags/steam_pipeline_dag.py
Traceback (most recent call last):
  File "/home/airflow/.local/lib/python3.12/site-packages/airflow/models/dagbag.py", line 351, in parse
    loader.exec_module(new_module)
  File "<frozen importlib._bootstrap_external>", line 995, in exec_module
  File "<frozen importlib._bootstrap>", line 488, in _call_with_frames_removed
  File "/opt/airflow/dags/steam_pipeline_dag.py", line 13, in <module>
    from etl.bronze_extract import extract_app
  File "/opt/airflow/etl/bronze_extract.py", line 3, in <module>
    from tqdm import tqdm
ModuleNotFoundError: No module named 'tqdm'
[2025-08-17T06:05:31.369+0000] {processor.py:842} WARNING - No viable dags retrieved from /opt/airflow/dags/steam_pipeline_dag.py
[2025-08-17T06:05:31.399+0000] {processor.py:183} INFO - Processing /opt/airflow/dags/steam_pipeline_dag.py took 0.127 seconds
[2025-08-17T06:06:01.980+0000] {processor.py:161} INFO - Started process (PID=154) to work on /opt/airflow/dags/steam_pipeline_dag.py
[2025-08-17T06:06:01.982+0000] {processor.py:830} INFO - Processing file /opt/airflow/dags/steam_pipeline_dag.py for tasks to queue
[2025-08-17T06:06:01.984+0000] {logging_mixin.py:188} INFO - [2025-08-17T06:06:01.984+0000] {dagbag.py:545} INFO - Filling up the DagBag from /opt/airflow/dags/steam_pipeline_dag.py
[2025-08-17T06:06:02.062+0000] {logging_mixin.py:188} INFO - [2025-08-17T06:06:02.055+0000] {dagbag.py:355} ERROR - Failed to import: /opt/airflow/dags/steam_pipeline_dag.py
Traceback (most recent call last):
  File "/home/airflow/.local/lib/python3.12/site-packages/airflow/models/dagbag.py", line 351, in parse
    loader.exec_module(new_module)
  File "<frozen importlib._bootstrap_external>", line 995, in exec_module
  File "<frozen importlib._bootstrap>", line 488, in _call_with_frames_removed
  File "/opt/airflow/dags/steam_pipeline_dag.py", line 13, in <module>
    from etl.bronze_extract import extract_app
  File "/opt/airflow/etl/bronze_extract.py", line 3, in <module>
    from tqdm import tqdm
ModuleNotFoundError: No module named 'tqdm'
[2025-08-17T06:06:02.065+0000] {processor.py:842} WARNING - No viable dags retrieved from /opt/airflow/dags/steam_pipeline_dag.py
[2025-08-17T06:06:02.092+0000] {processor.py:183} INFO - Processing /opt/airflow/dags/steam_pipeline_dag.py took 0.117 seconds
[2025-08-17T06:06:32.274+0000] {processor.py:161} INFO - Started process (PID=155) to work on /opt/airflow/dags/steam_pipeline_dag.py
[2025-08-17T06:06:32.276+0000] {processor.py:830} INFO - Processing file /opt/airflow/dags/steam_pipeline_dag.py for tasks to queue
[2025-08-17T06:06:32.278+0000] {logging_mixin.py:188} INFO - [2025-08-17T06:06:32.277+0000] {dagbag.py:545} INFO - Filling up the DagBag from /opt/airflow/dags/steam_pipeline_dag.py
[2025-08-17T06:06:32.333+0000] {logging_mixin.py:188} INFO - [2025-08-17T06:06:32.325+0000] {dagbag.py:355} ERROR - Failed to import: /opt/airflow/dags/steam_pipeline_dag.py
Traceback (most recent call last):
  File "/home/airflow/.local/lib/python3.12/site-packages/airflow/models/dagbag.py", line 351, in parse
    loader.exec_module(new_module)
  File "<frozen importlib._bootstrap_external>", line 995, in exec_module
  File "<frozen importlib._bootstrap>", line 488, in _call_with_frames_removed
  File "/opt/airflow/dags/steam_pipeline_dag.py", line 13, in <module>
    from etl.bronze_extract import extract_app
  File "/opt/airflow/etl/bronze_extract.py", line 3, in <module>
    from tqdm import tqdm
ModuleNotFoundError: No module named 'tqdm'
[2025-08-17T06:06:32.342+0000] {processor.py:842} WARNING - No viable dags retrieved from /opt/airflow/dags/steam_pipeline_dag.py
[2025-08-17T06:06:32.369+0000] {processor.py:183} INFO - Processing /opt/airflow/dags/steam_pipeline_dag.py took 0.101 seconds
[2025-08-17T06:07:03.203+0000] {processor.py:161} INFO - Started process (PID=156) to work on /opt/airflow/dags/steam_pipeline_dag.py
[2025-08-17T06:07:03.204+0000] {processor.py:830} INFO - Processing file /opt/airflow/dags/steam_pipeline_dag.py for tasks to queue
[2025-08-17T06:07:03.207+0000] {logging_mixin.py:188} INFO - [2025-08-17T06:07:03.206+0000] {dagbag.py:545} INFO - Filling up the DagBag from /opt/airflow/dags/steam_pipeline_dag.py
[2025-08-17T06:07:03.263+0000] {logging_mixin.py:188} INFO - [2025-08-17T06:07:03.256+0000] {dagbag.py:355} ERROR - Failed to import: /opt/airflow/dags/steam_pipeline_dag.py
Traceback (most recent call last):
  File "/home/airflow/.local/lib/python3.12/site-packages/airflow/models/dagbag.py", line 351, in parse
    loader.exec_module(new_module)
  File "<frozen importlib._bootstrap_external>", line 995, in exec_module
  File "<frozen importlib._bootstrap>", line 488, in _call_with_frames_removed
  File "/opt/airflow/dags/steam_pipeline_dag.py", line 13, in <module>
    from etl.bronze_extract import extract_app
  File "/opt/airflow/etl/bronze_extract.py", line 3, in <module>
    from tqdm import tqdm
ModuleNotFoundError: No module named 'tqdm'
[2025-08-17T06:07:03.266+0000] {processor.py:842} WARNING - No viable dags retrieved from /opt/airflow/dags/steam_pipeline_dag.py
[2025-08-17T06:07:03.282+0000] {processor.py:183} INFO - Processing /opt/airflow/dags/steam_pipeline_dag.py took 0.085 seconds
[2025-08-17T06:07:33.940+0000] {processor.py:161} INFO - Started process (PID=157) to work on /opt/airflow/dags/steam_pipeline_dag.py
[2025-08-17T06:07:33.942+0000] {processor.py:830} INFO - Processing file /opt/airflow/dags/steam_pipeline_dag.py for tasks to queue
[2025-08-17T06:07:33.944+0000] {logging_mixin.py:188} INFO - [2025-08-17T06:07:33.944+0000] {dagbag.py:545} INFO - Filling up the DagBag from /opt/airflow/dags/steam_pipeline_dag.py
[2025-08-17T06:07:34.212+0000] {logging_mixin.py:188} INFO - [2025-08-17T06:07:34.195+0000] {dagbag.py:355} ERROR - Failed to import: /opt/airflow/dags/steam_pipeline_dag.py
Traceback (most recent call last):
  File "/home/airflow/.local/lib/python3.12/site-packages/airflow/models/dagbag.py", line 351, in parse
    loader.exec_module(new_module)
  File "<frozen importlib._bootstrap_external>", line 995, in exec_module
  File "<frozen importlib._bootstrap>", line 488, in _call_with_frames_removed
  File "/opt/airflow/dags/steam_pipeline_dag.py", line 13, in <module>
    from etl.bronze_extract import extract_app
  File "/opt/airflow/etl/bronze_extract.py", line 3, in <module>
    from tqdm import tqdm
ModuleNotFoundError: No module named 'tqdm'
[2025-08-17T06:07:34.216+0000] {processor.py:842} WARNING - No viable dags retrieved from /opt/airflow/dags/steam_pipeline_dag.py
[2025-08-17T06:07:34.239+0000] {processor.py:183} INFO - Processing /opt/airflow/dags/steam_pipeline_dag.py took 0.305 seconds
[2025-08-17T06:08:05.508+0000] {processor.py:161} INFO - Started process (PID=158) to work on /opt/airflow/dags/steam_pipeline_dag.py
[2025-08-17T06:08:05.510+0000] {processor.py:830} INFO - Processing file /opt/airflow/dags/steam_pipeline_dag.py for tasks to queue
[2025-08-17T06:08:05.513+0000] {logging_mixin.py:188} INFO - [2025-08-17T06:08:05.512+0000] {dagbag.py:545} INFO - Filling up the DagBag from /opt/airflow/dags/steam_pipeline_dag.py
[2025-08-17T06:08:05.591+0000] {logging_mixin.py:188} INFO - [2025-08-17T06:08:05.583+0000] {dagbag.py:355} ERROR - Failed to import: /opt/airflow/dags/steam_pipeline_dag.py
Traceback (most recent call last):
  File "/home/airflow/.local/lib/python3.12/site-packages/airflow/models/dagbag.py", line 351, in parse
    loader.exec_module(new_module)
  File "<frozen importlib._bootstrap_external>", line 995, in exec_module
  File "<frozen importlib._bootstrap>", line 488, in _call_with_frames_removed
  File "/opt/airflow/dags/steam_pipeline_dag.py", line 13, in <module>
    from etl.bronze_extract import extract_app
  File "/opt/airflow/etl/bronze_extract.py", line 3, in <module>
    from tqdm import tqdm
ModuleNotFoundError: No module named 'tqdm'
[2025-08-17T06:08:05.594+0000] {processor.py:842} WARNING - No viable dags retrieved from /opt/airflow/dags/steam_pipeline_dag.py
[2025-08-17T06:08:05.613+0000] {processor.py:183} INFO - Processing /opt/airflow/dags/steam_pipeline_dag.py took 0.111 seconds
[2025-08-17T06:08:36.396+0000] {processor.py:161} INFO - Started process (PID=159) to work on /opt/airflow/dags/steam_pipeline_dag.py
[2025-08-17T06:08:36.398+0000] {processor.py:830} INFO - Processing file /opt/airflow/dags/steam_pipeline_dag.py for tasks to queue
[2025-08-17T06:08:36.400+0000] {logging_mixin.py:188} INFO - [2025-08-17T06:08:36.400+0000] {dagbag.py:545} INFO - Filling up the DagBag from /opt/airflow/dags/steam_pipeline_dag.py
[2025-08-17T06:08:36.451+0000] {logging_mixin.py:188} INFO - [2025-08-17T06:08:36.445+0000] {dagbag.py:355} ERROR - Failed to import: /opt/airflow/dags/steam_pipeline_dag.py
Traceback (most recent call last):
  File "/home/airflow/.local/lib/python3.12/site-packages/airflow/models/dagbag.py", line 351, in parse
    loader.exec_module(new_module)
  File "<frozen importlib._bootstrap_external>", line 995, in exec_module
  File "<frozen importlib._bootstrap>", line 488, in _call_with_frames_removed
  File "/opt/airflow/dags/steam_pipeline_dag.py", line 13, in <module>
    from etl.bronze_extract import extract_app
  File "/opt/airflow/etl/bronze_extract.py", line 3, in <module>
    from tqdm import tqdm
ModuleNotFoundError: No module named 'tqdm'
[2025-08-17T06:08:36.454+0000] {processor.py:842} WARNING - No viable dags retrieved from /opt/airflow/dags/steam_pipeline_dag.py
[2025-08-17T06:08:36.474+0000] {processor.py:183} INFO - Processing /opt/airflow/dags/steam_pipeline_dag.py took 0.083 seconds
[2025-08-17T06:09:06.979+0000] {processor.py:161} INFO - Started process (PID=160) to work on /opt/airflow/dags/steam_pipeline_dag.py
[2025-08-17T06:09:06.980+0000] {processor.py:830} INFO - Processing file /opt/airflow/dags/steam_pipeline_dag.py for tasks to queue
[2025-08-17T06:09:06.982+0000] {logging_mixin.py:188} INFO - [2025-08-17T06:09:06.981+0000] {dagbag.py:545} INFO - Filling up the DagBag from /opt/airflow/dags/steam_pipeline_dag.py
[2025-08-17T06:09:07.043+0000] {logging_mixin.py:188} INFO - [2025-08-17T06:09:07.029+0000] {dagbag.py:355} ERROR - Failed to import: /opt/airflow/dags/steam_pipeline_dag.py
Traceback (most recent call last):
  File "/home/airflow/.local/lib/python3.12/site-packages/airflow/models/dagbag.py", line 351, in parse
    loader.exec_module(new_module)
  File "<frozen importlib._bootstrap_external>", line 995, in exec_module
  File "<frozen importlib._bootstrap>", line 488, in _call_with_frames_removed
  File "/opt/airflow/dags/steam_pipeline_dag.py", line 13, in <module>
    from etl.bronze_extract import extract_app
  File "/opt/airflow/etl/bronze_extract.py", line 3, in <module>
    from tqdm import tqdm
ModuleNotFoundError: No module named 'tqdm'
[2025-08-17T06:09:07.070+0000] {processor.py:842} WARNING - No viable dags retrieved from /opt/airflow/dags/steam_pipeline_dag.py
[2025-08-17T06:09:07.090+0000] {processor.py:183} INFO - Processing /opt/airflow/dags/steam_pipeline_dag.py took 0.117 seconds
[2025-08-17T06:09:37.516+0000] {processor.py:161} INFO - Started process (PID=161) to work on /opt/airflow/dags/steam_pipeline_dag.py
[2025-08-17T06:09:37.517+0000] {processor.py:830} INFO - Processing file /opt/airflow/dags/steam_pipeline_dag.py for tasks to queue
[2025-08-17T06:09:37.521+0000] {logging_mixin.py:188} INFO - [2025-08-17T06:09:37.520+0000] {dagbag.py:545} INFO - Filling up the DagBag from /opt/airflow/dags/steam_pipeline_dag.py
[2025-08-17T06:09:37.594+0000] {logging_mixin.py:188} INFO - [2025-08-17T06:09:37.585+0000] {dagbag.py:355} ERROR - Failed to import: /opt/airflow/dags/steam_pipeline_dag.py
Traceback (most recent call last):
  File "/home/airflow/.local/lib/python3.12/site-packages/airflow/models/dagbag.py", line 351, in parse
    loader.exec_module(new_module)
  File "<frozen importlib._bootstrap_external>", line 995, in exec_module
  File "<frozen importlib._bootstrap>", line 488, in _call_with_frames_removed
  File "/opt/airflow/dags/steam_pipeline_dag.py", line 13, in <module>
    from etl.bronze_extract import extract_app
  File "/opt/airflow/etl/bronze_extract.py", line 3, in <module>
    from tqdm import tqdm
ModuleNotFoundError: No module named 'tqdm'
[2025-08-17T06:09:37.597+0000] {processor.py:842} WARNING - No viable dags retrieved from /opt/airflow/dags/steam_pipeline_dag.py
[2025-08-17T06:09:37.615+0000] {processor.py:183} INFO - Processing /opt/airflow/dags/steam_pipeline_dag.py took 0.108 seconds
[2025-08-17T06:10:08.867+0000] {processor.py:161} INFO - Started process (PID=162) to work on /opt/airflow/dags/steam_pipeline_dag.py
[2025-08-17T06:10:08.868+0000] {processor.py:830} INFO - Processing file /opt/airflow/dags/steam_pipeline_dag.py for tasks to queue
[2025-08-17T06:10:08.870+0000] {logging_mixin.py:188} INFO - [2025-08-17T06:10:08.869+0000] {dagbag.py:545} INFO - Filling up the DagBag from /opt/airflow/dags/steam_pipeline_dag.py
[2025-08-17T06:10:08.941+0000] {logging_mixin.py:188} INFO - [2025-08-17T06:10:08.932+0000] {dagbag.py:355} ERROR - Failed to import: /opt/airflow/dags/steam_pipeline_dag.py
Traceback (most recent call last):
  File "/home/airflow/.local/lib/python3.12/site-packages/airflow/models/dagbag.py", line 351, in parse
    loader.exec_module(new_module)
  File "<frozen importlib._bootstrap_external>", line 995, in exec_module
  File "<frozen importlib._bootstrap>", line 488, in _call_with_frames_removed
  File "/opt/airflow/dags/steam_pipeline_dag.py", line 13, in <module>
    from etl.bronze_extract import extract_app
  File "/opt/airflow/etl/bronze_extract.py", line 3, in <module>
    from tqdm import tqdm
ModuleNotFoundError: No module named 'tqdm'
[2025-08-17T06:10:08.945+0000] {processor.py:842} WARNING - No viable dags retrieved from /opt/airflow/dags/steam_pipeline_dag.py
[2025-08-17T06:10:08.962+0000] {processor.py:183} INFO - Processing /opt/airflow/dags/steam_pipeline_dag.py took 0.101 seconds
[2025-08-17T06:10:39.488+0000] {processor.py:161} INFO - Started process (PID=163) to work on /opt/airflow/dags/steam_pipeline_dag.py
[2025-08-17T06:10:39.489+0000] {processor.py:830} INFO - Processing file /opt/airflow/dags/steam_pipeline_dag.py for tasks to queue
[2025-08-17T06:10:39.492+0000] {logging_mixin.py:188} INFO - [2025-08-17T06:10:39.491+0000] {dagbag.py:545} INFO - Filling up the DagBag from /opt/airflow/dags/steam_pipeline_dag.py
[2025-08-17T06:10:39.563+0000] {logging_mixin.py:188} INFO - [2025-08-17T06:10:39.555+0000] {dagbag.py:355} ERROR - Failed to import: /opt/airflow/dags/steam_pipeline_dag.py
Traceback (most recent call last):
  File "/home/airflow/.local/lib/python3.12/site-packages/airflow/models/dagbag.py", line 351, in parse
    loader.exec_module(new_module)
  File "<frozen importlib._bootstrap_external>", line 995, in exec_module
  File "<frozen importlib._bootstrap>", line 488, in _call_with_frames_removed
  File "/opt/airflow/dags/steam_pipeline_dag.py", line 13, in <module>
    from etl.bronze_extract import extract_app
  File "/opt/airflow/etl/bronze_extract.py", line 3, in <module>
    from tqdm import tqdm
ModuleNotFoundError: No module named 'tqdm'
[2025-08-17T06:10:39.567+0000] {processor.py:842} WARNING - No viable dags retrieved from /opt/airflow/dags/steam_pipeline_dag.py
[2025-08-17T06:10:39.584+0000] {processor.py:183} INFO - Processing /opt/airflow/dags/steam_pipeline_dag.py took 0.113 seconds
[2025-08-17T06:11:09.875+0000] {processor.py:161} INFO - Started process (PID=164) to work on /opt/airflow/dags/steam_pipeline_dag.py
[2025-08-17T06:11:09.883+0000] {processor.py:830} INFO - Processing file /opt/airflow/dags/steam_pipeline_dag.py for tasks to queue
[2025-08-17T06:11:09.893+0000] {logging_mixin.py:188} INFO - [2025-08-17T06:11:09.892+0000] {dagbag.py:545} INFO - Filling up the DagBag from /opt/airflow/dags/steam_pipeline_dag.py
[2025-08-17T06:11:09.969+0000] {logging_mixin.py:188} INFO - [2025-08-17T06:11:09.962+0000] {dagbag.py:355} ERROR - Failed to import: /opt/airflow/dags/steam_pipeline_dag.py
Traceback (most recent call last):
  File "/home/airflow/.local/lib/python3.12/site-packages/airflow/models/dagbag.py", line 351, in parse
    loader.exec_module(new_module)
  File "<frozen importlib._bootstrap_external>", line 995, in exec_module
  File "<frozen importlib._bootstrap>", line 488, in _call_with_frames_removed
  File "/opt/airflow/dags/steam_pipeline_dag.py", line 13, in <module>
    from etl.bronze_extract import extract_app
  File "/opt/airflow/etl/bronze_extract.py", line 3, in <module>
    from tqdm import tqdm
ModuleNotFoundError: No module named 'tqdm'
[2025-08-17T06:11:09.972+0000] {processor.py:842} WARNING - No viable dags retrieved from /opt/airflow/dags/steam_pipeline_dag.py
[2025-08-17T06:11:09.992+0000] {processor.py:183} INFO - Processing /opt/airflow/dags/steam_pipeline_dag.py took 0.123 seconds
[2025-08-17T06:11:41.251+0000] {processor.py:161} INFO - Started process (PID=165) to work on /opt/airflow/dags/steam_pipeline_dag.py
[2025-08-17T06:11:41.253+0000] {processor.py:830} INFO - Processing file /opt/airflow/dags/steam_pipeline_dag.py for tasks to queue
[2025-08-17T06:11:41.255+0000] {logging_mixin.py:188} INFO - [2025-08-17T06:11:41.255+0000] {dagbag.py:545} INFO - Filling up the DagBag from /opt/airflow/dags/steam_pipeline_dag.py
[2025-08-17T06:11:41.313+0000] {logging_mixin.py:188} INFO - [2025-08-17T06:11:41.306+0000] {dagbag.py:355} ERROR - Failed to import: /opt/airflow/dags/steam_pipeline_dag.py
Traceback (most recent call last):
  File "/home/airflow/.local/lib/python3.12/site-packages/airflow/models/dagbag.py", line 351, in parse
    loader.exec_module(new_module)
  File "<frozen importlib._bootstrap_external>", line 995, in exec_module
  File "<frozen importlib._bootstrap>", line 488, in _call_with_frames_removed
  File "/opt/airflow/dags/steam_pipeline_dag.py", line 13, in <module>
    from etl.bronze_extract import extract_app
  File "/opt/airflow/etl/bronze_extract.py", line 3, in <module>
    from tqdm import tqdm
ModuleNotFoundError: No module named 'tqdm'
[2025-08-17T06:11:41.316+0000] {processor.py:842} WARNING - No viable dags retrieved from /opt/airflow/dags/steam_pipeline_dag.py
[2025-08-17T06:11:41.336+0000] {processor.py:183} INFO - Processing /opt/airflow/dags/steam_pipeline_dag.py took 0.092 seconds
[2025-08-17T06:12:12.305+0000] {processor.py:161} INFO - Started process (PID=166) to work on /opt/airflow/dags/steam_pipeline_dag.py
[2025-08-17T06:12:12.307+0000] {processor.py:830} INFO - Processing file /opt/airflow/dags/steam_pipeline_dag.py for tasks to queue
[2025-08-17T06:12:12.313+0000] {logging_mixin.py:188} INFO - [2025-08-17T06:12:12.312+0000] {dagbag.py:545} INFO - Filling up the DagBag from /opt/airflow/dags/steam_pipeline_dag.py
[2025-08-17T06:12:12.390+0000] {logging_mixin.py:188} INFO - [2025-08-17T06:12:12.382+0000] {dagbag.py:355} ERROR - Failed to import: /opt/airflow/dags/steam_pipeline_dag.py
Traceback (most recent call last):
  File "/home/airflow/.local/lib/python3.12/site-packages/airflow/models/dagbag.py", line 351, in parse
    loader.exec_module(new_module)
  File "<frozen importlib._bootstrap_external>", line 995, in exec_module
  File "<frozen importlib._bootstrap>", line 488, in _call_with_frames_removed
  File "/opt/airflow/dags/steam_pipeline_dag.py", line 13, in <module>
    from etl.bronze_extract import extract_app
  File "/opt/airflow/etl/bronze_extract.py", line 3, in <module>
    from tqdm import tqdm
ModuleNotFoundError: No module named 'tqdm'
[2025-08-17T06:12:12.393+0000] {processor.py:842} WARNING - No viable dags retrieved from /opt/airflow/dags/steam_pipeline_dag.py
[2025-08-17T06:12:12.407+0000] {processor.py:183} INFO - Processing /opt/airflow/dags/steam_pipeline_dag.py took 0.106 seconds
[2025-08-17T06:12:42.726+0000] {processor.py:161} INFO - Started process (PID=167) to work on /opt/airflow/dags/steam_pipeline_dag.py
[2025-08-17T06:12:42.727+0000] {processor.py:830} INFO - Processing file /opt/airflow/dags/steam_pipeline_dag.py for tasks to queue
[2025-08-17T06:12:42.729+0000] {logging_mixin.py:188} INFO - [2025-08-17T06:12:42.729+0000] {dagbag.py:545} INFO - Filling up the DagBag from /opt/airflow/dags/steam_pipeline_dag.py
[2025-08-17T06:12:42.813+0000] {logging_mixin.py:188} INFO - [2025-08-17T06:12:42.802+0000] {dagbag.py:355} ERROR - Failed to import: /opt/airflow/dags/steam_pipeline_dag.py
Traceback (most recent call last):
  File "/home/airflow/.local/lib/python3.12/site-packages/airflow/models/dagbag.py", line 351, in parse
    loader.exec_module(new_module)
  File "<frozen importlib._bootstrap_external>", line 995, in exec_module
  File "<frozen importlib._bootstrap>", line 488, in _call_with_frames_removed
  File "/opt/airflow/dags/steam_pipeline_dag.py", line 13, in <module>
    from etl.bronze_extract import extract_app
  File "/opt/airflow/etl/bronze_extract.py", line 3, in <module>
    from tqdm import tqdm
ModuleNotFoundError: No module named 'tqdm'
[2025-08-17T06:12:42.816+0000] {processor.py:842} WARNING - No viable dags retrieved from /opt/airflow/dags/steam_pipeline_dag.py
[2025-08-17T06:12:42.835+0000] {processor.py:183} INFO - Processing /opt/airflow/dags/steam_pipeline_dag.py took 0.115 seconds
[2025-08-17T06:13:13.461+0000] {processor.py:161} INFO - Started process (PID=168) to work on /opt/airflow/dags/steam_pipeline_dag.py
[2025-08-17T06:13:13.463+0000] {processor.py:830} INFO - Processing file /opt/airflow/dags/steam_pipeline_dag.py for tasks to queue
[2025-08-17T06:13:13.465+0000] {logging_mixin.py:188} INFO - [2025-08-17T06:13:13.464+0000] {dagbag.py:545} INFO - Filling up the DagBag from /opt/airflow/dags/steam_pipeline_dag.py
[2025-08-17T06:13:13.541+0000] {logging_mixin.py:188} INFO - [2025-08-17T06:13:13.531+0000] {dagbag.py:355} ERROR - Failed to import: /opt/airflow/dags/steam_pipeline_dag.py
Traceback (most recent call last):
  File "/home/airflow/.local/lib/python3.12/site-packages/airflow/models/dagbag.py", line 351, in parse
    loader.exec_module(new_module)
  File "<frozen importlib._bootstrap_external>", line 995, in exec_module
  File "<frozen importlib._bootstrap>", line 488, in _call_with_frames_removed
  File "/opt/airflow/dags/steam_pipeline_dag.py", line 13, in <module>
    from etl.bronze_extract import extract_app
  File "/opt/airflow/etl/bronze_extract.py", line 3, in <module>
    from tqdm import tqdm
ModuleNotFoundError: No module named 'tqdm'
[2025-08-17T06:13:13.544+0000] {processor.py:842} WARNING - No viable dags retrieved from /opt/airflow/dags/steam_pipeline_dag.py
[2025-08-17T06:13:13.563+0000] {processor.py:183} INFO - Processing /opt/airflow/dags/steam_pipeline_dag.py took 0.108 seconds
[2025-08-17T06:13:44.496+0000] {processor.py:161} INFO - Started process (PID=169) to work on /opt/airflow/dags/steam_pipeline_dag.py
[2025-08-17T06:13:44.497+0000] {processor.py:830} INFO - Processing file /opt/airflow/dags/steam_pipeline_dag.py for tasks to queue
[2025-08-17T06:13:44.499+0000] {logging_mixin.py:188} INFO - [2025-08-17T06:13:44.499+0000] {dagbag.py:545} INFO - Filling up the DagBag from /opt/airflow/dags/steam_pipeline_dag.py
[2025-08-17T06:13:44.548+0000] {logging_mixin.py:188} INFO - [2025-08-17T06:13:44.542+0000] {dagbag.py:355} ERROR - Failed to import: /opt/airflow/dags/steam_pipeline_dag.py
Traceback (most recent call last):
  File "/home/airflow/.local/lib/python3.12/site-packages/airflow/models/dagbag.py", line 351, in parse
    loader.exec_module(new_module)
  File "<frozen importlib._bootstrap_external>", line 995, in exec_module
  File "<frozen importlib._bootstrap>", line 488, in _call_with_frames_removed
  File "/opt/airflow/dags/steam_pipeline_dag.py", line 13, in <module>
    from etl.bronze_extract import extract_app
  File "/opt/airflow/etl/bronze_extract.py", line 3, in <module>
    from tqdm import tqdm
ModuleNotFoundError: No module named 'tqdm'
[2025-08-17T06:13:44.550+0000] {processor.py:842} WARNING - No viable dags retrieved from /opt/airflow/dags/steam_pipeline_dag.py
[2025-08-17T06:13:44.565+0000] {processor.py:183} INFO - Processing /opt/airflow/dags/steam_pipeline_dag.py took 0.073 seconds
[2025-08-17T06:20:25.747+0000] {processor.py:161} INFO - Started process (PID=53) to work on /opt/airflow/dags/steam_pipeline_dag.py
[2025-08-17T06:20:25.749+0000] {processor.py:830} INFO - Processing file /opt/airflow/dags/steam_pipeline_dag.py for tasks to queue
[2025-08-17T06:20:25.752+0000] {logging_mixin.py:188} INFO - [2025-08-17T06:20:25.751+0000] {dagbag.py:545} INFO - Filling up the DagBag from /opt/airflow/dags/steam_pipeline_dag.py
[2025-08-17T06:20:25.836+0000] {logging_mixin.py:188} INFO - [2025-08-17T06:20:25.825+0000] {dagbag.py:355} ERROR - Failed to import: /opt/airflow/dags/steam_pipeline_dag.py
Traceback (most recent call last):
  File "/home/airflow/.local/lib/python3.12/site-packages/airflow/models/dagbag.py", line 351, in parse
    loader.exec_module(new_module)
  File "<frozen importlib._bootstrap_external>", line 995, in exec_module
  File "<frozen importlib._bootstrap>", line 488, in _call_with_frames_removed
  File "/opt/airflow/dags/steam_pipeline_dag.py", line 13, in <module>
    from etl.bronze_extract import extract_app
  File "/opt/airflow/etl/bronze_extract.py", line 3, in <module>
    from tqdm import tqdm
ModuleNotFoundError: No module named 'tqdm'
[2025-08-17T06:20:25.840+0000] {processor.py:842} WARNING - No viable dags retrieved from /opt/airflow/dags/steam_pipeline_dag.py
[2025-08-17T06:20:25.858+0000] {processor.py:183} INFO - Processing /opt/airflow/dags/steam_pipeline_dag.py took 0.116 seconds
[2025-08-17T06:20:56.356+0000] {processor.py:161} INFO - Started process (PID=131) to work on /opt/airflow/dags/steam_pipeline_dag.py
[2025-08-17T06:20:56.357+0000] {processor.py:830} INFO - Processing file /opt/airflow/dags/steam_pipeline_dag.py for tasks to queue
[2025-08-17T06:20:56.360+0000] {logging_mixin.py:188} INFO - [2025-08-17T06:20:56.359+0000] {dagbag.py:545} INFO - Filling up the DagBag from /opt/airflow/dags/steam_pipeline_dag.py
[2025-08-17T06:20:56.436+0000] {logging_mixin.py:188} INFO - [2025-08-17T06:20:56.426+0000] {dagbag.py:355} ERROR - Failed to import: /opt/airflow/dags/steam_pipeline_dag.py
Traceback (most recent call last):
  File "/home/airflow/.local/lib/python3.12/site-packages/airflow/models/dagbag.py", line 351, in parse
    loader.exec_module(new_module)
  File "<frozen importlib._bootstrap_external>", line 995, in exec_module
  File "<frozen importlib._bootstrap>", line 488, in _call_with_frames_removed
  File "/opt/airflow/dags/steam_pipeline_dag.py", line 13, in <module>
    from etl.bronze_extract import extract_app
  File "/opt/airflow/etl/bronze_extract.py", line 3, in <module>
    from tqdm import tqdm
ModuleNotFoundError: No module named 'tqdm'
[2025-08-17T06:20:56.439+0000] {processor.py:842} WARNING - No viable dags retrieved from /opt/airflow/dags/steam_pipeline_dag.py
[2025-08-17T06:20:56.460+0000] {processor.py:183} INFO - Processing /opt/airflow/dags/steam_pipeline_dag.py took 0.112 seconds
[2025-08-17T06:21:26.820+0000] {processor.py:161} INFO - Started process (PID=132) to work on /opt/airflow/dags/steam_pipeline_dag.py
[2025-08-17T06:21:26.821+0000] {processor.py:830} INFO - Processing file /opt/airflow/dags/steam_pipeline_dag.py for tasks to queue
[2025-08-17T06:21:26.823+0000] {logging_mixin.py:188} INFO - [2025-08-17T06:21:26.823+0000] {dagbag.py:545} INFO - Filling up the DagBag from /opt/airflow/dags/steam_pipeline_dag.py
[2025-08-17T06:21:26.878+0000] {logging_mixin.py:188} INFO - [2025-08-17T06:21:26.870+0000] {dagbag.py:355} ERROR - Failed to import: /opt/airflow/dags/steam_pipeline_dag.py
Traceback (most recent call last):
  File "/home/airflow/.local/lib/python3.12/site-packages/airflow/models/dagbag.py", line 351, in parse
    loader.exec_module(new_module)
  File "<frozen importlib._bootstrap_external>", line 995, in exec_module
  File "<frozen importlib._bootstrap>", line 488, in _call_with_frames_removed
  File "/opt/airflow/dags/steam_pipeline_dag.py", line 13, in <module>
    from etl.bronze_extract import extract_app
  File "/opt/airflow/etl/bronze_extract.py", line 3, in <module>
    from tqdm import tqdm
ModuleNotFoundError: No module named 'tqdm'
[2025-08-17T06:21:26.880+0000] {processor.py:842} WARNING - No viable dags retrieved from /opt/airflow/dags/steam_pipeline_dag.py
[2025-08-17T06:21:26.894+0000] {processor.py:183} INFO - Processing /opt/airflow/dags/steam_pipeline_dag.py took 0.081 seconds
[2025-08-17T06:21:57.784+0000] {processor.py:161} INFO - Started process (PID=133) to work on /opt/airflow/dags/steam_pipeline_dag.py
[2025-08-17T06:21:57.786+0000] {processor.py:830} INFO - Processing file /opt/airflow/dags/steam_pipeline_dag.py for tasks to queue
[2025-08-17T06:21:57.788+0000] {logging_mixin.py:188} INFO - [2025-08-17T06:21:57.787+0000] {dagbag.py:545} INFO - Filling up the DagBag from /opt/airflow/dags/steam_pipeline_dag.py
[2025-08-17T06:21:57.861+0000] {logging_mixin.py:188} INFO - [2025-08-17T06:21:57.852+0000] {dagbag.py:355} ERROR - Failed to import: /opt/airflow/dags/steam_pipeline_dag.py
Traceback (most recent call last):
  File "/home/airflow/.local/lib/python3.12/site-packages/airflow/models/dagbag.py", line 351, in parse
    loader.exec_module(new_module)
  File "<frozen importlib._bootstrap_external>", line 995, in exec_module
  File "<frozen importlib._bootstrap>", line 488, in _call_with_frames_removed
  File "/opt/airflow/dags/steam_pipeline_dag.py", line 13, in <module>
    from etl.bronze_extract import extract_app
  File "/opt/airflow/etl/bronze_extract.py", line 3, in <module>
    from tqdm import tqdm
ModuleNotFoundError: No module named 'tqdm'
[2025-08-17T06:21:57.864+0000] {processor.py:842} WARNING - No viable dags retrieved from /opt/airflow/dags/steam_pipeline_dag.py
[2025-08-17T06:21:57.882+0000] {processor.py:183} INFO - Processing /opt/airflow/dags/steam_pipeline_dag.py took 0.104 seconds
[2025-08-17T06:22:28.719+0000] {processor.py:161} INFO - Started process (PID=134) to work on /opt/airflow/dags/steam_pipeline_dag.py
[2025-08-17T06:22:28.720+0000] {processor.py:830} INFO - Processing file /opt/airflow/dags/steam_pipeline_dag.py for tasks to queue
[2025-08-17T06:22:28.722+0000] {logging_mixin.py:188} INFO - [2025-08-17T06:22:28.722+0000] {dagbag.py:545} INFO - Filling up the DagBag from /opt/airflow/dags/steam_pipeline_dag.py
[2025-08-17T06:22:28.836+0000] {logging_mixin.py:188} INFO - [2025-08-17T06:22:28.774+0000] {dagbag.py:355} ERROR - Failed to import: /opt/airflow/dags/steam_pipeline_dag.py
Traceback (most recent call last):
  File "/home/airflow/.local/lib/python3.12/site-packages/airflow/models/dagbag.py", line 351, in parse
    loader.exec_module(new_module)
  File "<frozen importlib._bootstrap_external>", line 995, in exec_module
  File "<frozen importlib._bootstrap>", line 488, in _call_with_frames_removed
  File "/opt/airflow/dags/steam_pipeline_dag.py", line 13, in <module>
    from etl.bronze_extract import extract_app
  File "/opt/airflow/etl/bronze_extract.py", line 3, in <module>
    from tqdm import tqdm
ModuleNotFoundError: No module named 'tqdm'
[2025-08-17T06:22:28.839+0000] {processor.py:842} WARNING - No viable dags retrieved from /opt/airflow/dags/steam_pipeline_dag.py
[2025-08-17T06:22:28.855+0000] {processor.py:183} INFO - Processing /opt/airflow/dags/steam_pipeline_dag.py took 0.141 seconds
[2025-08-17T06:22:59.013+0000] {processor.py:161} INFO - Started process (PID=135) to work on /opt/airflow/dags/steam_pipeline_dag.py
[2025-08-17T06:22:59.015+0000] {processor.py:830} INFO - Processing file /opt/airflow/dags/steam_pipeline_dag.py for tasks to queue
[2025-08-17T06:22:59.019+0000] {logging_mixin.py:188} INFO - [2025-08-17T06:22:59.018+0000] {dagbag.py:545} INFO - Filling up the DagBag from /opt/airflow/dags/steam_pipeline_dag.py
[2025-08-17T06:22:59.106+0000] {logging_mixin.py:188} INFO - [2025-08-17T06:22:59.096+0000] {dagbag.py:355} ERROR - Failed to import: /opt/airflow/dags/steam_pipeline_dag.py
Traceback (most recent call last):
  File "/home/airflow/.local/lib/python3.12/site-packages/airflow/models/dagbag.py", line 351, in parse
    loader.exec_module(new_module)
  File "<frozen importlib._bootstrap_external>", line 995, in exec_module
  File "<frozen importlib._bootstrap>", line 488, in _call_with_frames_removed
  File "/opt/airflow/dags/steam_pipeline_dag.py", line 13, in <module>
    from etl.bronze_extract import extract_app
  File "/opt/airflow/etl/bronze_extract.py", line 3, in <module>
    from tqdm import tqdm
ModuleNotFoundError: No module named 'tqdm'
[2025-08-17T06:22:59.109+0000] {processor.py:842} WARNING - No viable dags retrieved from /opt/airflow/dags/steam_pipeline_dag.py
[2025-08-17T06:22:59.128+0000] {processor.py:183} INFO - Processing /opt/airflow/dags/steam_pipeline_dag.py took 0.120 seconds
[2025-08-17T06:23:30.126+0000] {processor.py:161} INFO - Started process (PID=136) to work on /opt/airflow/dags/steam_pipeline_dag.py
[2025-08-17T06:23:30.128+0000] {processor.py:830} INFO - Processing file /opt/airflow/dags/steam_pipeline_dag.py for tasks to queue
[2025-08-17T06:23:30.130+0000] {logging_mixin.py:188} INFO - [2025-08-17T06:23:30.130+0000] {dagbag.py:545} INFO - Filling up the DagBag from /opt/airflow/dags/steam_pipeline_dag.py
[2025-08-17T06:23:30.205+0000] {logging_mixin.py:188} INFO - [2025-08-17T06:23:30.195+0000] {dagbag.py:355} ERROR - Failed to import: /opt/airflow/dags/steam_pipeline_dag.py
Traceback (most recent call last):
  File "/home/airflow/.local/lib/python3.12/site-packages/airflow/models/dagbag.py", line 351, in parse
    loader.exec_module(new_module)
  File "<frozen importlib._bootstrap_external>", line 995, in exec_module
  File "<frozen importlib._bootstrap>", line 488, in _call_with_frames_removed
  File "/opt/airflow/dags/steam_pipeline_dag.py", line 13, in <module>
    from etl.bronze_extract import extract_app
  File "/opt/airflow/etl/bronze_extract.py", line 3, in <module>
    from tqdm import tqdm
ModuleNotFoundError: No module named 'tqdm'
[2025-08-17T06:23:30.208+0000] {processor.py:842} WARNING - No viable dags retrieved from /opt/airflow/dags/steam_pipeline_dag.py
[2025-08-17T06:23:30.225+0000] {processor.py:183} INFO - Processing /opt/airflow/dags/steam_pipeline_dag.py took 0.105 seconds
[2025-08-17T06:24:00.919+0000] {processor.py:161} INFO - Started process (PID=137) to work on /opt/airflow/dags/steam_pipeline_dag.py
[2025-08-17T06:24:00.920+0000] {processor.py:830} INFO - Processing file /opt/airflow/dags/steam_pipeline_dag.py for tasks to queue
[2025-08-17T06:24:00.922+0000] {logging_mixin.py:188} INFO - [2025-08-17T06:24:00.922+0000] {dagbag.py:545} INFO - Filling up the DagBag from /opt/airflow/dags/steam_pipeline_dag.py
[2025-08-17T06:24:00.999+0000] {logging_mixin.py:188} INFO - [2025-08-17T06:24:00.992+0000] {dagbag.py:355} ERROR - Failed to import: /opt/airflow/dags/steam_pipeline_dag.py
Traceback (most recent call last):
  File "/home/airflow/.local/lib/python3.12/site-packages/airflow/models/dagbag.py", line 351, in parse
    loader.exec_module(new_module)
  File "<frozen importlib._bootstrap_external>", line 995, in exec_module
  File "<frozen importlib._bootstrap>", line 488, in _call_with_frames_removed
  File "/opt/airflow/dags/steam_pipeline_dag.py", line 13, in <module>
    from etl.bronze_extract import extract_app
  File "/opt/airflow/etl/bronze_extract.py", line 3, in <module>
    from tqdm import tqdm
ModuleNotFoundError: No module named 'tqdm'
[2025-08-17T06:24:01.003+0000] {processor.py:842} WARNING - No viable dags retrieved from /opt/airflow/dags/steam_pipeline_dag.py
[2025-08-17T06:24:01.021+0000] {processor.py:183} INFO - Processing /opt/airflow/dags/steam_pipeline_dag.py took 0.108 seconds
[2025-08-17T06:24:31.651+0000] {processor.py:161} INFO - Started process (PID=138) to work on /opt/airflow/dags/steam_pipeline_dag.py
[2025-08-17T06:24:31.653+0000] {processor.py:830} INFO - Processing file /opt/airflow/dags/steam_pipeline_dag.py for tasks to queue
[2025-08-17T06:24:31.657+0000] {logging_mixin.py:188} INFO - [2025-08-17T06:24:31.656+0000] {dagbag.py:545} INFO - Filling up the DagBag from /opt/airflow/dags/steam_pipeline_dag.py
[2025-08-17T06:24:31.748+0000] {logging_mixin.py:188} INFO - [2025-08-17T06:24:31.739+0000] {dagbag.py:355} ERROR - Failed to import: /opt/airflow/dags/steam_pipeline_dag.py
Traceback (most recent call last):
  File "/home/airflow/.local/lib/python3.12/site-packages/airflow/models/dagbag.py", line 351, in parse
    loader.exec_module(new_module)
  File "<frozen importlib._bootstrap_external>", line 995, in exec_module
  File "<frozen importlib._bootstrap>", line 488, in _call_with_frames_removed
  File "/opt/airflow/dags/steam_pipeline_dag.py", line 13, in <module>
    from etl.bronze_extract import extract_app
  File "/opt/airflow/etl/bronze_extract.py", line 3, in <module>
    from tqdm import tqdm
ModuleNotFoundError: No module named 'tqdm'
[2025-08-17T06:24:31.750+0000] {processor.py:842} WARNING - No viable dags retrieved from /opt/airflow/dags/steam_pipeline_dag.py
[2025-08-17T06:24:31.775+0000] {processor.py:183} INFO - Processing /opt/airflow/dags/steam_pipeline_dag.py took 0.133 seconds
[2025-08-17T06:25:02.102+0000] {processor.py:161} INFO - Started process (PID=139) to work on /opt/airflow/dags/steam_pipeline_dag.py
[2025-08-17T06:25:02.103+0000] {processor.py:830} INFO - Processing file /opt/airflow/dags/steam_pipeline_dag.py for tasks to queue
[2025-08-17T06:25:02.106+0000] {logging_mixin.py:188} INFO - [2025-08-17T06:25:02.105+0000] {dagbag.py:545} INFO - Filling up the DagBag from /opt/airflow/dags/steam_pipeline_dag.py
[2025-08-17T06:25:02.217+0000] {logging_mixin.py:188} INFO - [2025-08-17T06:25:02.208+0000] {dagbag.py:355} ERROR - Failed to import: /opt/airflow/dags/steam_pipeline_dag.py
Traceback (most recent call last):
  File "/home/airflow/.local/lib/python3.12/site-packages/airflow/models/dagbag.py", line 351, in parse
    loader.exec_module(new_module)
  File "<frozen importlib._bootstrap_external>", line 995, in exec_module
  File "<frozen importlib._bootstrap>", line 488, in _call_with_frames_removed
  File "/opt/airflow/dags/steam_pipeline_dag.py", line 13, in <module>
    from etl.bronze_extract import extract_app
  File "/opt/airflow/etl/bronze_extract.py", line 3, in <module>
    from tqdm import tqdm
ModuleNotFoundError: No module named 'tqdm'
[2025-08-17T06:25:02.220+0000] {processor.py:842} WARNING - No viable dags retrieved from /opt/airflow/dags/steam_pipeline_dag.py
[2025-08-17T06:25:02.243+0000] {processor.py:183} INFO - Processing /opt/airflow/dags/steam_pipeline_dag.py took 0.147 seconds
[2025-08-17T06:25:33.150+0000] {processor.py:161} INFO - Started process (PID=140) to work on /opt/airflow/dags/steam_pipeline_dag.py
[2025-08-17T06:25:33.151+0000] {processor.py:830} INFO - Processing file /opt/airflow/dags/steam_pipeline_dag.py for tasks to queue
[2025-08-17T06:25:33.153+0000] {logging_mixin.py:188} INFO - [2025-08-17T06:25:33.153+0000] {dagbag.py:545} INFO - Filling up the DagBag from /opt/airflow/dags/steam_pipeline_dag.py
[2025-08-17T06:25:33.203+0000] {logging_mixin.py:188} INFO - [2025-08-17T06:25:33.198+0000] {dagbag.py:355} ERROR - Failed to import: /opt/airflow/dags/steam_pipeline_dag.py
Traceback (most recent call last):
  File "/home/airflow/.local/lib/python3.12/site-packages/airflow/models/dagbag.py", line 351, in parse
    loader.exec_module(new_module)
  File "<frozen importlib._bootstrap_external>", line 995, in exec_module
  File "<frozen importlib._bootstrap>", line 488, in _call_with_frames_removed
  File "/opt/airflow/dags/steam_pipeline_dag.py", line 13, in <module>
    from etl.bronze_extract import extract_app
  File "/opt/airflow/etl/bronze_extract.py", line 3, in <module>
    from tqdm import tqdm
ModuleNotFoundError: No module named 'tqdm'
[2025-08-17T06:25:33.206+0000] {processor.py:842} WARNING - No viable dags retrieved from /opt/airflow/dags/steam_pipeline_dag.py
[2025-08-17T06:25:33.221+0000] {processor.py:183} INFO - Processing /opt/airflow/dags/steam_pipeline_dag.py took 0.078 seconds
[2025-08-17T06:26:03.633+0000] {processor.py:161} INFO - Started process (PID=141) to work on /opt/airflow/dags/steam_pipeline_dag.py
[2025-08-17T06:26:03.634+0000] {processor.py:830} INFO - Processing file /opt/airflow/dags/steam_pipeline_dag.py for tasks to queue
[2025-08-17T06:26:03.637+0000] {logging_mixin.py:188} INFO - [2025-08-17T06:26:03.637+0000] {dagbag.py:545} INFO - Filling up the DagBag from /opt/airflow/dags/steam_pipeline_dag.py
[2025-08-17T06:26:03.821+0000] {logging_mixin.py:188} INFO - [2025-08-17T06:26:03.807+0000] {dagbag.py:355} ERROR - Failed to import: /opt/airflow/dags/steam_pipeline_dag.py
Traceback (most recent call last):
  File "/home/airflow/.local/lib/python3.12/site-packages/airflow/models/dagbag.py", line 351, in parse
    loader.exec_module(new_module)
  File "<frozen importlib._bootstrap_external>", line 995, in exec_module
  File "<frozen importlib._bootstrap>", line 488, in _call_with_frames_removed
  File "/opt/airflow/dags/steam_pipeline_dag.py", line 13, in <module>
    from etl.bronze_extract import extract_app
  File "/opt/airflow/etl/bronze_extract.py", line 3, in <module>
    from tqdm import tqdm
ModuleNotFoundError: No module named 'tqdm'
[2025-08-17T06:26:03.825+0000] {processor.py:842} WARNING - No viable dags retrieved from /opt/airflow/dags/steam_pipeline_dag.py
[2025-08-17T06:26:03.843+0000] {processor.py:183} INFO - Processing /opt/airflow/dags/steam_pipeline_dag.py took 0.217 seconds
[2025-08-17T06:26:34.529+0000] {processor.py:161} INFO - Started process (PID=142) to work on /opt/airflow/dags/steam_pipeline_dag.py
[2025-08-17T06:26:34.531+0000] {processor.py:830} INFO - Processing file /opt/airflow/dags/steam_pipeline_dag.py for tasks to queue
[2025-08-17T06:26:34.534+0000] {logging_mixin.py:188} INFO - [2025-08-17T06:26:34.534+0000] {dagbag.py:545} INFO - Filling up the DagBag from /opt/airflow/dags/steam_pipeline_dag.py
[2025-08-17T06:26:34.628+0000] {logging_mixin.py:188} INFO - [2025-08-17T06:26:34.618+0000] {dagbag.py:355} ERROR - Failed to import: /opt/airflow/dags/steam_pipeline_dag.py
Traceback (most recent call last):
  File "/home/airflow/.local/lib/python3.12/site-packages/airflow/models/dagbag.py", line 351, in parse
    loader.exec_module(new_module)
  File "<frozen importlib._bootstrap_external>", line 995, in exec_module
  File "<frozen importlib._bootstrap>", line 488, in _call_with_frames_removed
  File "/opt/airflow/dags/steam_pipeline_dag.py", line 13, in <module>
    from etl.bronze_extract import extract_app
  File "/opt/airflow/etl/bronze_extract.py", line 3, in <module>
    from tqdm import tqdm
ModuleNotFoundError: No module named 'tqdm'
[2025-08-17T06:26:34.633+0000] {processor.py:842} WARNING - No viable dags retrieved from /opt/airflow/dags/steam_pipeline_dag.py
[2025-08-17T06:26:34.654+0000] {processor.py:183} INFO - Processing /opt/airflow/dags/steam_pipeline_dag.py took 0.132 seconds
[2025-08-17T06:27:04.927+0000] {processor.py:161} INFO - Started process (PID=143) to work on /opt/airflow/dags/steam_pipeline_dag.py
[2025-08-17T06:27:04.928+0000] {processor.py:830} INFO - Processing file /opt/airflow/dags/steam_pipeline_dag.py for tasks to queue
[2025-08-17T06:27:04.932+0000] {logging_mixin.py:188} INFO - [2025-08-17T06:27:04.931+0000] {dagbag.py:545} INFO - Filling up the DagBag from /opt/airflow/dags/steam_pipeline_dag.py
[2025-08-17T06:27:04.986+0000] {logging_mixin.py:188} INFO - [2025-08-17T06:27:04.979+0000] {dagbag.py:355} ERROR - Failed to import: /opt/airflow/dags/steam_pipeline_dag.py
Traceback (most recent call last):
  File "/home/airflow/.local/lib/python3.12/site-packages/airflow/models/dagbag.py", line 351, in parse
    loader.exec_module(new_module)
  File "<frozen importlib._bootstrap_external>", line 995, in exec_module
  File "<frozen importlib._bootstrap>", line 488, in _call_with_frames_removed
  File "/opt/airflow/dags/steam_pipeline_dag.py", line 13, in <module>
    from etl.bronze_extract import extract_app
  File "/opt/airflow/etl/bronze_extract.py", line 3, in <module>
    from tqdm import tqdm
ModuleNotFoundError: No module named 'tqdm'
[2025-08-17T06:27:04.989+0000] {processor.py:842} WARNING - No viable dags retrieved from /opt/airflow/dags/steam_pipeline_dag.py
[2025-08-17T06:27:05.007+0000] {processor.py:183} INFO - Processing /opt/airflow/dags/steam_pipeline_dag.py took 0.089 seconds
[2025-08-17T06:27:35.563+0000] {processor.py:161} INFO - Started process (PID=144) to work on /opt/airflow/dags/steam_pipeline_dag.py
[2025-08-17T06:27:35.565+0000] {processor.py:830} INFO - Processing file /opt/airflow/dags/steam_pipeline_dag.py for tasks to queue
[2025-08-17T06:27:35.567+0000] {logging_mixin.py:188} INFO - [2025-08-17T06:27:35.567+0000] {dagbag.py:545} INFO - Filling up the DagBag from /opt/airflow/dags/steam_pipeline_dag.py
[2025-08-17T06:27:35.692+0000] {logging_mixin.py:188} INFO - [2025-08-17T06:27:35.682+0000] {dagbag.py:355} ERROR - Failed to import: /opt/airflow/dags/steam_pipeline_dag.py
Traceback (most recent call last):
  File "/home/airflow/.local/lib/python3.12/site-packages/airflow/models/dagbag.py", line 351, in parse
    loader.exec_module(new_module)
  File "<frozen importlib._bootstrap_external>", line 995, in exec_module
  File "<frozen importlib._bootstrap>", line 488, in _call_with_frames_removed
  File "/opt/airflow/dags/steam_pipeline_dag.py", line 13, in <module>
    from etl.bronze_extract import extract_app
  File "/opt/airflow/etl/bronze_extract.py", line 3, in <module>
    from tqdm import tqdm
ModuleNotFoundError: No module named 'tqdm'
[2025-08-17T06:27:35.694+0000] {processor.py:842} WARNING - No viable dags retrieved from /opt/airflow/dags/steam_pipeline_dag.py
[2025-08-17T06:27:35.715+0000] {processor.py:183} INFO - Processing /opt/airflow/dags/steam_pipeline_dag.py took 0.166 seconds
[2025-08-17T06:28:05.964+0000] {processor.py:161} INFO - Started process (PID=145) to work on /opt/airflow/dags/steam_pipeline_dag.py
[2025-08-17T06:28:05.965+0000] {processor.py:830} INFO - Processing file /opt/airflow/dags/steam_pipeline_dag.py for tasks to queue
[2025-08-17T06:28:05.968+0000] {logging_mixin.py:188} INFO - [2025-08-17T06:28:05.967+0000] {dagbag.py:545} INFO - Filling up the DagBag from /opt/airflow/dags/steam_pipeline_dag.py
[2025-08-17T06:28:06.033+0000] {logging_mixin.py:188} INFO - [2025-08-17T06:28:06.024+0000] {dagbag.py:355} ERROR - Failed to import: /opt/airflow/dags/steam_pipeline_dag.py
Traceback (most recent call last):
  File "/home/airflow/.local/lib/python3.12/site-packages/airflow/models/dagbag.py", line 351, in parse
    loader.exec_module(new_module)
  File "<frozen importlib._bootstrap_external>", line 995, in exec_module
  File "<frozen importlib._bootstrap>", line 488, in _call_with_frames_removed
  File "/opt/airflow/dags/steam_pipeline_dag.py", line 13, in <module>
    from etl.bronze_extract import extract_app
  File "/opt/airflow/etl/bronze_extract.py", line 3, in <module>
    from tqdm import tqdm
ModuleNotFoundError: No module named 'tqdm'
[2025-08-17T06:28:06.035+0000] {processor.py:842} WARNING - No viable dags retrieved from /opt/airflow/dags/steam_pipeline_dag.py
[2025-08-17T06:28:06.055+0000] {processor.py:183} INFO - Processing /opt/airflow/dags/steam_pipeline_dag.py took 0.100 seconds
[2025-08-17T06:28:34.491+0000] {processor.py:161} INFO - Started process (PID=146) to work on /opt/airflow/dags/steam_pipeline_dag.py
[2025-08-17T06:28:34.492+0000] {processor.py:830} INFO - Processing file /opt/airflow/dags/steam_pipeline_dag.py for tasks to queue
[2025-08-17T06:28:34.496+0000] {logging_mixin.py:188} INFO - [2025-08-17T06:28:34.496+0000] {dagbag.py:545} INFO - Filling up the DagBag from /opt/airflow/dags/steam_pipeline_dag.py
[2025-08-17T06:28:34.553+0000] {logging_mixin.py:188} INFO - [2025-08-17T06:28:34.546+0000] {dagbag.py:355} ERROR - Failed to import: /opt/airflow/dags/steam_pipeline_dag.py
Traceback (most recent call last):
  File "/home/airflow/.local/lib/python3.12/site-packages/airflow/models/dagbag.py", line 351, in parse
    loader.exec_module(new_module)
  File "<frozen importlib._bootstrap_external>", line 995, in exec_module
  File "<frozen importlib._bootstrap>", line 488, in _call_with_frames_removed
  File "/opt/airflow/dags/steam_pipeline_dag.py", line 13, in <module>
    from etl.bronze_extract import extract_app
  File "/opt/airflow/etl/bronze_extract.py", line 3, in <module>
    from tqdm import tqdm
ModuleNotFoundError: No module named 'tqdm'
[2025-08-17T06:28:34.556+0000] {processor.py:842} WARNING - No viable dags retrieved from /opt/airflow/dags/steam_pipeline_dag.py
[2025-08-17T06:28:34.580+0000] {processor.py:183} INFO - Processing /opt/airflow/dags/steam_pipeline_dag.py took 0.097 seconds
[2025-08-17T06:29:05.343+0000] {processor.py:161} INFO - Started process (PID=147) to work on /opt/airflow/dags/steam_pipeline_dag.py
[2025-08-17T06:29:05.344+0000] {processor.py:830} INFO - Processing file /opt/airflow/dags/steam_pipeline_dag.py for tasks to queue
[2025-08-17T06:29:05.347+0000] {logging_mixin.py:188} INFO - [2025-08-17T06:29:05.346+0000] {dagbag.py:545} INFO - Filling up the DagBag from /opt/airflow/dags/steam_pipeline_dag.py
[2025-08-17T06:29:05.419+0000] {logging_mixin.py:188} INFO - [2025-08-17T06:29:05.410+0000] {dagbag.py:355} ERROR - Failed to import: /opt/airflow/dags/steam_pipeline_dag.py
Traceback (most recent call last):
  File "/home/airflow/.local/lib/python3.12/site-packages/airflow/models/dagbag.py", line 351, in parse
    loader.exec_module(new_module)
  File "<frozen importlib._bootstrap_external>", line 995, in exec_module
  File "<frozen importlib._bootstrap>", line 488, in _call_with_frames_removed
  File "/opt/airflow/dags/steam_pipeline_dag.py", line 13, in <module>
    from etl.bronze_extract import extract_app
  File "/opt/airflow/etl/bronze_extract.py", line 3, in <module>
    from tqdm import tqdm
ModuleNotFoundError: No module named 'tqdm'
[2025-08-17T06:29:05.422+0000] {processor.py:842} WARNING - No viable dags retrieved from /opt/airflow/dags/steam_pipeline_dag.py
[2025-08-17T06:29:05.442+0000] {processor.py:183} INFO - Processing /opt/airflow/dags/steam_pipeline_dag.py took 0.105 seconds
[2025-08-17T06:29:35.612+0000] {processor.py:161} INFO - Started process (PID=148) to work on /opt/airflow/dags/steam_pipeline_dag.py
[2025-08-17T06:29:35.613+0000] {processor.py:830} INFO - Processing file /opt/airflow/dags/steam_pipeline_dag.py for tasks to queue
[2025-08-17T06:29:35.616+0000] {logging_mixin.py:188} INFO - [2025-08-17T06:29:35.615+0000] {dagbag.py:545} INFO - Filling up the DagBag from /opt/airflow/dags/steam_pipeline_dag.py
[2025-08-17T06:29:35.712+0000] {logging_mixin.py:188} INFO - [2025-08-17T06:29:35.697+0000] {dagbag.py:355} ERROR - Failed to import: /opt/airflow/dags/steam_pipeline_dag.py
Traceback (most recent call last):
  File "/home/airflow/.local/lib/python3.12/site-packages/airflow/models/dagbag.py", line 351, in parse
    loader.exec_module(new_module)
  File "<frozen importlib._bootstrap_external>", line 995, in exec_module
  File "<frozen importlib._bootstrap>", line 488, in _call_with_frames_removed
  File "/opt/airflow/dags/steam_pipeline_dag.py", line 13, in <module>
    from etl.bronze_extract import extract_app
  File "/opt/airflow/etl/bronze_extract.py", line 3, in <module>
    from tqdm import tqdm
ModuleNotFoundError: No module named 'tqdm'
[2025-08-17T06:29:35.715+0000] {processor.py:842} WARNING - No viable dags retrieved from /opt/airflow/dags/steam_pipeline_dag.py
[2025-08-17T06:29:35.734+0000] {processor.py:183} INFO - Processing /opt/airflow/dags/steam_pipeline_dag.py took 0.129 seconds
[2025-08-17T06:30:06.214+0000] {processor.py:161} INFO - Started process (PID=149) to work on /opt/airflow/dags/steam_pipeline_dag.py
[2025-08-17T06:30:06.215+0000] {processor.py:830} INFO - Processing file /opt/airflow/dags/steam_pipeline_dag.py for tasks to queue
[2025-08-17T06:30:06.219+0000] {logging_mixin.py:188} INFO - [2025-08-17T06:30:06.218+0000] {dagbag.py:545} INFO - Filling up the DagBag from /opt/airflow/dags/steam_pipeline_dag.py
[2025-08-17T06:30:06.290+0000] {logging_mixin.py:188} INFO - [2025-08-17T06:30:06.283+0000] {dagbag.py:355} ERROR - Failed to import: /opt/airflow/dags/steam_pipeline_dag.py
Traceback (most recent call last):
  File "/home/airflow/.local/lib/python3.12/site-packages/airflow/models/dagbag.py", line 351, in parse
    loader.exec_module(new_module)
  File "<frozen importlib._bootstrap_external>", line 995, in exec_module
  File "<frozen importlib._bootstrap>", line 488, in _call_with_frames_removed
  File "/opt/airflow/dags/steam_pipeline_dag.py", line 13, in <module>
    from etl.bronze_extract import extract_app
  File "/opt/airflow/etl/bronze_extract.py", line 3, in <module>
    from tqdm import tqdm
ModuleNotFoundError: No module named 'tqdm'
[2025-08-17T06:30:06.292+0000] {processor.py:842} WARNING - No viable dags retrieved from /opt/airflow/dags/steam_pipeline_dag.py
[2025-08-17T06:30:06.312+0000] {processor.py:183} INFO - Processing /opt/airflow/dags/steam_pipeline_dag.py took 0.106 seconds
[2025-08-17T06:30:36.522+0000] {processor.py:161} INFO - Started process (PID=150) to work on /opt/airflow/dags/steam_pipeline_dag.py
[2025-08-17T06:30:36.524+0000] {processor.py:830} INFO - Processing file /opt/airflow/dags/steam_pipeline_dag.py for tasks to queue
[2025-08-17T06:30:36.528+0000] {logging_mixin.py:188} INFO - [2025-08-17T06:30:36.528+0000] {dagbag.py:545} INFO - Filling up the DagBag from /opt/airflow/dags/steam_pipeline_dag.py
[2025-08-17T06:30:36.595+0000] {logging_mixin.py:188} INFO - [2025-08-17T06:30:36.588+0000] {dagbag.py:355} ERROR - Failed to import: /opt/airflow/dags/steam_pipeline_dag.py
Traceback (most recent call last):
  File "/home/airflow/.local/lib/python3.12/site-packages/airflow/models/dagbag.py", line 351, in parse
    loader.exec_module(new_module)
  File "<frozen importlib._bootstrap_external>", line 995, in exec_module
  File "<frozen importlib._bootstrap>", line 488, in _call_with_frames_removed
  File "/opt/airflow/dags/steam_pipeline_dag.py", line 13, in <module>
    from etl.bronze_extract import extract_app
  File "/opt/airflow/etl/bronze_extract.py", line 3, in <module>
    from tqdm import tqdm
ModuleNotFoundError: No module named 'tqdm'
[2025-08-17T06:30:36.597+0000] {processor.py:842} WARNING - No viable dags retrieved from /opt/airflow/dags/steam_pipeline_dag.py
[2025-08-17T06:30:36.622+0000] {processor.py:183} INFO - Processing /opt/airflow/dags/steam_pipeline_dag.py took 0.109 seconds
[2025-08-17T06:31:06.889+0000] {processor.py:161} INFO - Started process (PID=151) to work on /opt/airflow/dags/steam_pipeline_dag.py
[2025-08-17T06:31:06.890+0000] {processor.py:830} INFO - Processing file /opt/airflow/dags/steam_pipeline_dag.py for tasks to queue
[2025-08-17T06:31:06.892+0000] {logging_mixin.py:188} INFO - [2025-08-17T06:31:06.892+0000] {dagbag.py:545} INFO - Filling up the DagBag from /opt/airflow/dags/steam_pipeline_dag.py
[2025-08-17T06:31:06.966+0000] {logging_mixin.py:188} INFO - [2025-08-17T06:31:06.958+0000] {dagbag.py:355} ERROR - Failed to import: /opt/airflow/dags/steam_pipeline_dag.py
Traceback (most recent call last):
  File "/home/airflow/.local/lib/python3.12/site-packages/airflow/models/dagbag.py", line 351, in parse
    loader.exec_module(new_module)
  File "<frozen importlib._bootstrap_external>", line 995, in exec_module
  File "<frozen importlib._bootstrap>", line 488, in _call_with_frames_removed
  File "/opt/airflow/dags/steam_pipeline_dag.py", line 13, in <module>
    from etl.bronze_extract import extract_app
  File "/opt/airflow/etl/bronze_extract.py", line 3, in <module>
    from tqdm import tqdm
ModuleNotFoundError: No module named 'tqdm'
[2025-08-17T06:31:06.969+0000] {processor.py:842} WARNING - No viable dags retrieved from /opt/airflow/dags/steam_pipeline_dag.py
[2025-08-17T06:31:06.989+0000] {processor.py:183} INFO - Processing /opt/airflow/dags/steam_pipeline_dag.py took 0.106 seconds
[2025-08-17T06:31:37.825+0000] {processor.py:161} INFO - Started process (PID=152) to work on /opt/airflow/dags/steam_pipeline_dag.py
[2025-08-17T06:31:37.826+0000] {processor.py:830} INFO - Processing file /opt/airflow/dags/steam_pipeline_dag.py for tasks to queue
[2025-08-17T06:31:37.829+0000] {logging_mixin.py:188} INFO - [2025-08-17T06:31:37.828+0000] {dagbag.py:545} INFO - Filling up the DagBag from /opt/airflow/dags/steam_pipeline_dag.py
[2025-08-17T06:31:37.907+0000] {logging_mixin.py:188} INFO - [2025-08-17T06:31:37.896+0000] {dagbag.py:355} ERROR - Failed to import: /opt/airflow/dags/steam_pipeline_dag.py
Traceback (most recent call last):
  File "/home/airflow/.local/lib/python3.12/site-packages/airflow/models/dagbag.py", line 351, in parse
    loader.exec_module(new_module)
  File "<frozen importlib._bootstrap_external>", line 995, in exec_module
  File "<frozen importlib._bootstrap>", line 488, in _call_with_frames_removed
  File "/opt/airflow/dags/steam_pipeline_dag.py", line 13, in <module>
    from etl.bronze_extract import extract_app
  File "/opt/airflow/etl/bronze_extract.py", line 3, in <module>
    from tqdm import tqdm
ModuleNotFoundError: No module named 'tqdm'
[2025-08-17T06:31:37.912+0000] {processor.py:842} WARNING - No viable dags retrieved from /opt/airflow/dags/steam_pipeline_dag.py
[2025-08-17T06:31:37.939+0000] {processor.py:183} INFO - Processing /opt/airflow/dags/steam_pipeline_dag.py took 0.120 seconds
[2025-08-17T06:32:08.381+0000] {processor.py:161} INFO - Started process (PID=153) to work on /opt/airflow/dags/steam_pipeline_dag.py
[2025-08-17T06:32:08.383+0000] {processor.py:830} INFO - Processing file /opt/airflow/dags/steam_pipeline_dag.py for tasks to queue
[2025-08-17T06:32:08.385+0000] {logging_mixin.py:188} INFO - [2025-08-17T06:32:08.384+0000] {dagbag.py:545} INFO - Filling up the DagBag from /opt/airflow/dags/steam_pipeline_dag.py
[2025-08-17T06:32:08.459+0000] {logging_mixin.py:188} INFO - [2025-08-17T06:32:08.452+0000] {dagbag.py:355} ERROR - Failed to import: /opt/airflow/dags/steam_pipeline_dag.py
Traceback (most recent call last):
  File "/home/airflow/.local/lib/python3.12/site-packages/airflow/models/dagbag.py", line 351, in parse
    loader.exec_module(new_module)
  File "<frozen importlib._bootstrap_external>", line 995, in exec_module
  File "<frozen importlib._bootstrap>", line 488, in _call_with_frames_removed
  File "/opt/airflow/dags/steam_pipeline_dag.py", line 13, in <module>
    from etl.bronze_extract import extract_app
  File "/opt/airflow/etl/bronze_extract.py", line 3, in <module>
    from tqdm import tqdm
ModuleNotFoundError: No module named 'tqdm'
[2025-08-17T06:32:08.465+0000] {processor.py:842} WARNING - No viable dags retrieved from /opt/airflow/dags/steam_pipeline_dag.py
[2025-08-17T06:32:08.482+0000] {processor.py:183} INFO - Processing /opt/airflow/dags/steam_pipeline_dag.py took 0.107 seconds
[2025-08-17T06:32:39.455+0000] {processor.py:161} INFO - Started process (PID=154) to work on /opt/airflow/dags/steam_pipeline_dag.py
[2025-08-17T06:32:39.462+0000] {processor.py:830} INFO - Processing file /opt/airflow/dags/steam_pipeline_dag.py for tasks to queue
[2025-08-17T06:32:39.464+0000] {logging_mixin.py:188} INFO - [2025-08-17T06:32:39.464+0000] {dagbag.py:545} INFO - Filling up the DagBag from /opt/airflow/dags/steam_pipeline_dag.py
[2025-08-17T06:32:39.535+0000] {logging_mixin.py:188} INFO - [2025-08-17T06:32:39.527+0000] {dagbag.py:355} ERROR - Failed to import: /opt/airflow/dags/steam_pipeline_dag.py
Traceback (most recent call last):
  File "/home/airflow/.local/lib/python3.12/site-packages/airflow/models/dagbag.py", line 351, in parse
    loader.exec_module(new_module)
  File "<frozen importlib._bootstrap_external>", line 995, in exec_module
  File "<frozen importlib._bootstrap>", line 488, in _call_with_frames_removed
  File "/opt/airflow/dags/steam_pipeline_dag.py", line 13, in <module>
    from etl.bronze_extract import extract_app
  File "/opt/airflow/etl/bronze_extract.py", line 3, in <module>
    from tqdm import tqdm
ModuleNotFoundError: No module named 'tqdm'
[2025-08-17T06:32:39.538+0000] {processor.py:842} WARNING - No viable dags retrieved from /opt/airflow/dags/steam_pipeline_dag.py
[2025-08-17T06:32:39.555+0000] {processor.py:183} INFO - Processing /opt/airflow/dags/steam_pipeline_dag.py took 0.106 seconds
[2025-08-17T06:33:09.843+0000] {processor.py:161} INFO - Started process (PID=155) to work on /opt/airflow/dags/steam_pipeline_dag.py
[2025-08-17T06:33:09.845+0000] {processor.py:830} INFO - Processing file /opt/airflow/dags/steam_pipeline_dag.py for tasks to queue
[2025-08-17T06:33:09.847+0000] {logging_mixin.py:188} INFO - [2025-08-17T06:33:09.847+0000] {dagbag.py:545} INFO - Filling up the DagBag from /opt/airflow/dags/steam_pipeline_dag.py
[2025-08-17T06:33:09.927+0000] {logging_mixin.py:188} INFO - [2025-08-17T06:33:09.918+0000] {dagbag.py:355} ERROR - Failed to import: /opt/airflow/dags/steam_pipeline_dag.py
Traceback (most recent call last):
  File "/home/airflow/.local/lib/python3.12/site-packages/airflow/models/dagbag.py", line 351, in parse
    loader.exec_module(new_module)
  File "<frozen importlib._bootstrap_external>", line 995, in exec_module
  File "<frozen importlib._bootstrap>", line 488, in _call_with_frames_removed
  File "/opt/airflow/dags/steam_pipeline_dag.py", line 13, in <module>
    from etl.bronze_extract import extract_app
  File "/opt/airflow/etl/bronze_extract.py", line 3, in <module>
    from tqdm import tqdm
ModuleNotFoundError: No module named 'tqdm'
[2025-08-17T06:33:09.930+0000] {processor.py:842} WARNING - No viable dags retrieved from /opt/airflow/dags/steam_pipeline_dag.py
[2025-08-17T06:33:09.952+0000] {processor.py:183} INFO - Processing /opt/airflow/dags/steam_pipeline_dag.py took 0.117 seconds
[2025-08-17T06:33:41.072+0000] {processor.py:161} INFO - Started process (PID=156) to work on /opt/airflow/dags/steam_pipeline_dag.py
[2025-08-17T06:33:41.073+0000] {processor.py:830} INFO - Processing file /opt/airflow/dags/steam_pipeline_dag.py for tasks to queue
[2025-08-17T06:33:41.075+0000] {logging_mixin.py:188} INFO - [2025-08-17T06:33:41.074+0000] {dagbag.py:545} INFO - Filling up the DagBag from /opt/airflow/dags/steam_pipeline_dag.py
[2025-08-17T06:33:41.136+0000] {logging_mixin.py:188} INFO - [2025-08-17T06:33:41.128+0000] {dagbag.py:355} ERROR - Failed to import: /opt/airflow/dags/steam_pipeline_dag.py
Traceback (most recent call last):
  File "/home/airflow/.local/lib/python3.12/site-packages/airflow/models/dagbag.py", line 351, in parse
    loader.exec_module(new_module)
  File "<frozen importlib._bootstrap_external>", line 995, in exec_module
  File "<frozen importlib._bootstrap>", line 488, in _call_with_frames_removed
  File "/opt/airflow/dags/steam_pipeline_dag.py", line 13, in <module>
    from etl.bronze_extract import extract_app
  File "/opt/airflow/etl/bronze_extract.py", line 3, in <module>
    from tqdm import tqdm
ModuleNotFoundError: No module named 'tqdm'
[2025-08-17T06:33:41.139+0000] {processor.py:842} WARNING - No viable dags retrieved from /opt/airflow/dags/steam_pipeline_dag.py
[2025-08-17T06:33:41.160+0000] {processor.py:183} INFO - Processing /opt/airflow/dags/steam_pipeline_dag.py took 0.094 seconds
[2025-08-17T06:34:11.588+0000] {processor.py:161} INFO - Started process (PID=157) to work on /opt/airflow/dags/steam_pipeline_dag.py
[2025-08-17T06:34:11.589+0000] {processor.py:830} INFO - Processing file /opt/airflow/dags/steam_pipeline_dag.py for tasks to queue
[2025-08-17T06:34:11.591+0000] {logging_mixin.py:188} INFO - [2025-08-17T06:34:11.591+0000] {dagbag.py:545} INFO - Filling up the DagBag from /opt/airflow/dags/steam_pipeline_dag.py
[2025-08-17T06:34:11.632+0000] {logging_mixin.py:188} INFO - [2025-08-17T06:34:11.627+0000] {dagbag.py:355} ERROR - Failed to import: /opt/airflow/dags/steam_pipeline_dag.py
Traceback (most recent call last):
  File "/home/airflow/.local/lib/python3.12/site-packages/airflow/models/dagbag.py", line 351, in parse
    loader.exec_module(new_module)
  File "<frozen importlib._bootstrap_external>", line 995, in exec_module
  File "<frozen importlib._bootstrap>", line 488, in _call_with_frames_removed
  File "/opt/airflow/dags/steam_pipeline_dag.py", line 13, in <module>
    from etl.bronze_extract import extract_app
  File "/opt/airflow/etl/bronze_extract.py", line 3, in <module>
    from tqdm import tqdm
ModuleNotFoundError: No module named 'tqdm'
[2025-08-17T06:34:11.634+0000] {processor.py:842} WARNING - No viable dags retrieved from /opt/airflow/dags/steam_pipeline_dag.py
[2025-08-17T06:34:11.650+0000] {processor.py:183} INFO - Processing /opt/airflow/dags/steam_pipeline_dag.py took 0.067 seconds
[2025-08-17T06:34:42.541+0000] {processor.py:161} INFO - Started process (PID=158) to work on /opt/airflow/dags/steam_pipeline_dag.py
[2025-08-17T06:34:42.542+0000] {processor.py:830} INFO - Processing file /opt/airflow/dags/steam_pipeline_dag.py for tasks to queue
[2025-08-17T06:34:42.544+0000] {logging_mixin.py:188} INFO - [2025-08-17T06:34:42.544+0000] {dagbag.py:545} INFO - Filling up the DagBag from /opt/airflow/dags/steam_pipeline_dag.py
[2025-08-17T06:34:42.609+0000] {logging_mixin.py:188} INFO - [2025-08-17T06:34:42.598+0000] {dagbag.py:355} ERROR - Failed to import: /opt/airflow/dags/steam_pipeline_dag.py
Traceback (most recent call last):
  File "/home/airflow/.local/lib/python3.12/site-packages/airflow/models/dagbag.py", line 351, in parse
    loader.exec_module(new_module)
  File "<frozen importlib._bootstrap_external>", line 995, in exec_module
  File "<frozen importlib._bootstrap>", line 488, in _call_with_frames_removed
  File "/opt/airflow/dags/steam_pipeline_dag.py", line 13, in <module>
    from etl.bronze_extract import extract_app
  File "/opt/airflow/etl/bronze_extract.py", line 3, in <module>
    from tqdm import tqdm
ModuleNotFoundError: No module named 'tqdm'
[2025-08-17T06:34:42.612+0000] {processor.py:842} WARNING - No viable dags retrieved from /opt/airflow/dags/steam_pipeline_dag.py
[2025-08-17T06:34:42.629+0000] {processor.py:183} INFO - Processing /opt/airflow/dags/steam_pipeline_dag.py took 0.094 seconds
[2025-08-17T06:35:13.171+0000] {processor.py:161} INFO - Started process (PID=159) to work on /opt/airflow/dags/steam_pipeline_dag.py
[2025-08-17T06:35:13.172+0000] {processor.py:830} INFO - Processing file /opt/airflow/dags/steam_pipeline_dag.py for tasks to queue
[2025-08-17T06:35:13.174+0000] {logging_mixin.py:188} INFO - [2025-08-17T06:35:13.174+0000] {dagbag.py:545} INFO - Filling up the DagBag from /opt/airflow/dags/steam_pipeline_dag.py
[2025-08-17T06:35:13.249+0000] {logging_mixin.py:188} INFO - [2025-08-17T06:35:13.240+0000] {dagbag.py:355} ERROR - Failed to import: /opt/airflow/dags/steam_pipeline_dag.py
Traceback (most recent call last):
  File "/home/airflow/.local/lib/python3.12/site-packages/airflow/models/dagbag.py", line 351, in parse
    loader.exec_module(new_module)
  File "<frozen importlib._bootstrap_external>", line 995, in exec_module
  File "<frozen importlib._bootstrap>", line 488, in _call_with_frames_removed
  File "/opt/airflow/dags/steam_pipeline_dag.py", line 13, in <module>
    from etl.bronze_extract import extract_app
  File "/opt/airflow/etl/bronze_extract.py", line 3, in <module>
    from tqdm import tqdm
ModuleNotFoundError: No module named 'tqdm'
[2025-08-17T06:35:13.252+0000] {processor.py:842} WARNING - No viable dags retrieved from /opt/airflow/dags/steam_pipeline_dag.py
[2025-08-17T06:35:13.269+0000] {processor.py:183} INFO - Processing /opt/airflow/dags/steam_pipeline_dag.py took 0.104 seconds
[2025-08-17T06:35:43.607+0000] {processor.py:161} INFO - Started process (PID=160) to work on /opt/airflow/dags/steam_pipeline_dag.py
[2025-08-17T06:35:43.608+0000] {processor.py:830} INFO - Processing file /opt/airflow/dags/steam_pipeline_dag.py for tasks to queue
[2025-08-17T06:35:43.610+0000] {logging_mixin.py:188} INFO - [2025-08-17T06:35:43.610+0000] {dagbag.py:545} INFO - Filling up the DagBag from /opt/airflow/dags/steam_pipeline_dag.py
[2025-08-17T06:35:43.749+0000] {logging_mixin.py:188} INFO - [2025-08-17T06:35:43.732+0000] {dagbag.py:355} ERROR - Failed to import: /opt/airflow/dags/steam_pipeline_dag.py
Traceback (most recent call last):
  File "/home/airflow/.local/lib/python3.12/site-packages/airflow/models/dagbag.py", line 351, in parse
    loader.exec_module(new_module)
  File "<frozen importlib._bootstrap_external>", line 995, in exec_module
  File "<frozen importlib._bootstrap>", line 488, in _call_with_frames_removed
  File "/opt/airflow/dags/steam_pipeline_dag.py", line 13, in <module>
    from etl.bronze_extract import extract_app
  File "/opt/airflow/etl/bronze_extract.py", line 3, in <module>
    from tqdm import tqdm
ModuleNotFoundError: No module named 'tqdm'
[2025-08-17T06:35:43.755+0000] {processor.py:842} WARNING - No viable dags retrieved from /opt/airflow/dags/steam_pipeline_dag.py
[2025-08-17T06:35:43.773+0000] {processor.py:183} INFO - Processing /opt/airflow/dags/steam_pipeline_dag.py took 0.173 seconds
[2025-08-17T06:36:14.270+0000] {processor.py:161} INFO - Started process (PID=161) to work on /opt/airflow/dags/steam_pipeline_dag.py
[2025-08-17T06:36:14.272+0000] {processor.py:830} INFO - Processing file /opt/airflow/dags/steam_pipeline_dag.py for tasks to queue
[2025-08-17T06:36:14.276+0000] {logging_mixin.py:188} INFO - [2025-08-17T06:36:14.275+0000] {dagbag.py:545} INFO - Filling up the DagBag from /opt/airflow/dags/steam_pipeline_dag.py
[2025-08-17T06:36:14.341+0000] {logging_mixin.py:188} INFO - [2025-08-17T06:36:14.332+0000] {dagbag.py:355} ERROR - Failed to import: /opt/airflow/dags/steam_pipeline_dag.py
Traceback (most recent call last):
  File "/home/airflow/.local/lib/python3.12/site-packages/airflow/models/dagbag.py", line 351, in parse
    loader.exec_module(new_module)
  File "<frozen importlib._bootstrap_external>", line 995, in exec_module
  File "<frozen importlib._bootstrap>", line 488, in _call_with_frames_removed
  File "/opt/airflow/dags/steam_pipeline_dag.py", line 13, in <module>
    from etl.bronze_extract import extract_app
  File "/opt/airflow/etl/bronze_extract.py", line 3, in <module>
    from tqdm import tqdm
ModuleNotFoundError: No module named 'tqdm'
[2025-08-17T06:36:14.343+0000] {processor.py:842} WARNING - No viable dags retrieved from /opt/airflow/dags/steam_pipeline_dag.py
[2025-08-17T06:36:14.360+0000] {processor.py:183} INFO - Processing /opt/airflow/dags/steam_pipeline_dag.py took 0.097 seconds
[2025-08-17T06:36:44.951+0000] {processor.py:161} INFO - Started process (PID=162) to work on /opt/airflow/dags/steam_pipeline_dag.py
[2025-08-17T06:36:44.953+0000] {processor.py:830} INFO - Processing file /opt/airflow/dags/steam_pipeline_dag.py for tasks to queue
[2025-08-17T06:36:44.955+0000] {logging_mixin.py:188} INFO - [2025-08-17T06:36:44.954+0000] {dagbag.py:545} INFO - Filling up the DagBag from /opt/airflow/dags/steam_pipeline_dag.py
[2025-08-17T06:36:45.016+0000] {logging_mixin.py:188} INFO - [2025-08-17T06:36:45.008+0000] {dagbag.py:355} ERROR - Failed to import: /opt/airflow/dags/steam_pipeline_dag.py
Traceback (most recent call last):
  File "/home/airflow/.local/lib/python3.12/site-packages/airflow/models/dagbag.py", line 351, in parse
    loader.exec_module(new_module)
  File "<frozen importlib._bootstrap_external>", line 995, in exec_module
  File "<frozen importlib._bootstrap>", line 488, in _call_with_frames_removed
  File "/opt/airflow/dags/steam_pipeline_dag.py", line 13, in <module>
    from etl.bronze_extract import extract_app
  File "/opt/airflow/etl/bronze_extract.py", line 3, in <module>
    from tqdm import tqdm
ModuleNotFoundError: No module named 'tqdm'
[2025-08-17T06:36:45.018+0000] {processor.py:842} WARNING - No viable dags retrieved from /opt/airflow/dags/steam_pipeline_dag.py
[2025-08-17T06:36:45.035+0000] {processor.py:183} INFO - Processing /opt/airflow/dags/steam_pipeline_dag.py took 0.090 seconds
[2025-08-17T06:37:15.337+0000] {processor.py:161} INFO - Started process (PID=163) to work on /opt/airflow/dags/steam_pipeline_dag.py
[2025-08-17T06:37:15.338+0000] {processor.py:830} INFO - Processing file /opt/airflow/dags/steam_pipeline_dag.py for tasks to queue
[2025-08-17T06:37:15.342+0000] {logging_mixin.py:188} INFO - [2025-08-17T06:37:15.342+0000] {dagbag.py:545} INFO - Filling up the DagBag from /opt/airflow/dags/steam_pipeline_dag.py
[2025-08-17T06:37:15.427+0000] {logging_mixin.py:188} INFO - [2025-08-17T06:37:15.410+0000] {dagbag.py:355} ERROR - Failed to import: /opt/airflow/dags/steam_pipeline_dag.py
Traceback (most recent call last):
  File "/home/airflow/.local/lib/python3.12/site-packages/airflow/models/dagbag.py", line 351, in parse
    loader.exec_module(new_module)
  File "<frozen importlib._bootstrap_external>", line 995, in exec_module
  File "<frozen importlib._bootstrap>", line 488, in _call_with_frames_removed
  File "/opt/airflow/dags/steam_pipeline_dag.py", line 13, in <module>
    from etl.bronze_extract import extract_app
  File "/opt/airflow/etl/bronze_extract.py", line 3, in <module>
    from tqdm import tqdm
ModuleNotFoundError: No module named 'tqdm'
[2025-08-17T06:37:15.433+0000] {processor.py:842} WARNING - No viable dags retrieved from /opt/airflow/dags/steam_pipeline_dag.py
[2025-08-17T06:37:15.451+0000] {processor.py:183} INFO - Processing /opt/airflow/dags/steam_pipeline_dag.py took 0.123 seconds
[2025-08-17T06:37:46.223+0000] {processor.py:161} INFO - Started process (PID=164) to work on /opt/airflow/dags/steam_pipeline_dag.py
[2025-08-17T06:37:46.224+0000] {processor.py:830} INFO - Processing file /opt/airflow/dags/steam_pipeline_dag.py for tasks to queue
[2025-08-17T06:37:46.227+0000] {logging_mixin.py:188} INFO - [2025-08-17T06:37:46.226+0000] {dagbag.py:545} INFO - Filling up the DagBag from /opt/airflow/dags/steam_pipeline_dag.py
[2025-08-17T06:37:46.376+0000] {logging_mixin.py:188} INFO - [2025-08-17T06:37:46.352+0000] {dagbag.py:355} ERROR - Failed to import: /opt/airflow/dags/steam_pipeline_dag.py
Traceback (most recent call last):
  File "/home/airflow/.local/lib/python3.12/site-packages/airflow/models/dagbag.py", line 351, in parse
    loader.exec_module(new_module)
  File "<frozen importlib._bootstrap_external>", line 995, in exec_module
  File "<frozen importlib._bootstrap>", line 488, in _call_with_frames_removed
  File "/opt/airflow/dags/steam_pipeline_dag.py", line 13, in <module>
    from etl.bronze_extract import extract_app
  File "/opt/airflow/etl/bronze_extract.py", line 3, in <module>
    from tqdm import tqdm
ModuleNotFoundError: No module named 'tqdm'
[2025-08-17T06:37:46.379+0000] {processor.py:842} WARNING - No viable dags retrieved from /opt/airflow/dags/steam_pipeline_dag.py
[2025-08-17T06:37:46.395+0000] {processor.py:183} INFO - Processing /opt/airflow/dags/steam_pipeline_dag.py took 0.178 seconds
[2025-08-17T06:38:17.486+0000] {processor.py:161} INFO - Started process (PID=165) to work on /opt/airflow/dags/steam_pipeline_dag.py
[2025-08-17T06:38:17.487+0000] {processor.py:830} INFO - Processing file /opt/airflow/dags/steam_pipeline_dag.py for tasks to queue
[2025-08-17T06:38:17.490+0000] {logging_mixin.py:188} INFO - [2025-08-17T06:38:17.490+0000] {dagbag.py:545} INFO - Filling up the DagBag from /opt/airflow/dags/steam_pipeline_dag.py
[2025-08-17T06:38:17.562+0000] {logging_mixin.py:188} INFO - [2025-08-17T06:38:17.551+0000] {dagbag.py:355} ERROR - Failed to import: /opt/airflow/dags/steam_pipeline_dag.py
Traceback (most recent call last):
  File "/home/airflow/.local/lib/python3.12/site-packages/airflow/models/dagbag.py", line 351, in parse
    loader.exec_module(new_module)
  File "<frozen importlib._bootstrap_external>", line 995, in exec_module
  File "<frozen importlib._bootstrap>", line 488, in _call_with_frames_removed
  File "/opt/airflow/dags/steam_pipeline_dag.py", line 13, in <module>
    from etl.bronze_extract import extract_app
  File "/opt/airflow/etl/bronze_extract.py", line 3, in <module>
    from tqdm import tqdm
ModuleNotFoundError: No module named 'tqdm'
[2025-08-17T06:38:17.565+0000] {processor.py:842} WARNING - No viable dags retrieved from /opt/airflow/dags/steam_pipeline_dag.py
[2025-08-17T06:38:17.586+0000] {processor.py:183} INFO - Processing /opt/airflow/dags/steam_pipeline_dag.py took 0.106 seconds
[2025-08-17T06:38:48.530+0000] {processor.py:161} INFO - Started process (PID=166) to work on /opt/airflow/dags/steam_pipeline_dag.py
[2025-08-17T06:38:48.531+0000] {processor.py:830} INFO - Processing file /opt/airflow/dags/steam_pipeline_dag.py for tasks to queue
[2025-08-17T06:38:48.534+0000] {logging_mixin.py:188} INFO - [2025-08-17T06:38:48.534+0000] {dagbag.py:545} INFO - Filling up the DagBag from /opt/airflow/dags/steam_pipeline_dag.py
[2025-08-17T06:38:48.594+0000] {logging_mixin.py:188} INFO - [2025-08-17T06:38:48.587+0000] {dagbag.py:355} ERROR - Failed to import: /opt/airflow/dags/steam_pipeline_dag.py
Traceback (most recent call last):
  File "/home/airflow/.local/lib/python3.12/site-packages/airflow/models/dagbag.py", line 351, in parse
    loader.exec_module(new_module)
  File "<frozen importlib._bootstrap_external>", line 995, in exec_module
  File "<frozen importlib._bootstrap>", line 488, in _call_with_frames_removed
  File "/opt/airflow/dags/steam_pipeline_dag.py", line 13, in <module>
    from etl.bronze_extract import extract_app
  File "/opt/airflow/etl/bronze_extract.py", line 3, in <module>
    from tqdm import tqdm
ModuleNotFoundError: No module named 'tqdm'
[2025-08-17T06:38:48.597+0000] {processor.py:842} WARNING - No viable dags retrieved from /opt/airflow/dags/steam_pipeline_dag.py
[2025-08-17T06:38:48.617+0000] {processor.py:183} INFO - Processing /opt/airflow/dags/steam_pipeline_dag.py took 0.095 seconds
[2025-08-17T06:39:19.153+0000] {processor.py:161} INFO - Started process (PID=167) to work on /opt/airflow/dags/steam_pipeline_dag.py
[2025-08-17T06:39:19.157+0000] {processor.py:830} INFO - Processing file /opt/airflow/dags/steam_pipeline_dag.py for tasks to queue
[2025-08-17T06:39:19.161+0000] {logging_mixin.py:188} INFO - [2025-08-17T06:39:19.160+0000] {dagbag.py:545} INFO - Filling up the DagBag from /opt/airflow/dags/steam_pipeline_dag.py
[2025-08-17T06:39:19.233+0000] {logging_mixin.py:188} INFO - [2025-08-17T06:39:19.225+0000] {dagbag.py:355} ERROR - Failed to import: /opt/airflow/dags/steam_pipeline_dag.py
Traceback (most recent call last):
  File "/home/airflow/.local/lib/python3.12/site-packages/airflow/models/dagbag.py", line 351, in parse
    loader.exec_module(new_module)
  File "<frozen importlib._bootstrap_external>", line 995, in exec_module
  File "<frozen importlib._bootstrap>", line 488, in _call_with_frames_removed
  File "/opt/airflow/dags/steam_pipeline_dag.py", line 13, in <module>
    from etl.bronze_extract import extract_app
  File "/opt/airflow/etl/bronze_extract.py", line 3, in <module>
    from tqdm import tqdm
ModuleNotFoundError: No module named 'tqdm'
[2025-08-17T06:39:19.236+0000] {processor.py:842} WARNING - No viable dags retrieved from /opt/airflow/dags/steam_pipeline_dag.py
[2025-08-17T06:39:19.256+0000] {processor.py:183} INFO - Processing /opt/airflow/dags/steam_pipeline_dag.py took 0.110 seconds
[2025-08-17T06:39:49.837+0000] {processor.py:161} INFO - Started process (PID=168) to work on /opt/airflow/dags/steam_pipeline_dag.py
[2025-08-17T06:39:49.838+0000] {processor.py:830} INFO - Processing file /opt/airflow/dags/steam_pipeline_dag.py for tasks to queue
[2025-08-17T06:39:49.840+0000] {logging_mixin.py:188} INFO - [2025-08-17T06:39:49.840+0000] {dagbag.py:545} INFO - Filling up the DagBag from /opt/airflow/dags/steam_pipeline_dag.py
[2025-08-17T06:39:49.905+0000] {logging_mixin.py:188} INFO - [2025-08-17T06:39:49.897+0000] {dagbag.py:355} ERROR - Failed to import: /opt/airflow/dags/steam_pipeline_dag.py
Traceback (most recent call last):
  File "/home/airflow/.local/lib/python3.12/site-packages/airflow/models/dagbag.py", line 351, in parse
    loader.exec_module(new_module)
  File "<frozen importlib._bootstrap_external>", line 995, in exec_module
  File "<frozen importlib._bootstrap>", line 488, in _call_with_frames_removed
  File "/opt/airflow/dags/steam_pipeline_dag.py", line 13, in <module>
    from etl.bronze_extract import extract_app
  File "/opt/airflow/etl/bronze_extract.py", line 3, in <module>
    from tqdm import tqdm
ModuleNotFoundError: No module named 'tqdm'
[2025-08-17T06:39:49.908+0000] {processor.py:842} WARNING - No viable dags retrieved from /opt/airflow/dags/steam_pipeline_dag.py
[2025-08-17T06:39:49.925+0000] {processor.py:183} INFO - Processing /opt/airflow/dags/steam_pipeline_dag.py took 0.094 seconds
[2025-08-17T06:40:20.327+0000] {processor.py:161} INFO - Started process (PID=169) to work on /opt/airflow/dags/steam_pipeline_dag.py
[2025-08-17T06:40:20.329+0000] {processor.py:830} INFO - Processing file /opt/airflow/dags/steam_pipeline_dag.py for tasks to queue
[2025-08-17T06:40:20.331+0000] {logging_mixin.py:188} INFO - [2025-08-17T06:40:20.331+0000] {dagbag.py:545} INFO - Filling up the DagBag from /opt/airflow/dags/steam_pipeline_dag.py
[2025-08-17T06:40:20.397+0000] {logging_mixin.py:188} INFO - [2025-08-17T06:40:20.389+0000] {dagbag.py:355} ERROR - Failed to import: /opt/airflow/dags/steam_pipeline_dag.py
Traceback (most recent call last):
  File "/home/airflow/.local/lib/python3.12/site-packages/airflow/models/dagbag.py", line 351, in parse
    loader.exec_module(new_module)
  File "<frozen importlib._bootstrap_external>", line 995, in exec_module
  File "<frozen importlib._bootstrap>", line 488, in _call_with_frames_removed
  File "/opt/airflow/dags/steam_pipeline_dag.py", line 13, in <module>
    from etl.bronze_extract import extract_app
  File "/opt/airflow/etl/bronze_extract.py", line 3, in <module>
    from tqdm import tqdm
ModuleNotFoundError: No module named 'tqdm'
[2025-08-17T06:40:20.399+0000] {processor.py:842} WARNING - No viable dags retrieved from /opt/airflow/dags/steam_pipeline_dag.py
[2025-08-17T06:40:20.421+0000] {processor.py:183} INFO - Processing /opt/airflow/dags/steam_pipeline_dag.py took 0.100 seconds
[2025-08-17T06:40:50.973+0000] {processor.py:161} INFO - Started process (PID=170) to work on /opt/airflow/dags/steam_pipeline_dag.py
[2025-08-17T06:40:50.975+0000] {processor.py:830} INFO - Processing file /opt/airflow/dags/steam_pipeline_dag.py for tasks to queue
[2025-08-17T06:40:50.978+0000] {logging_mixin.py:188} INFO - [2025-08-17T06:40:50.977+0000] {dagbag.py:545} INFO - Filling up the DagBag from /opt/airflow/dags/steam_pipeline_dag.py
[2025-08-17T06:40:51.045+0000] {logging_mixin.py:188} INFO - [2025-08-17T06:40:51.038+0000] {dagbag.py:355} ERROR - Failed to import: /opt/airflow/dags/steam_pipeline_dag.py
Traceback (most recent call last):
  File "/home/airflow/.local/lib/python3.12/site-packages/airflow/models/dagbag.py", line 351, in parse
    loader.exec_module(new_module)
  File "<frozen importlib._bootstrap_external>", line 995, in exec_module
  File "<frozen importlib._bootstrap>", line 488, in _call_with_frames_removed
  File "/opt/airflow/dags/steam_pipeline_dag.py", line 13, in <module>
    from etl.bronze_extract import extract_app
  File "/opt/airflow/etl/bronze_extract.py", line 3, in <module>
    from tqdm import tqdm
ModuleNotFoundError: No module named 'tqdm'
[2025-08-17T06:40:51.048+0000] {processor.py:842} WARNING - No viable dags retrieved from /opt/airflow/dags/steam_pipeline_dag.py
[2025-08-17T06:40:51.071+0000] {processor.py:183} INFO - Processing /opt/airflow/dags/steam_pipeline_dag.py took 0.104 seconds
[2025-08-17T06:41:21.552+0000] {processor.py:161} INFO - Started process (PID=171) to work on /opt/airflow/dags/steam_pipeline_dag.py
[2025-08-17T06:41:21.553+0000] {processor.py:830} INFO - Processing file /opt/airflow/dags/steam_pipeline_dag.py for tasks to queue
[2025-08-17T06:41:21.555+0000] {logging_mixin.py:188} INFO - [2025-08-17T06:41:21.555+0000] {dagbag.py:545} INFO - Filling up the DagBag from /opt/airflow/dags/steam_pipeline_dag.py
[2025-08-17T06:41:21.601+0000] {logging_mixin.py:188} INFO - [2025-08-17T06:41:21.595+0000] {dagbag.py:355} ERROR - Failed to import: /opt/airflow/dags/steam_pipeline_dag.py
Traceback (most recent call last):
  File "/home/airflow/.local/lib/python3.12/site-packages/airflow/models/dagbag.py", line 351, in parse
    loader.exec_module(new_module)
  File "<frozen importlib._bootstrap_external>", line 995, in exec_module
  File "<frozen importlib._bootstrap>", line 488, in _call_with_frames_removed
  File "/opt/airflow/dags/steam_pipeline_dag.py", line 13, in <module>
    from etl.bronze_extract import extract_app
  File "/opt/airflow/etl/bronze_extract.py", line 3, in <module>
    from tqdm import tqdm
ModuleNotFoundError: No module named 'tqdm'
[2025-08-17T06:41:21.603+0000] {processor.py:842} WARNING - No viable dags retrieved from /opt/airflow/dags/steam_pipeline_dag.py
[2025-08-17T06:41:21.619+0000] {processor.py:183} INFO - Processing /opt/airflow/dags/steam_pipeline_dag.py took 0.073 seconds
[2025-08-17T06:41:51.708+0000] {processor.py:161} INFO - Started process (PID=172) to work on /opt/airflow/dags/steam_pipeline_dag.py
[2025-08-17T06:41:51.709+0000] {processor.py:830} INFO - Processing file /opt/airflow/dags/steam_pipeline_dag.py for tasks to queue
[2025-08-17T06:41:51.712+0000] {logging_mixin.py:188} INFO - [2025-08-17T06:41:51.711+0000] {dagbag.py:545} INFO - Filling up the DagBag from /opt/airflow/dags/steam_pipeline_dag.py
[2025-08-17T06:41:51.765+0000] {logging_mixin.py:188} INFO - [2025-08-17T06:41:51.759+0000] {dagbag.py:355} ERROR - Failed to import: /opt/airflow/dags/steam_pipeline_dag.py
Traceback (most recent call last):
  File "/home/airflow/.local/lib/python3.12/site-packages/airflow/models/dagbag.py", line 351, in parse
    loader.exec_module(new_module)
  File "<frozen importlib._bootstrap_external>", line 995, in exec_module
  File "<frozen importlib._bootstrap>", line 488, in _call_with_frames_removed
  File "/opt/airflow/dags/steam_pipeline_dag.py", line 13, in <module>
    from etl.bronze_extract import extract_app
  File "/opt/airflow/etl/bronze_extract.py", line 3, in <module>
    from tqdm import tqdm
ModuleNotFoundError: No module named 'tqdm'
[2025-08-17T06:41:51.768+0000] {processor.py:842} WARNING - No viable dags retrieved from /opt/airflow/dags/steam_pipeline_dag.py
[2025-08-17T06:41:51.795+0000] {processor.py:183} INFO - Processing /opt/airflow/dags/steam_pipeline_dag.py took 0.095 seconds
[2025-08-17T06:42:22.606+0000] {processor.py:161} INFO - Started process (PID=173) to work on /opt/airflow/dags/steam_pipeline_dag.py
[2025-08-17T06:42:22.607+0000] {processor.py:830} INFO - Processing file /opt/airflow/dags/steam_pipeline_dag.py for tasks to queue
[2025-08-17T06:42:22.610+0000] {logging_mixin.py:188} INFO - [2025-08-17T06:42:22.609+0000] {dagbag.py:545} INFO - Filling up the DagBag from /opt/airflow/dags/steam_pipeline_dag.py
[2025-08-17T06:42:22.664+0000] {logging_mixin.py:188} INFO - [2025-08-17T06:42:22.658+0000] {dagbag.py:355} ERROR - Failed to import: /opt/airflow/dags/steam_pipeline_dag.py
Traceback (most recent call last):
  File "/home/airflow/.local/lib/python3.12/site-packages/airflow/models/dagbag.py", line 351, in parse
    loader.exec_module(new_module)
  File "<frozen importlib._bootstrap_external>", line 995, in exec_module
  File "<frozen importlib._bootstrap>", line 488, in _call_with_frames_removed
  File "/opt/airflow/dags/steam_pipeline_dag.py", line 13, in <module>
    from etl.bronze_extract import extract_app
  File "/opt/airflow/etl/bronze_extract.py", line 3, in <module>
    from tqdm import tqdm
ModuleNotFoundError: No module named 'tqdm'
[2025-08-17T06:42:22.667+0000] {processor.py:842} WARNING - No viable dags retrieved from /opt/airflow/dags/steam_pipeline_dag.py
[2025-08-17T06:42:22.687+0000] {processor.py:183} INFO - Processing /opt/airflow/dags/steam_pipeline_dag.py took 0.086 seconds
[2025-08-17T06:42:53.271+0000] {processor.py:161} INFO - Started process (PID=174) to work on /opt/airflow/dags/steam_pipeline_dag.py
[2025-08-17T06:42:53.272+0000] {processor.py:830} INFO - Processing file /opt/airflow/dags/steam_pipeline_dag.py for tasks to queue
[2025-08-17T06:42:53.275+0000] {logging_mixin.py:188} INFO - [2025-08-17T06:42:53.274+0000] {dagbag.py:545} INFO - Filling up the DagBag from /opt/airflow/dags/steam_pipeline_dag.py
[2025-08-17T06:42:53.339+0000] {logging_mixin.py:188} INFO - [2025-08-17T06:42:53.331+0000] {dagbag.py:355} ERROR - Failed to import: /opt/airflow/dags/steam_pipeline_dag.py
Traceback (most recent call last):
  File "/home/airflow/.local/lib/python3.12/site-packages/airflow/models/dagbag.py", line 351, in parse
    loader.exec_module(new_module)
  File "<frozen importlib._bootstrap_external>", line 995, in exec_module
  File "<frozen importlib._bootstrap>", line 488, in _call_with_frames_removed
  File "/opt/airflow/dags/steam_pipeline_dag.py", line 13, in <module>
    from etl.bronze_extract import extract_app
  File "/opt/airflow/etl/bronze_extract.py", line 3, in <module>
    from tqdm import tqdm
ModuleNotFoundError: No module named 'tqdm'
[2025-08-17T06:42:53.343+0000] {processor.py:842} WARNING - No viable dags retrieved from /opt/airflow/dags/steam_pipeline_dag.py
[2025-08-17T06:42:53.364+0000] {processor.py:183} INFO - Processing /opt/airflow/dags/steam_pipeline_dag.py took 0.099 seconds
[2025-08-17T06:43:23.780+0000] {processor.py:161} INFO - Started process (PID=175) to work on /opt/airflow/dags/steam_pipeline_dag.py
[2025-08-17T06:43:23.781+0000] {processor.py:830} INFO - Processing file /opt/airflow/dags/steam_pipeline_dag.py for tasks to queue
[2025-08-17T06:43:23.783+0000] {logging_mixin.py:188} INFO - [2025-08-17T06:43:23.783+0000] {dagbag.py:545} INFO - Filling up the DagBag from /opt/airflow/dags/steam_pipeline_dag.py
[2025-08-17T06:43:23.846+0000] {logging_mixin.py:188} INFO - [2025-08-17T06:43:23.838+0000] {dagbag.py:355} ERROR - Failed to import: /opt/airflow/dags/steam_pipeline_dag.py
Traceback (most recent call last):
  File "/home/airflow/.local/lib/python3.12/site-packages/airflow/models/dagbag.py", line 351, in parse
    loader.exec_module(new_module)
  File "<frozen importlib._bootstrap_external>", line 995, in exec_module
  File "<frozen importlib._bootstrap>", line 488, in _call_with_frames_removed
  File "/opt/airflow/dags/steam_pipeline_dag.py", line 13, in <module>
    from etl.bronze_extract import extract_app
  File "/opt/airflow/etl/bronze_extract.py", line 3, in <module>
    from tqdm import tqdm
ModuleNotFoundError: No module named 'tqdm'
[2025-08-17T06:43:23.848+0000] {processor.py:842} WARNING - No viable dags retrieved from /opt/airflow/dags/steam_pipeline_dag.py
[2025-08-17T06:43:23.870+0000] {processor.py:183} INFO - Processing /opt/airflow/dags/steam_pipeline_dag.py took 0.097 seconds
[2025-08-17T06:43:54.885+0000] {processor.py:161} INFO - Started process (PID=176) to work on /opt/airflow/dags/steam_pipeline_dag.py
[2025-08-17T06:43:54.886+0000] {processor.py:830} INFO - Processing file /opt/airflow/dags/steam_pipeline_dag.py for tasks to queue
[2025-08-17T06:43:54.888+0000] {logging_mixin.py:188} INFO - [2025-08-17T06:43:54.888+0000] {dagbag.py:545} INFO - Filling up the DagBag from /opt/airflow/dags/steam_pipeline_dag.py
[2025-08-17T06:43:54.971+0000] {logging_mixin.py:188} INFO - [2025-08-17T06:43:54.962+0000] {dagbag.py:355} ERROR - Failed to import: /opt/airflow/dags/steam_pipeline_dag.py
Traceback (most recent call last):
  File "/home/airflow/.local/lib/python3.12/site-packages/airflow/models/dagbag.py", line 351, in parse
    loader.exec_module(new_module)
  File "<frozen importlib._bootstrap_external>", line 995, in exec_module
  File "<frozen importlib._bootstrap>", line 488, in _call_with_frames_removed
  File "/opt/airflow/dags/steam_pipeline_dag.py", line 13, in <module>
    from etl.bronze_extract import extract_app
  File "/opt/airflow/etl/bronze_extract.py", line 3, in <module>
    from tqdm import tqdm
ModuleNotFoundError: No module named 'tqdm'
[2025-08-17T06:43:54.974+0000] {processor.py:842} WARNING - No viable dags retrieved from /opt/airflow/dags/steam_pipeline_dag.py
[2025-08-17T06:43:54.990+0000] {processor.py:183} INFO - Processing /opt/airflow/dags/steam_pipeline_dag.py took 0.110 seconds
[2025-08-17T06:44:25.333+0000] {processor.py:161} INFO - Started process (PID=177) to work on /opt/airflow/dags/steam_pipeline_dag.py
[2025-08-17T06:44:25.335+0000] {processor.py:830} INFO - Processing file /opt/airflow/dags/steam_pipeline_dag.py for tasks to queue
[2025-08-17T06:44:25.337+0000] {logging_mixin.py:188} INFO - [2025-08-17T06:44:25.337+0000] {dagbag.py:545} INFO - Filling up the DagBag from /opt/airflow/dags/steam_pipeline_dag.py
[2025-08-17T06:44:25.392+0000] {logging_mixin.py:188} INFO - [2025-08-17T06:44:25.385+0000] {dagbag.py:355} ERROR - Failed to import: /opt/airflow/dags/steam_pipeline_dag.py
Traceback (most recent call last):
  File "/home/airflow/.local/lib/python3.12/site-packages/airflow/models/dagbag.py", line 351, in parse
    loader.exec_module(new_module)
  File "<frozen importlib._bootstrap_external>", line 995, in exec_module
  File "<frozen importlib._bootstrap>", line 488, in _call_with_frames_removed
  File "/opt/airflow/dags/steam_pipeline_dag.py", line 13, in <module>
    from etl.bronze_extract import extract_app
  File "/opt/airflow/etl/bronze_extract.py", line 3, in <module>
    from tqdm import tqdm
ModuleNotFoundError: No module named 'tqdm'
[2025-08-17T06:44:25.395+0000] {processor.py:842} WARNING - No viable dags retrieved from /opt/airflow/dags/steam_pipeline_dag.py
[2025-08-17T06:44:25.414+0000] {processor.py:183} INFO - Processing /opt/airflow/dags/steam_pipeline_dag.py took 0.087 seconds
[2025-08-17T06:44:55.782+0000] {processor.py:161} INFO - Started process (PID=178) to work on /opt/airflow/dags/steam_pipeline_dag.py
[2025-08-17T06:44:55.783+0000] {processor.py:830} INFO - Processing file /opt/airflow/dags/steam_pipeline_dag.py for tasks to queue
[2025-08-17T06:44:55.786+0000] {logging_mixin.py:188} INFO - [2025-08-17T06:44:55.785+0000] {dagbag.py:545} INFO - Filling up the DagBag from /opt/airflow/dags/steam_pipeline_dag.py
[2025-08-17T06:44:55.885+0000] {logging_mixin.py:188} INFO - [2025-08-17T06:44:55.873+0000] {dagbag.py:355} ERROR - Failed to import: /opt/airflow/dags/steam_pipeline_dag.py
Traceback (most recent call last):
  File "/home/airflow/.local/lib/python3.12/site-packages/airflow/models/dagbag.py", line 351, in parse
    loader.exec_module(new_module)
  File "<frozen importlib._bootstrap_external>", line 995, in exec_module
  File "<frozen importlib._bootstrap>", line 488, in _call_with_frames_removed
  File "/opt/airflow/dags/steam_pipeline_dag.py", line 13, in <module>
    from etl.bronze_extract import extract_app
  File "/opt/airflow/etl/bronze_extract.py", line 3, in <module>
    from tqdm import tqdm
ModuleNotFoundError: No module named 'tqdm'
[2025-08-17T06:44:55.888+0000] {processor.py:842} WARNING - No viable dags retrieved from /opt/airflow/dags/steam_pipeline_dag.py
[2025-08-17T06:44:55.908+0000] {processor.py:183} INFO - Processing /opt/airflow/dags/steam_pipeline_dag.py took 0.131 seconds
[2025-08-17T06:45:27.042+0000] {processor.py:161} INFO - Started process (PID=179) to work on /opt/airflow/dags/steam_pipeline_dag.py
[2025-08-17T06:45:27.043+0000] {processor.py:830} INFO - Processing file /opt/airflow/dags/steam_pipeline_dag.py for tasks to queue
[2025-08-17T06:45:27.044+0000] {logging_mixin.py:188} INFO - [2025-08-17T06:45:27.044+0000] {dagbag.py:545} INFO - Filling up the DagBag from /opt/airflow/dags/steam_pipeline_dag.py
[2025-08-17T06:45:27.073+0000] {logging_mixin.py:188} INFO - [2025-08-17T06:45:27.070+0000] {dagbag.py:355} ERROR - Failed to import: /opt/airflow/dags/steam_pipeline_dag.py
Traceback (most recent call last):
  File "/home/airflow/.local/lib/python3.12/site-packages/airflow/models/dagbag.py", line 351, in parse
    loader.exec_module(new_module)
  File "<frozen importlib._bootstrap_external>", line 995, in exec_module
  File "<frozen importlib._bootstrap>", line 488, in _call_with_frames_removed
  File "/opt/airflow/dags/steam_pipeline_dag.py", line 13, in <module>
    from etl.bronze_extract import extract_app
  File "/opt/airflow/etl/bronze_extract.py", line 3, in <module>
    from tqdm import tqdm
ModuleNotFoundError: No module named 'tqdm'
[2025-08-17T06:45:27.074+0000] {processor.py:842} WARNING - No viable dags retrieved from /opt/airflow/dags/steam_pipeline_dag.py
[2025-08-17T06:45:27.087+0000] {processor.py:183} INFO - Processing /opt/airflow/dags/steam_pipeline_dag.py took 0.049 seconds
[2025-08-17T06:45:57.965+0000] {processor.py:161} INFO - Started process (PID=180) to work on /opt/airflow/dags/steam_pipeline_dag.py
[2025-08-17T06:45:57.966+0000] {processor.py:830} INFO - Processing file /opt/airflow/dags/steam_pipeline_dag.py for tasks to queue
[2025-08-17T06:45:57.969+0000] {logging_mixin.py:188} INFO - [2025-08-17T06:45:57.969+0000] {dagbag.py:545} INFO - Filling up the DagBag from /opt/airflow/dags/steam_pipeline_dag.py
[2025-08-17T06:45:58.050+0000] {logging_mixin.py:188} INFO - [2025-08-17T06:45:58.043+0000] {dagbag.py:355} ERROR - Failed to import: /opt/airflow/dags/steam_pipeline_dag.py
Traceback (most recent call last):
  File "/home/airflow/.local/lib/python3.12/site-packages/airflow/models/dagbag.py", line 351, in parse
    loader.exec_module(new_module)
  File "<frozen importlib._bootstrap_external>", line 995, in exec_module
  File "<frozen importlib._bootstrap>", line 488, in _call_with_frames_removed
  File "/opt/airflow/dags/steam_pipeline_dag.py", line 13, in <module>
    from etl.bronze_extract import extract_app
  File "/opt/airflow/etl/bronze_extract.py", line 3, in <module>
    from tqdm import tqdm
ModuleNotFoundError: No module named 'tqdm'
[2025-08-17T06:45:58.054+0000] {processor.py:842} WARNING - No viable dags retrieved from /opt/airflow/dags/steam_pipeline_dag.py
[2025-08-17T06:45:58.075+0000] {processor.py:183} INFO - Processing /opt/airflow/dags/steam_pipeline_dag.py took 0.118 seconds
[2025-08-17T06:46:28.482+0000] {processor.py:161} INFO - Started process (PID=181) to work on /opt/airflow/dags/steam_pipeline_dag.py
[2025-08-17T06:46:28.483+0000] {processor.py:830} INFO - Processing file /opt/airflow/dags/steam_pipeline_dag.py for tasks to queue
[2025-08-17T06:46:28.485+0000] {logging_mixin.py:188} INFO - [2025-08-17T06:46:28.485+0000] {dagbag.py:545} INFO - Filling up the DagBag from /opt/airflow/dags/steam_pipeline_dag.py
[2025-08-17T06:46:28.542+0000] {logging_mixin.py:188} INFO - [2025-08-17T06:46:28.533+0000] {dagbag.py:355} ERROR - Failed to import: /opt/airflow/dags/steam_pipeline_dag.py
Traceback (most recent call last):
  File "/home/airflow/.local/lib/python3.12/site-packages/airflow/models/dagbag.py", line 351, in parse
    loader.exec_module(new_module)
  File "<frozen importlib._bootstrap_external>", line 995, in exec_module
  File "<frozen importlib._bootstrap>", line 488, in _call_with_frames_removed
  File "/opt/airflow/dags/steam_pipeline_dag.py", line 13, in <module>
    from etl.bronze_extract import extract_app
  File "/opt/airflow/etl/bronze_extract.py", line 3, in <module>
    from tqdm import tqdm
ModuleNotFoundError: No module named 'tqdm'
[2025-08-17T06:46:28.544+0000] {processor.py:842} WARNING - No viable dags retrieved from /opt/airflow/dags/steam_pipeline_dag.py
[2025-08-17T06:46:28.559+0000] {processor.py:183} INFO - Processing /opt/airflow/dags/steam_pipeline_dag.py took 0.082 seconds
[2025-08-17T06:46:59.330+0000] {processor.py:161} INFO - Started process (PID=182) to work on /opt/airflow/dags/steam_pipeline_dag.py
[2025-08-17T06:46:59.331+0000] {processor.py:830} INFO - Processing file /opt/airflow/dags/steam_pipeline_dag.py for tasks to queue
[2025-08-17T06:46:59.334+0000] {logging_mixin.py:188} INFO - [2025-08-17T06:46:59.333+0000] {dagbag.py:545} INFO - Filling up the DagBag from /opt/airflow/dags/steam_pipeline_dag.py
[2025-08-17T06:46:59.407+0000] {logging_mixin.py:188} INFO - [2025-08-17T06:46:59.396+0000] {dagbag.py:355} ERROR - Failed to import: /opt/airflow/dags/steam_pipeline_dag.py
Traceback (most recent call last):
  File "/home/airflow/.local/lib/python3.12/site-packages/airflow/models/dagbag.py", line 351, in parse
    loader.exec_module(new_module)
  File "<frozen importlib._bootstrap_external>", line 995, in exec_module
  File "<frozen importlib._bootstrap>", line 488, in _call_with_frames_removed
  File "/opt/airflow/dags/steam_pipeline_dag.py", line 13, in <module>
    from etl.bronze_extract import extract_app
  File "/opt/airflow/etl/bronze_extract.py", line 3, in <module>
    from tqdm import tqdm
ModuleNotFoundError: No module named 'tqdm'
[2025-08-17T06:46:59.410+0000] {processor.py:842} WARNING - No viable dags retrieved from /opt/airflow/dags/steam_pipeline_dag.py
[2025-08-17T06:46:59.431+0000] {processor.py:183} INFO - Processing /opt/airflow/dags/steam_pipeline_dag.py took 0.107 seconds
[2025-08-17T06:47:29.892+0000] {processor.py:161} INFO - Started process (PID=183) to work on /opt/airflow/dags/steam_pipeline_dag.py
[2025-08-17T06:47:29.893+0000] {processor.py:830} INFO - Processing file /opt/airflow/dags/steam_pipeline_dag.py for tasks to queue
[2025-08-17T06:47:29.896+0000] {logging_mixin.py:188} INFO - [2025-08-17T06:47:29.896+0000] {dagbag.py:545} INFO - Filling up the DagBag from /opt/airflow/dags/steam_pipeline_dag.py
[2025-08-17T06:47:29.959+0000] {logging_mixin.py:188} INFO - [2025-08-17T06:47:29.952+0000] {dagbag.py:355} ERROR - Failed to import: /opt/airflow/dags/steam_pipeline_dag.py
Traceback (most recent call last):
  File "/home/airflow/.local/lib/python3.12/site-packages/airflow/models/dagbag.py", line 351, in parse
    loader.exec_module(new_module)
  File "<frozen importlib._bootstrap_external>", line 995, in exec_module
  File "<frozen importlib._bootstrap>", line 488, in _call_with_frames_removed
  File "/opt/airflow/dags/steam_pipeline_dag.py", line 13, in <module>
    from etl.bronze_extract import extract_app
  File "/opt/airflow/etl/bronze_extract.py", line 3, in <module>
    from tqdm import tqdm
ModuleNotFoundError: No module named 'tqdm'
[2025-08-17T06:47:29.962+0000] {processor.py:842} WARNING - No viable dags retrieved from /opt/airflow/dags/steam_pipeline_dag.py
[2025-08-17T06:47:29.981+0000] {processor.py:183} INFO - Processing /opt/airflow/dags/steam_pipeline_dag.py took 0.096 seconds
[2025-08-17T06:48:00.497+0000] {processor.py:161} INFO - Started process (PID=184) to work on /opt/airflow/dags/steam_pipeline_dag.py
[2025-08-17T06:48:00.498+0000] {processor.py:830} INFO - Processing file /opt/airflow/dags/steam_pipeline_dag.py for tasks to queue
[2025-08-17T06:48:00.500+0000] {logging_mixin.py:188} INFO - [2025-08-17T06:48:00.499+0000] {dagbag.py:545} INFO - Filling up the DagBag from /opt/airflow/dags/steam_pipeline_dag.py
[2025-08-17T06:48:00.557+0000] {logging_mixin.py:188} INFO - [2025-08-17T06:48:00.550+0000] {dagbag.py:355} ERROR - Failed to import: /opt/airflow/dags/steam_pipeline_dag.py
Traceback (most recent call last):
  File "/home/airflow/.local/lib/python3.12/site-packages/airflow/models/dagbag.py", line 351, in parse
    loader.exec_module(new_module)
  File "<frozen importlib._bootstrap_external>", line 995, in exec_module
  File "<frozen importlib._bootstrap>", line 488, in _call_with_frames_removed
  File "/opt/airflow/dags/steam_pipeline_dag.py", line 13, in <module>
    from etl.bronze_extract import extract_app
  File "/opt/airflow/etl/bronze_extract.py", line 3, in <module>
    from tqdm import tqdm
ModuleNotFoundError: No module named 'tqdm'
[2025-08-17T06:48:00.560+0000] {processor.py:842} WARNING - No viable dags retrieved from /opt/airflow/dags/steam_pipeline_dag.py
[2025-08-17T06:48:00.575+0000] {processor.py:183} INFO - Processing /opt/airflow/dags/steam_pipeline_dag.py took 0.084 seconds
[2025-08-17T06:48:30.802+0000] {processor.py:161} INFO - Started process (PID=185) to work on /opt/airflow/dags/steam_pipeline_dag.py
[2025-08-17T06:48:30.803+0000] {processor.py:830} INFO - Processing file /opt/airflow/dags/steam_pipeline_dag.py for tasks to queue
[2025-08-17T06:48:30.805+0000] {logging_mixin.py:188} INFO - [2025-08-17T06:48:30.804+0000] {dagbag.py:545} INFO - Filling up the DagBag from /opt/airflow/dags/steam_pipeline_dag.py
[2025-08-17T06:48:30.873+0000] {logging_mixin.py:188} INFO - [2025-08-17T06:48:30.863+0000] {dagbag.py:355} ERROR - Failed to import: /opt/airflow/dags/steam_pipeline_dag.py
Traceback (most recent call last):
  File "/home/airflow/.local/lib/python3.12/site-packages/airflow/models/dagbag.py", line 351, in parse
    loader.exec_module(new_module)
  File "<frozen importlib._bootstrap_external>", line 995, in exec_module
  File "<frozen importlib._bootstrap>", line 488, in _call_with_frames_removed
  File "/opt/airflow/dags/steam_pipeline_dag.py", line 13, in <module>
    from etl.bronze_extract import extract_app
  File "/opt/airflow/etl/bronze_extract.py", line 3, in <module>
    from tqdm import tqdm
ModuleNotFoundError: No module named 'tqdm'
[2025-08-17T06:48:30.875+0000] {processor.py:842} WARNING - No viable dags retrieved from /opt/airflow/dags/steam_pipeline_dag.py
[2025-08-17T06:48:30.894+0000] {processor.py:183} INFO - Processing /opt/airflow/dags/steam_pipeline_dag.py took 0.098 seconds
[2025-08-17T06:49:01.586+0000] {processor.py:161} INFO - Started process (PID=186) to work on /opt/airflow/dags/steam_pipeline_dag.py
[2025-08-17T06:49:01.587+0000] {processor.py:830} INFO - Processing file /opt/airflow/dags/steam_pipeline_dag.py for tasks to queue
[2025-08-17T06:49:01.589+0000] {logging_mixin.py:188} INFO - [2025-08-17T06:49:01.589+0000] {dagbag.py:545} INFO - Filling up the DagBag from /opt/airflow/dags/steam_pipeline_dag.py
[2025-08-17T06:49:01.664+0000] {logging_mixin.py:188} INFO - [2025-08-17T06:49:01.655+0000] {dagbag.py:355} ERROR - Failed to import: /opt/airflow/dags/steam_pipeline_dag.py
Traceback (most recent call last):
  File "/home/airflow/.local/lib/python3.12/site-packages/airflow/models/dagbag.py", line 351, in parse
    loader.exec_module(new_module)
  File "<frozen importlib._bootstrap_external>", line 995, in exec_module
  File "<frozen importlib._bootstrap>", line 488, in _call_with_frames_removed
  File "/opt/airflow/dags/steam_pipeline_dag.py", line 13, in <module>
    from etl.bronze_extract import extract_app
  File "/opt/airflow/etl/bronze_extract.py", line 3, in <module>
    from tqdm import tqdm
ModuleNotFoundError: No module named 'tqdm'
[2025-08-17T06:49:01.669+0000] {processor.py:842} WARNING - No viable dags retrieved from /opt/airflow/dags/steam_pipeline_dag.py
[2025-08-17T06:49:01.690+0000] {processor.py:183} INFO - Processing /opt/airflow/dags/steam_pipeline_dag.py took 0.110 seconds
[2025-08-17T06:49:31.948+0000] {processor.py:161} INFO - Started process (PID=187) to work on /opt/airflow/dags/steam_pipeline_dag.py
[2025-08-17T06:49:31.949+0000] {processor.py:830} INFO - Processing file /opt/airflow/dags/steam_pipeline_dag.py for tasks to queue
[2025-08-17T06:49:31.951+0000] {logging_mixin.py:188} INFO - [2025-08-17T06:49:31.951+0000] {dagbag.py:545} INFO - Filling up the DagBag from /opt/airflow/dags/steam_pipeline_dag.py
[2025-08-17T06:49:32.009+0000] {logging_mixin.py:188} INFO - [2025-08-17T06:49:32.004+0000] {dagbag.py:355} ERROR - Failed to import: /opt/airflow/dags/steam_pipeline_dag.py
Traceback (most recent call last):
  File "/home/airflow/.local/lib/python3.12/site-packages/airflow/models/dagbag.py", line 351, in parse
    loader.exec_module(new_module)
  File "<frozen importlib._bootstrap_external>", line 995, in exec_module
  File "<frozen importlib._bootstrap>", line 488, in _call_with_frames_removed
  File "/opt/airflow/dags/steam_pipeline_dag.py", line 13, in <module>
    from etl.bronze_extract import extract_app
  File "/opt/airflow/etl/bronze_extract.py", line 3, in <module>
    from tqdm import tqdm
ModuleNotFoundError: No module named 'tqdm'
[2025-08-17T06:49:32.012+0000] {processor.py:842} WARNING - No viable dags retrieved from /opt/airflow/dags/steam_pipeline_dag.py
[2025-08-17T06:49:32.030+0000] {processor.py:183} INFO - Processing /opt/airflow/dags/steam_pipeline_dag.py took 0.088 seconds
[2025-08-17T06:50:02.673+0000] {processor.py:161} INFO - Started process (PID=188) to work on /opt/airflow/dags/steam_pipeline_dag.py
[2025-08-17T06:50:02.674+0000] {processor.py:830} INFO - Processing file /opt/airflow/dags/steam_pipeline_dag.py for tasks to queue
[2025-08-17T06:50:02.682+0000] {logging_mixin.py:188} INFO - [2025-08-17T06:50:02.682+0000] {dagbag.py:545} INFO - Filling up the DagBag from /opt/airflow/dags/steam_pipeline_dag.py
[2025-08-17T06:50:02.755+0000] {logging_mixin.py:188} INFO - [2025-08-17T06:50:02.748+0000] {dagbag.py:355} ERROR - Failed to import: /opt/airflow/dags/steam_pipeline_dag.py
Traceback (most recent call last):
  File "/home/airflow/.local/lib/python3.12/site-packages/airflow/models/dagbag.py", line 351, in parse
    loader.exec_module(new_module)
  File "<frozen importlib._bootstrap_external>", line 995, in exec_module
  File "<frozen importlib._bootstrap>", line 488, in _call_with_frames_removed
  File "/opt/airflow/dags/steam_pipeline_dag.py", line 13, in <module>
    from etl.bronze_extract import extract_app
  File "/opt/airflow/etl/bronze_extract.py", line 3, in <module>
    from tqdm import tqdm
ModuleNotFoundError: No module named 'tqdm'
[2025-08-17T06:50:02.758+0000] {processor.py:842} WARNING - No viable dags retrieved from /opt/airflow/dags/steam_pipeline_dag.py
[2025-08-17T06:50:02.775+0000] {processor.py:183} INFO - Processing /opt/airflow/dags/steam_pipeline_dag.py took 0.108 seconds
[2025-08-17T06:50:33.100+0000] {processor.py:161} INFO - Started process (PID=189) to work on /opt/airflow/dags/steam_pipeline_dag.py
[2025-08-17T06:50:33.101+0000] {processor.py:830} INFO - Processing file /opt/airflow/dags/steam_pipeline_dag.py for tasks to queue
[2025-08-17T06:50:33.104+0000] {logging_mixin.py:188} INFO - [2025-08-17T06:50:33.104+0000] {dagbag.py:545} INFO - Filling up the DagBag from /opt/airflow/dags/steam_pipeline_dag.py
[2025-08-17T06:50:33.186+0000] {logging_mixin.py:188} INFO - [2025-08-17T06:50:33.178+0000] {dagbag.py:355} ERROR - Failed to import: /opt/airflow/dags/steam_pipeline_dag.py
Traceback (most recent call last):
  File "/home/airflow/.local/lib/python3.12/site-packages/airflow/models/dagbag.py", line 351, in parse
    loader.exec_module(new_module)
  File "<frozen importlib._bootstrap_external>", line 995, in exec_module
  File "<frozen importlib._bootstrap>", line 488, in _call_with_frames_removed
  File "/opt/airflow/dags/steam_pipeline_dag.py", line 13, in <module>
    from etl.bronze_extract import extract_app
  File "/opt/airflow/etl/bronze_extract.py", line 3, in <module>
    from tqdm import tqdm
ModuleNotFoundError: No module named 'tqdm'
[2025-08-17T06:50:33.189+0000] {processor.py:842} WARNING - No viable dags retrieved from /opt/airflow/dags/steam_pipeline_dag.py
[2025-08-17T06:50:33.235+0000] {processor.py:183} INFO - Processing /opt/airflow/dags/steam_pipeline_dag.py took 0.143 seconds
[2025-08-17T06:51:03.662+0000] {processor.py:161} INFO - Started process (PID=190) to work on /opt/airflow/dags/steam_pipeline_dag.py
[2025-08-17T06:51:03.673+0000] {processor.py:830} INFO - Processing file /opt/airflow/dags/steam_pipeline_dag.py for tasks to queue
[2025-08-17T06:51:03.679+0000] {logging_mixin.py:188} INFO - [2025-08-17T06:51:03.679+0000] {dagbag.py:545} INFO - Filling up the DagBag from /opt/airflow/dags/steam_pipeline_dag.py
[2025-08-17T06:51:03.771+0000] {logging_mixin.py:188} INFO - [2025-08-17T06:51:03.758+0000] {dagbag.py:355} ERROR - Failed to import: /opt/airflow/dags/steam_pipeline_dag.py
Traceback (most recent call last):
  File "/home/airflow/.local/lib/python3.12/site-packages/airflow/models/dagbag.py", line 351, in parse
    loader.exec_module(new_module)
  File "<frozen importlib._bootstrap_external>", line 995, in exec_module
  File "<frozen importlib._bootstrap>", line 488, in _call_with_frames_removed
  File "/opt/airflow/dags/steam_pipeline_dag.py", line 13, in <module>
    from etl.bronze_extract import extract_app
  File "/opt/airflow/etl/bronze_extract.py", line 3, in <module>
    from tqdm import tqdm
ModuleNotFoundError: No module named 'tqdm'
[2025-08-17T06:51:03.776+0000] {processor.py:842} WARNING - No viable dags retrieved from /opt/airflow/dags/steam_pipeline_dag.py
[2025-08-17T06:51:03.798+0000] {processor.py:183} INFO - Processing /opt/airflow/dags/steam_pipeline_dag.py took 0.158 seconds
[2025-08-17T06:51:34.136+0000] {processor.py:161} INFO - Started process (PID=191) to work on /opt/airflow/dags/steam_pipeline_dag.py
[2025-08-17T06:51:34.137+0000] {processor.py:830} INFO - Processing file /opt/airflow/dags/steam_pipeline_dag.py for tasks to queue
[2025-08-17T06:51:34.140+0000] {logging_mixin.py:188} INFO - [2025-08-17T06:51:34.139+0000] {dagbag.py:545} INFO - Filling up the DagBag from /opt/airflow/dags/steam_pipeline_dag.py
[2025-08-17T06:51:34.215+0000] {logging_mixin.py:188} INFO - [2025-08-17T06:51:34.204+0000] {dagbag.py:355} ERROR - Failed to import: /opt/airflow/dags/steam_pipeline_dag.py
Traceback (most recent call last):
  File "/home/airflow/.local/lib/python3.12/site-packages/airflow/models/dagbag.py", line 351, in parse
    loader.exec_module(new_module)
  File "<frozen importlib._bootstrap_external>", line 995, in exec_module
  File "<frozen importlib._bootstrap>", line 488, in _call_with_frames_removed
  File "/opt/airflow/dags/steam_pipeline_dag.py", line 13, in <module>
    from etl.bronze_extract import extract_app
  File "/opt/airflow/etl/bronze_extract.py", line 3, in <module>
    from tqdm import tqdm
ModuleNotFoundError: No module named 'tqdm'
[2025-08-17T06:51:34.221+0000] {processor.py:842} WARNING - No viable dags retrieved from /opt/airflow/dags/steam_pipeline_dag.py
[2025-08-17T06:51:34.243+0000] {processor.py:183} INFO - Processing /opt/airflow/dags/steam_pipeline_dag.py took 0.115 seconds
[2025-08-17T06:52:05.128+0000] {processor.py:161} INFO - Started process (PID=192) to work on /opt/airflow/dags/steam_pipeline_dag.py
[2025-08-17T06:52:05.129+0000] {processor.py:830} INFO - Processing file /opt/airflow/dags/steam_pipeline_dag.py for tasks to queue
[2025-08-17T06:52:05.131+0000] {logging_mixin.py:188} INFO - [2025-08-17T06:52:05.131+0000] {dagbag.py:545} INFO - Filling up the DagBag from /opt/airflow/dags/steam_pipeline_dag.py
[2025-08-17T06:52:05.223+0000] {logging_mixin.py:188} INFO - [2025-08-17T06:52:05.215+0000] {dagbag.py:355} ERROR - Failed to import: /opt/airflow/dags/steam_pipeline_dag.py
Traceback (most recent call last):
  File "/home/airflow/.local/lib/python3.12/site-packages/airflow/models/dagbag.py", line 351, in parse
    loader.exec_module(new_module)
  File "<frozen importlib._bootstrap_external>", line 995, in exec_module
  File "<frozen importlib._bootstrap>", line 488, in _call_with_frames_removed
  File "/opt/airflow/dags/steam_pipeline_dag.py", line 13, in <module>
    from etl.bronze_extract import extract_app
  File "/opt/airflow/etl/bronze_extract.py", line 3, in <module>
    from tqdm import tqdm
ModuleNotFoundError: No module named 'tqdm'
[2025-08-17T06:52:05.226+0000] {processor.py:842} WARNING - No viable dags retrieved from /opt/airflow/dags/steam_pipeline_dag.py
[2025-08-17T06:52:05.242+0000] {processor.py:183} INFO - Processing /opt/airflow/dags/steam_pipeline_dag.py took 0.119 seconds
[2025-08-17T06:52:35.777+0000] {processor.py:161} INFO - Started process (PID=193) to work on /opt/airflow/dags/steam_pipeline_dag.py
[2025-08-17T06:52:35.778+0000] {processor.py:830} INFO - Processing file /opt/airflow/dags/steam_pipeline_dag.py for tasks to queue
[2025-08-17T06:52:35.781+0000] {logging_mixin.py:188} INFO - [2025-08-17T06:52:35.781+0000] {dagbag.py:545} INFO - Filling up the DagBag from /opt/airflow/dags/steam_pipeline_dag.py
[2025-08-17T06:52:35.848+0000] {logging_mixin.py:188} INFO - [2025-08-17T06:52:35.840+0000] {dagbag.py:355} ERROR - Failed to import: /opt/airflow/dags/steam_pipeline_dag.py
Traceback (most recent call last):
  File "/home/airflow/.local/lib/python3.12/site-packages/airflow/models/dagbag.py", line 351, in parse
    loader.exec_module(new_module)
  File "<frozen importlib._bootstrap_external>", line 995, in exec_module
  File "<frozen importlib._bootstrap>", line 488, in _call_with_frames_removed
  File "/opt/airflow/dags/steam_pipeline_dag.py", line 13, in <module>
    from etl.bronze_extract import extract_app
  File "/opt/airflow/etl/bronze_extract.py", line 3, in <module>
    from tqdm import tqdm
ModuleNotFoundError: No module named 'tqdm'
[2025-08-17T06:52:35.851+0000] {processor.py:842} WARNING - No viable dags retrieved from /opt/airflow/dags/steam_pipeline_dag.py
[2025-08-17T06:52:35.869+0000] {processor.py:183} INFO - Processing /opt/airflow/dags/steam_pipeline_dag.py took 0.098 seconds
[2025-08-17T06:53:06.705+0000] {processor.py:161} INFO - Started process (PID=194) to work on /opt/airflow/dags/steam_pipeline_dag.py
[2025-08-17T06:53:06.706+0000] {processor.py:830} INFO - Processing file /opt/airflow/dags/steam_pipeline_dag.py for tasks to queue
[2025-08-17T06:53:06.708+0000] {logging_mixin.py:188} INFO - [2025-08-17T06:53:06.708+0000] {dagbag.py:545} INFO - Filling up the DagBag from /opt/airflow/dags/steam_pipeline_dag.py
[2025-08-17T06:53:06.755+0000] {logging_mixin.py:188} INFO - [2025-08-17T06:53:06.750+0000] {dagbag.py:355} ERROR - Failed to import: /opt/airflow/dags/steam_pipeline_dag.py
Traceback (most recent call last):
  File "/home/airflow/.local/lib/python3.12/site-packages/airflow/models/dagbag.py", line 351, in parse
    loader.exec_module(new_module)
  File "<frozen importlib._bootstrap_external>", line 995, in exec_module
  File "<frozen importlib._bootstrap>", line 488, in _call_with_frames_removed
  File "/opt/airflow/dags/steam_pipeline_dag.py", line 13, in <module>
    from etl.bronze_extract import extract_app
  File "/opt/airflow/etl/bronze_extract.py", line 3, in <module>
    from tqdm import tqdm
ModuleNotFoundError: No module named 'tqdm'
[2025-08-17T06:53:06.758+0000] {processor.py:842} WARNING - No viable dags retrieved from /opt/airflow/dags/steam_pipeline_dag.py
[2025-08-17T06:53:06.771+0000] {processor.py:183} INFO - Processing /opt/airflow/dags/steam_pipeline_dag.py took 0.070 seconds
[2025-08-17T06:53:37.264+0000] {processor.py:161} INFO - Started process (PID=195) to work on /opt/airflow/dags/steam_pipeline_dag.py
[2025-08-17T06:53:37.265+0000] {processor.py:830} INFO - Processing file /opt/airflow/dags/steam_pipeline_dag.py for tasks to queue
[2025-08-17T06:53:37.272+0000] {logging_mixin.py:188} INFO - [2025-08-17T06:53:37.272+0000] {dagbag.py:545} INFO - Filling up the DagBag from /opt/airflow/dags/steam_pipeline_dag.py
[2025-08-17T06:53:37.335+0000] {logging_mixin.py:188} INFO - [2025-08-17T06:53:37.328+0000] {dagbag.py:355} ERROR - Failed to import: /opt/airflow/dags/steam_pipeline_dag.py
Traceback (most recent call last):
  File "/home/airflow/.local/lib/python3.12/site-packages/airflow/models/dagbag.py", line 351, in parse
    loader.exec_module(new_module)
  File "<frozen importlib._bootstrap_external>", line 995, in exec_module
  File "<frozen importlib._bootstrap>", line 488, in _call_with_frames_removed
  File "/opt/airflow/dags/steam_pipeline_dag.py", line 13, in <module>
    from etl.bronze_extract import extract_app
  File "/opt/airflow/etl/bronze_extract.py", line 3, in <module>
    from tqdm import tqdm
ModuleNotFoundError: No module named 'tqdm'
[2025-08-17T06:53:37.337+0000] {processor.py:842} WARNING - No viable dags retrieved from /opt/airflow/dags/steam_pipeline_dag.py
[2025-08-17T06:53:37.354+0000] {processor.py:183} INFO - Processing /opt/airflow/dags/steam_pipeline_dag.py took 0.096 seconds
[2025-08-17T06:54:07.511+0000] {processor.py:161} INFO - Started process (PID=196) to work on /opt/airflow/dags/steam_pipeline_dag.py
[2025-08-17T06:54:07.513+0000] {processor.py:830} INFO - Processing file /opt/airflow/dags/steam_pipeline_dag.py for tasks to queue
[2025-08-17T06:54:07.517+0000] {logging_mixin.py:188} INFO - [2025-08-17T06:54:07.516+0000] {dagbag.py:545} INFO - Filling up the DagBag from /opt/airflow/dags/steam_pipeline_dag.py
[2025-08-17T06:54:07.587+0000] {logging_mixin.py:188} INFO - [2025-08-17T06:54:07.581+0000] {dagbag.py:355} ERROR - Failed to import: /opt/airflow/dags/steam_pipeline_dag.py
Traceback (most recent call last):
  File "/home/airflow/.local/lib/python3.12/site-packages/airflow/models/dagbag.py", line 351, in parse
    loader.exec_module(new_module)
  File "<frozen importlib._bootstrap_external>", line 995, in exec_module
  File "<frozen importlib._bootstrap>", line 488, in _call_with_frames_removed
  File "/opt/airflow/dags/steam_pipeline_dag.py", line 13, in <module>
    from etl.bronze_extract import extract_app
  File "/opt/airflow/etl/bronze_extract.py", line 3, in <module>
    from tqdm import tqdm
ModuleNotFoundError: No module named 'tqdm'
[2025-08-17T06:54:07.589+0000] {processor.py:842} WARNING - No viable dags retrieved from /opt/airflow/dags/steam_pipeline_dag.py
[2025-08-17T06:54:07.613+0000] {processor.py:183} INFO - Processing /opt/airflow/dags/steam_pipeline_dag.py took 0.110 seconds
[2025-08-17T06:54:38.531+0000] {processor.py:161} INFO - Started process (PID=197) to work on /opt/airflow/dags/steam_pipeline_dag.py
[2025-08-17T06:54:38.532+0000] {processor.py:830} INFO - Processing file /opt/airflow/dags/steam_pipeline_dag.py for tasks to queue
[2025-08-17T06:54:38.535+0000] {logging_mixin.py:188} INFO - [2025-08-17T06:54:38.534+0000] {dagbag.py:545} INFO - Filling up the DagBag from /opt/airflow/dags/steam_pipeline_dag.py
[2025-08-17T06:54:38.607+0000] {logging_mixin.py:188} INFO - [2025-08-17T06:54:38.598+0000] {dagbag.py:355} ERROR - Failed to import: /opt/airflow/dags/steam_pipeline_dag.py
Traceback (most recent call last):
  File "/home/airflow/.local/lib/python3.12/site-packages/airflow/models/dagbag.py", line 351, in parse
    loader.exec_module(new_module)
  File "<frozen importlib._bootstrap_external>", line 995, in exec_module
  File "<frozen importlib._bootstrap>", line 488, in _call_with_frames_removed
  File "/opt/airflow/dags/steam_pipeline_dag.py", line 13, in <module>
    from etl.bronze_extract import extract_app
  File "/opt/airflow/etl/bronze_extract.py", line 3, in <module>
    from tqdm import tqdm
ModuleNotFoundError: No module named 'tqdm'
[2025-08-17T06:54:38.609+0000] {processor.py:842} WARNING - No viable dags retrieved from /opt/airflow/dags/steam_pipeline_dag.py
[2025-08-17T06:54:38.631+0000] {processor.py:183} INFO - Processing /opt/airflow/dags/steam_pipeline_dag.py took 0.107 seconds
[2025-08-17T06:55:08.895+0000] {processor.py:161} INFO - Started process (PID=198) to work on /opt/airflow/dags/steam_pipeline_dag.py
[2025-08-17T06:55:08.897+0000] {processor.py:830} INFO - Processing file /opt/airflow/dags/steam_pipeline_dag.py for tasks to queue
[2025-08-17T06:55:08.899+0000] {logging_mixin.py:188} INFO - [2025-08-17T06:55:08.898+0000] {dagbag.py:545} INFO - Filling up the DagBag from /opt/airflow/dags/steam_pipeline_dag.py
[2025-08-17T06:55:08.984+0000] {logging_mixin.py:188} INFO - [2025-08-17T06:55:08.974+0000] {dagbag.py:355} ERROR - Failed to import: /opt/airflow/dags/steam_pipeline_dag.py
Traceback (most recent call last):
  File "/home/airflow/.local/lib/python3.12/site-packages/airflow/models/dagbag.py", line 351, in parse
    loader.exec_module(new_module)
  File "<frozen importlib._bootstrap_external>", line 995, in exec_module
  File "<frozen importlib._bootstrap>", line 488, in _call_with_frames_removed
  File "/opt/airflow/dags/steam_pipeline_dag.py", line 13, in <module>
    from etl.bronze_extract import extract_app
  File "/opt/airflow/etl/bronze_extract.py", line 3, in <module>
    from tqdm import tqdm
ModuleNotFoundError: No module named 'tqdm'
[2025-08-17T06:55:08.986+0000] {processor.py:842} WARNING - No viable dags retrieved from /opt/airflow/dags/steam_pipeline_dag.py
[2025-08-17T06:55:09.012+0000] {processor.py:183} INFO - Processing /opt/airflow/dags/steam_pipeline_dag.py took 0.122 seconds
[2025-08-17T06:55:39.387+0000] {processor.py:161} INFO - Started process (PID=199) to work on /opt/airflow/dags/steam_pipeline_dag.py
[2025-08-17T06:55:39.388+0000] {processor.py:830} INFO - Processing file /opt/airflow/dags/steam_pipeline_dag.py for tasks to queue
[2025-08-17T06:55:39.390+0000] {logging_mixin.py:188} INFO - [2025-08-17T06:55:39.389+0000] {dagbag.py:545} INFO - Filling up the DagBag from /opt/airflow/dags/steam_pipeline_dag.py
[2025-08-17T06:55:39.460+0000] {logging_mixin.py:188} INFO - [2025-08-17T06:55:39.452+0000] {dagbag.py:355} ERROR - Failed to import: /opt/airflow/dags/steam_pipeline_dag.py
Traceback (most recent call last):
  File "/home/airflow/.local/lib/python3.12/site-packages/airflow/models/dagbag.py", line 351, in parse
    loader.exec_module(new_module)
  File "<frozen importlib._bootstrap_external>", line 995, in exec_module
  File "<frozen importlib._bootstrap>", line 488, in _call_with_frames_removed
  File "/opt/airflow/dags/steam_pipeline_dag.py", line 13, in <module>
    from etl.bronze_extract import extract_app
  File "/opt/airflow/etl/bronze_extract.py", line 3, in <module>
    from tqdm import tqdm
ModuleNotFoundError: No module named 'tqdm'
[2025-08-17T06:55:39.462+0000] {processor.py:842} WARNING - No viable dags retrieved from /opt/airflow/dags/steam_pipeline_dag.py
[2025-08-17T06:55:39.476+0000] {processor.py:183} INFO - Processing /opt/airflow/dags/steam_pipeline_dag.py took 0.094 seconds
[2025-08-17T06:56:10.095+0000] {processor.py:161} INFO - Started process (PID=200) to work on /opt/airflow/dags/steam_pipeline_dag.py
[2025-08-17T06:56:10.097+0000] {processor.py:830} INFO - Processing file /opt/airflow/dags/steam_pipeline_dag.py for tasks to queue
[2025-08-17T06:56:10.101+0000] {logging_mixin.py:188} INFO - [2025-08-17T06:56:10.100+0000] {dagbag.py:545} INFO - Filling up the DagBag from /opt/airflow/dags/steam_pipeline_dag.py
[2025-08-17T06:56:10.178+0000] {logging_mixin.py:188} INFO - [2025-08-17T06:56:10.169+0000] {dagbag.py:355} ERROR - Failed to import: /opt/airflow/dags/steam_pipeline_dag.py
Traceback (most recent call last):
  File "/home/airflow/.local/lib/python3.12/site-packages/airflow/models/dagbag.py", line 351, in parse
    loader.exec_module(new_module)
  File "<frozen importlib._bootstrap_external>", line 995, in exec_module
  File "<frozen importlib._bootstrap>", line 488, in _call_with_frames_removed
  File "/opt/airflow/dags/steam_pipeline_dag.py", line 13, in <module>
    from etl.bronze_extract import extract_app
  File "/opt/airflow/etl/bronze_extract.py", line 3, in <module>
    from tqdm import tqdm
ModuleNotFoundError: No module named 'tqdm'
[2025-08-17T06:56:10.183+0000] {processor.py:842} WARNING - No viable dags retrieved from /opt/airflow/dags/steam_pipeline_dag.py
[2025-08-17T06:56:10.202+0000] {processor.py:183} INFO - Processing /opt/airflow/dags/steam_pipeline_dag.py took 0.114 seconds
[2025-08-17T06:56:41.252+0000] {processor.py:161} INFO - Started process (PID=201) to work on /opt/airflow/dags/steam_pipeline_dag.py
[2025-08-17T06:56:41.254+0000] {processor.py:830} INFO - Processing file /opt/airflow/dags/steam_pipeline_dag.py for tasks to queue
[2025-08-17T06:56:41.256+0000] {logging_mixin.py:188} INFO - [2025-08-17T06:56:41.256+0000] {dagbag.py:545} INFO - Filling up the DagBag from /opt/airflow/dags/steam_pipeline_dag.py
[2025-08-17T06:56:41.347+0000] {logging_mixin.py:188} INFO - [2025-08-17T06:56:41.336+0000] {dagbag.py:355} ERROR - Failed to import: /opt/airflow/dags/steam_pipeline_dag.py
Traceback (most recent call last):
  File "/home/airflow/.local/lib/python3.12/site-packages/airflow/models/dagbag.py", line 351, in parse
    loader.exec_module(new_module)
  File "<frozen importlib._bootstrap_external>", line 995, in exec_module
  File "<frozen importlib._bootstrap>", line 488, in _call_with_frames_removed
  File "/opt/airflow/dags/steam_pipeline_dag.py", line 13, in <module>
    from etl.bronze_extract import extract_app
  File "/opt/airflow/etl/bronze_extract.py", line 3, in <module>
    from tqdm import tqdm
ModuleNotFoundError: No module named 'tqdm'
[2025-08-17T06:56:41.352+0000] {processor.py:842} WARNING - No viable dags retrieved from /opt/airflow/dags/steam_pipeline_dag.py
[2025-08-17T06:56:41.377+0000] {processor.py:183} INFO - Processing /opt/airflow/dags/steam_pipeline_dag.py took 0.132 seconds
