[2025-08-16T12:41:43.596+0000] {manager.py:470} INFO - Processing files using up to 1 processes at a time 
[2025-08-16T12:41:43.598+0000] {manager.py:471} INFO - Process each file at most once every 30 seconds
[2025-08-16T12:41:43.600+0000] {manager.py:472} INFO - Checking for new files in /opt/airflow/dags every 300 seconds
[2025-08-16T12:41:43.602+0000] {manager.py:737} INFO - Searching for files in /opt/airflow/dags
[2025-08-16T12:41:43.628+0000] {manager.py:740} INFO - There are 1 files in /opt/airflow/dags
[2025-08-16T12:41:43.931+0000] {manager.py:878} INFO - 
================================================================================
DAG File Processing Stats

File Path                                PID    Runtime      # DAGs    # Errors  Last Runtime    Last Run
---------------------------------------  -----  ---------  --------  ----------  --------------  -------------------
/opt/airflow/dags/steam_pipeline_dag.py                           0           1  0.21s           2025-08-16T12:41:43
================================================================================
[2025-08-16T12:42:12.673+0000] {manager.py:878} INFO - 
================================================================================
DAG File Processing Stats

File Path                                PID    Runtime      # DAGs    # Errors  Last Runtime    Last Run
---------------------------------------  -----  ---------  --------  ----------  --------------  -------------------
/opt/airflow/dags/steam_pipeline_dag.py                           0           1  0.21s           2025-08-16T12:41:43
================================================================================
[2025-08-16T12:42:41.679+0000] {manager.py:878} INFO - 
================================================================================
DAG File Processing Stats

File Path                                PID    Runtime      # DAGs    # Errors  Last Runtime    Last Run
---------------------------------------  -----  ---------  --------  ----------  --------------  -------------------
/opt/airflow/dags/steam_pipeline_dag.py                           0           1  0.21s           2025-08-16T12:42:15
================================================================================
[2025-08-16T12:43:10.146+0000] {manager.py:878} INFO - 
================================================================================
DAG File Processing Stats

File Path                                PID    Runtime      # DAGs    # Errors  Last Runtime    Last Run
---------------------------------------  -----  ---------  --------  ----------  --------------  -------------------
/opt/airflow/dags/steam_pipeline_dag.py                           0           1  0.21s           2025-08-16T12:42:45
================================================================================
[2025-08-16T12:43:38.942+0000] {manager.py:878} INFO - 
================================================================================
DAG File Processing Stats

File Path                                PID    Runtime      # DAGs    # Errors  Last Runtime    Last Run
---------------------------------------  -----  ---------  --------  ----------  --------------  -------------------
/opt/airflow/dags/steam_pipeline_dag.py                           0           1  0.21s           2025-08-16T12:43:16
================================================================================
[2025-08-16T12:44:07.638+0000] {manager.py:878} INFO - 
================================================================================
DAG File Processing Stats

File Path                                PID    Runtime      # DAGs    # Errors  Last Runtime    Last Run
---------------------------------------  -----  ---------  --------  ----------  --------------  -------------------
/opt/airflow/dags/steam_pipeline_dag.py                           0           1  0.21s           2025-08-16T12:43:47
================================================================================
[2025-08-16T12:44:35.960+0000] {manager.py:878} INFO - 
================================================================================
DAG File Processing Stats

File Path                                PID    Runtime      # DAGs    # Errors  Last Runtime    Last Run
---------------------------------------  -----  ---------  --------  ----------  --------------  -------------------
/opt/airflow/dags/steam_pipeline_dag.py                           0           1  0.31s           2025-08-16T12:44:18
================================================================================
[2025-08-16T12:45:04.288+0000] {manager.py:878} INFO - 
================================================================================
DAG File Processing Stats

File Path                                PID    Runtime      # DAGs    # Errors  Last Runtime    Last Run
---------------------------------------  -----  ---------  --------  ----------  --------------  -------------------
/opt/airflow/dags/steam_pipeline_dag.py                           0           1  0.21s           2025-08-16T12:44:49
================================================================================
[2025-08-16T12:45:32.546+0000] {manager.py:878} INFO - 
================================================================================
DAG File Processing Stats

File Path                                PID    Runtime      # DAGs    # Errors  Last Runtime    Last Run
---------------------------------------  -----  ---------  --------  ----------  --------------  -------------------
/opt/airflow/dags/steam_pipeline_dag.py                           0           1  0.21s           2025-08-16T12:45:19
================================================================================
[2025-08-16T12:46:00.741+0000] {manager.py:878} INFO - 
================================================================================
DAG File Processing Stats

File Path                                PID    Runtime      # DAGs    # Errors  Last Runtime    Last Run
---------------------------------------  -----  ---------  --------  ----------  --------------  -------------------
/opt/airflow/dags/steam_pipeline_dag.py                           0           1  0.12s           2025-08-16T12:45:50
================================================================================
[2025-08-16T12:46:29.465+0000] {manager.py:878} INFO - 
================================================================================
DAG File Processing Stats

File Path                                PID    Runtime      # DAGs    # Errors  Last Runtime    Last Run
---------------------------------------  -----  ---------  --------  ----------  --------------  -------------------
/opt/airflow/dags/steam_pipeline_dag.py                           0           1  0.21s           2025-08-16T12:46:21
================================================================================
[2025-08-16T12:46:43.714+0000] {manager.py:737} INFO - Searching for files in /opt/airflow/dags
[2025-08-16T12:46:43.746+0000] {manager.py:740} INFO - There are 1 files in /opt/airflow/dags
[2025-08-16T12:46:57.945+0000] {manager.py:878} INFO - 
================================================================================
DAG File Processing Stats

File Path                                PID    Runtime      # DAGs    # Errors  Last Runtime    Last Run
---------------------------------------  -----  ---------  --------  ----------  --------------  -------------------
/opt/airflow/dags/steam_pipeline_dag.py                           0           1  0.11s           2025-08-16T12:46:51
================================================================================
[2025-08-16T12:47:26.372+0000] {manager.py:878} INFO - 
================================================================================
DAG File Processing Stats

File Path                                PID    Runtime      # DAGs    # Errors  Last Runtime    Last Run
---------------------------------------  -----  ---------  --------  ----------  --------------  -------------------
/opt/airflow/dags/steam_pipeline_dag.py                           0           1  0.22s           2025-08-16T12:47:22
================================================================================
[2025-08-16T12:47:54.937+0000] {manager.py:878} INFO - 
================================================================================
DAG File Processing Stats

File Path                                PID    Runtime      # DAGs    # Errors  Last Runtime    Last Run
---------------------------------------  -----  ---------  --------  ----------  --------------  -------------------
/opt/airflow/dags/steam_pipeline_dag.py                           0           1  0.22s           2025-08-16T12:47:53
================================================================================
[2025-08-16T12:48:23.276+0000] {manager.py:878} INFO - 
================================================================================
DAG File Processing Stats

File Path                                PID    Runtime      # DAGs    # Errors  Last Runtime    Last Run
---------------------------------------  -----  ---------  --------  ----------  --------------  -------------------
/opt/airflow/dags/steam_pipeline_dag.py                           0           1  0.22s           2025-08-16T12:47:53
================================================================================
[2025-08-16T12:48:51.683+0000] {manager.py:878} INFO - 
================================================================================
DAG File Processing Stats

File Path                                PID    Runtime      # DAGs    # Errors  Last Runtime    Last Run
---------------------------------------  -----  ---------  --------  ----------  --------------  -------------------
/opt/airflow/dags/steam_pipeline_dag.py                           0           1  0.21s           2025-08-16T12:48:24
================================================================================
[2025-08-16T12:49:20.252+0000] {manager.py:878} INFO - 
================================================================================
DAG File Processing Stats

File Path                                PID    Runtime      # DAGs    # Errors  Last Runtime    Last Run
---------------------------------------  -----  ---------  --------  ----------  --------------  -------------------
/opt/airflow/dags/steam_pipeline_dag.py                           0           1  0.22s           2025-08-16T12:48:55
================================================================================
[2025-08-16T12:49:48.607+0000] {manager.py:878} INFO - 
================================================================================
DAG File Processing Stats

File Path                                PID    Runtime      # DAGs    # Errors  Last Runtime    Last Run
---------------------------------------  -----  ---------  --------  ----------  --------------  -------------------
/opt/airflow/dags/steam_pipeline_dag.py                           0           1  0.22s           2025-08-16T12:49:25
================================================================================
[2025-08-16T12:50:17.280+0000] {manager.py:878} INFO - 
================================================================================
DAG File Processing Stats

File Path                                PID    Runtime      # DAGs    # Errors  Last Runtime    Last Run
---------------------------------------  -----  ---------  --------  ----------  --------------  -------------------
/opt/airflow/dags/steam_pipeline_dag.py                           0           1  0.22s           2025-08-16T12:49:56
================================================================================
[2025-08-16T12:50:43.614+0000] {manager.py:878} INFO - 
================================================================================
DAG File Processing Stats

File Path                                PID    Runtime      # DAGs    # Errors  Last Runtime    Last Run
---------------------------------------  -----  ---------  --------  ----------  --------------  -------------------
/opt/airflow/dags/steam_pipeline_dag.py                           0           1  0.21s           2025-08-16T12:50:26
================================================================================
[2025-08-16T12:51:11.874+0000] {manager.py:878} INFO - 
================================================================================
DAG File Processing Stats

File Path                                PID    Runtime      # DAGs    # Errors  Last Runtime    Last Run
---------------------------------------  -----  ---------  --------  ----------  --------------  -------------------
/opt/airflow/dags/steam_pipeline_dag.py                           0           1  0.11s           2025-08-16T12:50:57
================================================================================
[2025-08-16T12:51:40.293+0000] {manager.py:878} INFO - 
================================================================================
DAG File Processing Stats

File Path                                PID    Runtime      # DAGs    # Errors  Last Runtime    Last Run
---------------------------------------  -----  ---------  --------  ----------  --------------  -------------------
/opt/airflow/dags/steam_pipeline_dag.py                           0           1  0.21s           2025-08-16T12:51:28
================================================================================
[2025-08-16T12:51:44.298+0000] {manager.py:737} INFO - Searching for files in /opt/airflow/dags
[2025-08-16T12:51:44.337+0000] {manager.py:740} INFO - There are 1 files in /opt/airflow/dags
[2025-08-16T12:52:08.458+0000] {manager.py:878} INFO - 
================================================================================
DAG File Processing Stats

File Path                                PID    Runtime      # DAGs    # Errors  Last Runtime    Last Run
---------------------------------------  -----  ---------  --------  ----------  --------------  -------------------
/opt/airflow/dags/steam_pipeline_dag.py                           0           1  0.22s           2025-08-16T12:51:58
================================================================================
[2025-08-16T12:52:36.546+0000] {manager.py:878} INFO - 
================================================================================
DAG File Processing Stats

File Path                                PID    Runtime      # DAGs    # Errors  Last Runtime    Last Run
---------------------------------------  -----  ---------  --------  ----------  --------------  -------------------
/opt/airflow/dags/steam_pipeline_dag.py                           0           1  0.21s           2025-08-16T12:52:30
================================================================================
[2025-08-16T12:53:04.925+0000] {manager.py:878} INFO - 
================================================================================
DAG File Processing Stats

File Path                                PID    Runtime      # DAGs    # Errors  Last Runtime    Last Run
---------------------------------------  -----  ---------  --------  ----------  --------------  -------------------
/opt/airflow/dags/steam_pipeline_dag.py                           0           1  0.13s           2025-08-16T12:53:00
================================================================================
[2025-08-16T12:53:33.125+0000] {manager.py:878} INFO - 
================================================================================
DAG File Processing Stats

File Path                                PID    Runtime      # DAGs    # Errors  Last Runtime    Last Run
---------------------------------------  -----  ---------  --------  ----------  --------------  -------------------
/opt/airflow/dags/steam_pipeline_dag.py                           0           1  0.22s           2025-08-16T12:53:30
================================================================================
[2025-08-16T12:54:01.736+0000] {manager.py:878} INFO - 
================================================================================
DAG File Processing Stats

File Path                                PID    Runtime      # DAGs    # Errors  Last Runtime    Last Run
---------------------------------------  -----  ---------  --------  ----------  --------------  -------------------
/opt/airflow/dags/steam_pipeline_dag.py                           0           1  0.21s           2025-08-16T12:54:01
================================================================================
[2025-08-16T12:54:30.536+0000] {manager.py:878} INFO - 
================================================================================
DAG File Processing Stats

File Path                                PID    Runtime      # DAGs    # Errors  Last Runtime    Last Run
---------------------------------------  -----  ---------  --------  ----------  --------------  -------------------
/opt/airflow/dags/steam_pipeline_dag.py                           0           1  0.21s           2025-08-16T12:54:01
================================================================================
[2025-08-16T12:54:58.436+0000] {manager.py:878} INFO - 
================================================================================
DAG File Processing Stats

File Path                                PID    Runtime      # DAGs    # Errors  Last Runtime    Last Run
---------------------------------------  -----  ---------  --------  ----------  --------------  -------------------
/opt/airflow/dags/steam_pipeline_dag.py                           0           1  0.22s           2025-08-16T12:54:33
================================================================================
[2025-08-16T12:55:26.735+0000] {manager.py:878} INFO - 
================================================================================
DAG File Processing Stats

File Path                                PID    Runtime      # DAGs    # Errors  Last Runtime    Last Run
---------------------------------------  -----  ---------  --------  ----------  --------------  -------------------
/opt/airflow/dags/steam_pipeline_dag.py                           0           1  0.21s           2025-08-16T12:55:03
================================================================================
[2025-08-16T12:55:54.860+0000] {manager.py:878} INFO - 
================================================================================
DAG File Processing Stats

File Path                                PID    Runtime      # DAGs    # Errors  Last Runtime    Last Run
---------------------------------------  -----  ---------  --------  ----------  --------------  -------------------
/opt/airflow/dags/steam_pipeline_dag.py                           0           1  0.22s           2025-08-16T12:55:34
================================================================================
[2025-08-16T12:56:23.078+0000] {manager.py:878} INFO - 
================================================================================
DAG File Processing Stats

File Path                                PID    Runtime      # DAGs    # Errors  Last Runtime    Last Run
---------------------------------------  -----  ---------  --------  ----------  --------------  -------------------
/opt/airflow/dags/steam_pipeline_dag.py                           0           1  0.21s           2025-08-16T12:56:05
================================================================================
[2025-08-16T12:56:45.056+0000] {manager.py:737} INFO - Searching for files in /opt/airflow/dags
[2025-08-16T12:56:45.114+0000] {manager.py:740} INFO - There are 1 files in /opt/airflow/dags
[2025-08-16T12:56:51.176+0000] {manager.py:878} INFO - 
================================================================================
DAG File Processing Stats

File Path                                PID    Runtime      # DAGs    # Errors  Last Runtime    Last Run
---------------------------------------  -----  ---------  --------  ----------  --------------  -------------------
/opt/airflow/dags/steam_pipeline_dag.py                           0           1  0.11s           2025-08-16T12:56:36
================================================================================
[2025-08-16T12:57:19.024+0000] {manager.py:878} INFO - 
================================================================================
DAG File Processing Stats

File Path                                PID    Runtime      # DAGs    # Errors  Last Runtime    Last Run
---------------------------------------  -----  ---------  --------  ----------  --------------  -------------------
/opt/airflow/dags/steam_pipeline_dag.py                           0           1  0.22s           2025-08-16T12:57:06
================================================================================
[2025-08-16T12:57:47.324+0000] {manager.py:878} INFO - 
================================================================================
DAG File Processing Stats

File Path                                PID    Runtime      # DAGs    # Errors  Last Runtime    Last Run
---------------------------------------  -----  ---------  --------  ----------  --------------  -------------------
/opt/airflow/dags/steam_pipeline_dag.py                           0           1  0.22s           2025-08-16T12:57:37
================================================================================
[2025-08-16T12:58:15.461+0000] {manager.py:878} INFO - 
================================================================================
DAG File Processing Stats

File Path                                PID    Runtime      # DAGs    # Errors  Last Runtime    Last Run
---------------------------------------  -----  ---------  --------  ----------  --------------  -------------------
/opt/airflow/dags/steam_pipeline_dag.py                           0           1  0.11s           2025-08-16T12:58:08
================================================================================
[2025-08-16T12:58:43.420+0000] {manager.py:878} INFO - 
================================================================================
DAG File Processing Stats

File Path                                PID    Runtime      # DAGs    # Errors  Last Runtime    Last Run
---------------------------------------  -----  ---------  --------  ----------  --------------  -------------------
/opt/airflow/dags/steam_pipeline_dag.py                           0           1  0.11s           2025-08-16T12:58:38
================================================================================
[2025-08-16T12:59:11.638+0000] {manager.py:878} INFO - 
================================================================================
DAG File Processing Stats

File Path                                PID    Runtime      # DAGs    # Errors  Last Runtime    Last Run
---------------------------------------  -----  ---------  --------  ----------  --------------  -------------------
/opt/airflow/dags/steam_pipeline_dag.py                           0           1  0.11s           2025-08-16T12:59:08
================================================================================
[2025-08-16T12:59:39.907+0000] {manager.py:878} INFO - 
================================================================================
DAG File Processing Stats

File Path                                PID    Runtime      # DAGs    # Errors  Last Runtime    Last Run
---------------------------------------  -----  ---------  --------  ----------  --------------  -------------------
/opt/airflow/dags/steam_pipeline_dag.py                           0           1  0.22s           2025-08-16T12:59:39
================================================================================
[2025-08-16T13:00:07.738+0000] {manager.py:878} INFO - 
================================================================================
DAG File Processing Stats

File Path                                PID    Runtime      # DAGs    # Errors  Last Runtime    Last Run
---------------------------------------  -----  ---------  --------  ----------  --------------  -------------------
/opt/airflow/dags/steam_pipeline_dag.py                           0           1  0.22s           2025-08-16T12:59:39
================================================================================
[2025-08-16T13:00:35.692+0000] {manager.py:878} INFO - 
================================================================================
DAG File Processing Stats

File Path                                PID    Runtime      # DAGs    # Errors  Last Runtime    Last Run
---------------------------------------  -----  ---------  --------  ----------  --------------  -------------------
/opt/airflow/dags/steam_pipeline_dag.py                           0           1  0.22s           2025-08-16T13:00:10
================================================================================
[2025-08-16T13:01:03.501+0000] {manager.py:878} INFO - 
================================================================================
DAG File Processing Stats

File Path                                PID    Runtime      # DAGs    # Errors  Last Runtime    Last Run
---------------------------------------  -----  ---------  --------  ----------  --------------  -------------------
/opt/airflow/dags/steam_pipeline_dag.py                           0           1  0.21s           2025-08-16T13:00:41
================================================================================
[2025-08-16T13:01:31.195+0000] {manager.py:878} INFO - 
================================================================================
DAG File Processing Stats

File Path                                PID    Runtime      # DAGs    # Errors  Last Runtime    Last Run
---------------------------------------  -----  ---------  --------  ----------  --------------  -------------------
/opt/airflow/dags/steam_pipeline_dag.py                           0           1  0.22s           2025-08-16T13:01:11
================================================================================
[2025-08-16T13:01:46.141+0000] {manager.py:737} INFO - Searching for files in /opt/airflow/dags
[2025-08-16T13:01:46.186+0000] {manager.py:740} INFO - There are 1 files in /opt/airflow/dags
[2025-08-16T13:01:58.842+0000] {manager.py:878} INFO - 
================================================================================
DAG File Processing Stats

File Path                                PID    Runtime      # DAGs    # Errors  Last Runtime    Last Run
---------------------------------------  -----  ---------  --------  ----------  --------------  -------------------
/opt/airflow/dags/steam_pipeline_dag.py                           0           1  0.22s           2025-08-16T13:01:42
================================================================================
[2025-08-16T13:02:26.720+0000] {manager.py:878} INFO - 
================================================================================
DAG File Processing Stats

File Path                                PID    Runtime      # DAGs    # Errors  Last Runtime    Last Run
---------------------------------------  -----  ---------  --------  ----------  --------------  -------------------
/opt/airflow/dags/steam_pipeline_dag.py                           0           1  0.22s           2025-08-16T13:02:13
================================================================================
[2025-08-16T13:02:54.549+0000] {manager.py:878} INFO - 
================================================================================
DAG File Processing Stats

File Path                                PID    Runtime      # DAGs    # Errors  Last Runtime    Last Run
---------------------------------------  -----  ---------  --------  ----------  --------------  -------------------
/opt/airflow/dags/steam_pipeline_dag.py                           0           1  0.22s           2025-08-16T13:02:43
================================================================================
[2025-08-16T13:03:22.159+0000] {manager.py:878} INFO - 
================================================================================
DAG File Processing Stats

File Path                                PID    Runtime      # DAGs    # Errors  Last Runtime    Last Run
---------------------------------------  -----  ---------  --------  ----------  --------------  -------------------
/opt/airflow/dags/steam_pipeline_dag.py                           0           1  -2.19s          2025-08-16T13:03:12
================================================================================
[2025-08-16T13:03:49.965+0000] {manager.py:878} INFO - 
================================================================================
DAG File Processing Stats

File Path                                PID    Runtime      # DAGs    # Errors  Last Runtime    Last Run
---------------------------------------  -----  ---------  --------  ----------  --------------  -------------------
/opt/airflow/dags/steam_pipeline_dag.py                           0           1  0.11s           2025-08-16T13:03:42
================================================================================
[2025-08-16T13:04:17.645+0000] {manager.py:878} INFO - 
================================================================================
DAG File Processing Stats

File Path                                PID    Runtime      # DAGs    # Errors  Last Runtime    Last Run
---------------------------------------  -----  ---------  --------  ----------  --------------  -------------------
/opt/airflow/dags/steam_pipeline_dag.py                           0           1  0.16s           2025-08-16T13:04:13
================================================================================
[2025-08-16T13:04:45.192+0000] {manager.py:878} INFO - 
================================================================================
DAG File Processing Stats

File Path                                PID    Runtime      # DAGs    # Errors  Last Runtime    Last Run
---------------------------------------  -----  ---------  --------  ----------  --------------  -------------------
/opt/airflow/dags/steam_pipeline_dag.py                           0           1  0.22s           2025-08-16T13:04:44
================================================================================
[2025-08-16T13:05:12.881+0000] {manager.py:878} INFO - 
================================================================================
DAG File Processing Stats

File Path                                PID    Runtime      # DAGs    # Errors  Last Runtime    Last Run
---------------------------------------  -----  ---------  --------  ----------  --------------  -------------------
/opt/airflow/dags/steam_pipeline_dag.py                           0           1  0.22s           2025-08-16T13:04:44
================================================================================
[2025-08-16T13:05:40.648+0000] {manager.py:878} INFO - 
================================================================================
DAG File Processing Stats

File Path                                PID    Runtime      # DAGs    # Errors  Last Runtime    Last Run
---------------------------------------  -----  ---------  --------  ----------  --------------  -------------------
/opt/airflow/dags/steam_pipeline_dag.py                           0           1  0.21s           2025-08-16T13:05:15
================================================================================
[2025-08-16T13:06:08.452+0000] {manager.py:878} INFO - 
================================================================================
DAG File Processing Stats

File Path                                PID    Runtime      # DAGs    # Errors  Last Runtime    Last Run
---------------------------------------  -----  ---------  --------  ----------  --------------  -------------------
/opt/airflow/dags/steam_pipeline_dag.py                           0           1  0.22s           2025-08-16T13:05:46
================================================================================
[2025-08-16T13:06:36.062+0000] {manager.py:878} INFO - 
================================================================================
DAG File Processing Stats

File Path                                PID    Runtime      # DAGs    # Errors  Last Runtime    Last Run
---------------------------------------  -----  ---------  --------  ----------  --------------  -------------------
/opt/airflow/dags/steam_pipeline_dag.py                           0           1  0.22s           2025-08-16T13:06:17
================================================================================
[2025-08-16T13:06:47.155+0000] {manager.py:737} INFO - Searching for files in /opt/airflow/dags
[2025-08-16T13:06:47.202+0000] {manager.py:740} INFO - There are 1 files in /opt/airflow/dags
[2025-08-16T13:07:03.824+0000] {manager.py:878} INFO - 
================================================================================
DAG File Processing Stats

File Path                                PID    Runtime      # DAGs    # Errors  Last Runtime    Last Run
---------------------------------------  -----  ---------  --------  ----------  --------------  -------------------
/opt/airflow/dags/steam_pipeline_dag.py                           0           1  0.12s           2025-08-16T13:06:47
================================================================================
[2025-08-16T13:07:31.721+0000] {manager.py:878} INFO - 
================================================================================
DAG File Processing Stats

File Path                                PID    Runtime      # DAGs    # Errors  Last Runtime    Last Run
---------------------------------------  -----  ---------  --------  ----------  --------------  -------------------
/opt/airflow/dags/steam_pipeline_dag.py                           0           1  0.11s           2025-08-16T13:07:18
================================================================================
[2025-08-16T13:07:59.568+0000] {manager.py:878} INFO - 
================================================================================
DAG File Processing Stats

File Path                                PID    Runtime      # DAGs    # Errors  Last Runtime    Last Run
---------------------------------------  -----  ---------  --------  ----------  --------------  -------------------
/opt/airflow/dags/steam_pipeline_dag.py                           0           1  0.21s           2025-08-16T13:07:48
================================================================================
[2025-08-16T13:08:27.345+0000] {manager.py:878} INFO - 
================================================================================
DAG File Processing Stats

File Path                                PID    Runtime      # DAGs    # Errors  Last Runtime    Last Run
---------------------------------------  -----  ---------  --------  ----------  --------------  -------------------
/opt/airflow/dags/steam_pipeline_dag.py                           0           1  0.21s           2025-08-16T13:08:18
================================================================================
[2025-08-16T13:08:55.042+0000] {manager.py:878} INFO - 
================================================================================
DAG File Processing Stats

File Path                                PID    Runtime      # DAGs    # Errors  Last Runtime    Last Run
---------------------------------------  -----  ---------  --------  ----------  --------------  -------------------
/opt/airflow/dags/steam_pipeline_dag.py                           0           1  0.21s           2025-08-16T13:08:49
================================================================================
[2025-08-16T13:09:22.547+0000] {manager.py:878} INFO - 
================================================================================
DAG File Processing Stats

File Path                                PID    Runtime      # DAGs    # Errors  Last Runtime    Last Run
---------------------------------------  -----  ---------  --------  ----------  --------------  -------------------
/opt/airflow/dags/steam_pipeline_dag.py                           0           1  0.22s           2025-08-16T13:09:20
================================================================================
[2025-08-16T13:09:50.632+0000] {manager.py:878} INFO - 
================================================================================
DAG File Processing Stats

File Path                                PID    Runtime      # DAGs    # Errors  Last Runtime    Last Run
---------------------------------------  -----  ---------  --------  ----------  --------------  -------------------
/opt/airflow/dags/steam_pipeline_dag.py                           0           1  0.21s           2025-08-16T13:09:50
================================================================================
[2025-08-16T13:10:18.502+0000] {manager.py:878} INFO - 
================================================================================
DAG File Processing Stats

File Path                                PID    Runtime      # DAGs    # Errors  Last Runtime    Last Run
---------------------------------------  -----  ---------  --------  ----------  --------------  -------------------
/opt/airflow/dags/steam_pipeline_dag.py                           0           1  0.21s           2025-08-16T13:09:50
================================================================================
[2025-08-16T13:10:46.197+0000] {manager.py:878} INFO - 
================================================================================
DAG File Processing Stats

File Path                                PID    Runtime      # DAGs    # Errors  Last Runtime    Last Run
---------------------------------------  -----  ---------  --------  ----------  --------------  -------------------
/opt/airflow/dags/steam_pipeline_dag.py                           0           1  0.21s           2025-08-16T13:10:21
================================================================================
[2025-08-16T13:11:13.881+0000] {manager.py:878} INFO - 
================================================================================
DAG File Processing Stats

File Path                                PID    Runtime      # DAGs    # Errors  Last Runtime    Last Run
---------------------------------------  -----  ---------  --------  ----------  --------------  -------------------
/opt/airflow/dags/steam_pipeline_dag.py                           0           1  0.32s           2025-08-16T13:10:52
================================================================================
[2025-08-16T13:11:41.577+0000] {manager.py:878} INFO - 
================================================================================
DAG File Processing Stats

File Path                                PID    Runtime      # DAGs    # Errors  Last Runtime    Last Run
---------------------------------------  -----  ---------  --------  ----------  --------------  -------------------
/opt/airflow/dags/steam_pipeline_dag.py                           0           1  0.22s           2025-08-16T13:11:22
================================================================================
[2025-08-16T13:11:47.789+0000] {manager.py:737} INFO - Searching for files in /opt/airflow/dags
[2025-08-16T13:11:47.834+0000] {manager.py:740} INFO - There are 1 files in /opt/airflow/dags
[2025-08-16T13:12:09.466+0000] {manager.py:878} INFO - 
================================================================================
DAG File Processing Stats

File Path                                PID    Runtime      # DAGs    # Errors  Last Runtime    Last Run
---------------------------------------  -----  ---------  --------  ----------  --------------  -------------------
/opt/airflow/dags/steam_pipeline_dag.py                           0           1  0.11s           2025-08-16T13:11:52
================================================================================
[2025-08-16T13:12:37.227+0000] {manager.py:878} INFO - 
================================================================================
DAG File Processing Stats

File Path                                PID    Runtime      # DAGs    # Errors  Last Runtime    Last Run
---------------------------------------  -----  ---------  --------  ----------  --------------  -------------------
/opt/airflow/dags/steam_pipeline_dag.py                           0           1  0.22s           2025-08-16T13:12:23
================================================================================
[2025-08-16T13:13:04.916+0000] {manager.py:878} INFO - 
================================================================================
DAG File Processing Stats

File Path                                PID    Runtime      # DAGs    # Errors  Last Runtime    Last Run
---------------------------------------  -----  ---------  --------  ----------  --------------  -------------------
/opt/airflow/dags/steam_pipeline_dag.py                           0           1  0.22s           2025-08-16T13:12:54
================================================================================
[2025-08-16T13:13:32.549+0000] {manager.py:878} INFO - 
================================================================================
DAG File Processing Stats

File Path                                PID    Runtime      # DAGs    # Errors  Last Runtime    Last Run
---------------------------------------  -----  ---------  --------  ----------  --------------  -------------------
/opt/airflow/dags/steam_pipeline_dag.py                           0           1  0.21s           2025-08-16T13:13:26
================================================================================
[2025-08-16T13:14:00.287+0000] {manager.py:878} INFO - 
================================================================================
DAG File Processing Stats

File Path                                PID    Runtime      # DAGs    # Errors  Last Runtime    Last Run
---------------------------------------  -----  ---------  --------  ----------  --------------  -------------------
/opt/airflow/dags/steam_pipeline_dag.py                           0           1  0.32s           2025-08-16T13:13:56
================================================================================
[2025-08-16T13:14:28.146+0000] {manager.py:878} INFO - 
================================================================================
DAG File Processing Stats

File Path                                PID    Runtime      # DAGs    # Errors  Last Runtime    Last Run
---------------------------------------  -----  ---------  --------  ----------  --------------  -------------------
/opt/airflow/dags/steam_pipeline_dag.py                           0           1  0.22s           2025-08-16T13:14:28
================================================================================
[2025-08-16T13:14:55.799+0000] {manager.py:878} INFO - 
================================================================================
DAG File Processing Stats

File Path                                PID    Runtime      # DAGs    # Errors  Last Runtime    Last Run
---------------------------------------  -----  ---------  --------  ----------  --------------  -------------------
/opt/airflow/dags/steam_pipeline_dag.py                           0           1  0.22s           2025-08-16T13:14:28
================================================================================
[2025-08-16T13:15:23.513+0000] {manager.py:878} INFO - 
================================================================================
DAG File Processing Stats

File Path                                PID    Runtime      # DAGs    # Errors  Last Runtime    Last Run
---------------------------------------  -----  ---------  --------  ----------  --------------  -------------------
/opt/airflow/dags/steam_pipeline_dag.py                           0           1  0.22s           2025-08-16T13:14:58
================================================================================
[2025-08-16T13:15:51.151+0000] {manager.py:878} INFO - 
================================================================================
DAG File Processing Stats

File Path                                PID    Runtime      # DAGs    # Errors  Last Runtime    Last Run
---------------------------------------  -----  ---------  --------  ----------  --------------  -------------------
/opt/airflow/dags/steam_pipeline_dag.py                           0           1  0.22s           2025-08-16T13:15:29
================================================================================
[2025-08-16T13:16:18.829+0000] {manager.py:878} INFO - 
================================================================================
DAG File Processing Stats

File Path                                PID    Runtime      # DAGs    # Errors  Last Runtime    Last Run
---------------------------------------  -----  ---------  --------  ----------  --------------  -------------------
/opt/airflow/dags/steam_pipeline_dag.py                           0           1  0.12s           2025-08-16T13:16:00
================================================================================
[2025-08-16T13:16:46.471+0000] {manager.py:878} INFO - 
================================================================================
DAG File Processing Stats

File Path                                PID    Runtime      # DAGs    # Errors  Last Runtime    Last Run
---------------------------------------  -----  ---------  --------  ----------  --------------  -------------------
/opt/airflow/dags/steam_pipeline_dag.py                           0           1  0.21s           2025-08-16T13:16:31
================================================================================
[2025-08-16T13:16:48.828+0000] {manager.py:737} INFO - Searching for files in /opt/airflow/dags
[2025-08-16T13:16:48.857+0000] {manager.py:740} INFO - There are 1 files in /opt/airflow/dags
[2025-08-16T13:17:14.199+0000] {manager.py:878} INFO - 
================================================================================
DAG File Processing Stats

File Path                                PID    Runtime      # DAGs    # Errors  Last Runtime    Last Run
---------------------------------------  -----  ---------  --------  ----------  --------------  -------------------
/opt/airflow/dags/steam_pipeline_dag.py                           0           1  0.22s           2025-08-16T13:17:01
================================================================================
[2025-08-16T13:17:41.963+0000] {manager.py:878} INFO - 
================================================================================
DAG File Processing Stats

File Path                                PID    Runtime      # DAGs    # Errors  Last Runtime    Last Run
---------------------------------------  -----  ---------  --------  ----------  --------------  -------------------
/opt/airflow/dags/steam_pipeline_dag.py                           0           1  0.21s           2025-08-16T13:17:32
================================================================================
[2025-08-16T13:18:09.603+0000] {manager.py:878} INFO - 
================================================================================
DAG File Processing Stats

File Path                                PID    Runtime      # DAGs    # Errors  Last Runtime    Last Run
---------------------------------------  -----  ---------  --------  ----------  --------------  -------------------
/opt/airflow/dags/steam_pipeline_dag.py                           0           1  0.21s           2025-08-16T13:18:03
================================================================================
[2025-08-16T13:18:37.212+0000] {manager.py:878} INFO - 
================================================================================
DAG File Processing Stats

File Path                                PID    Runtime      # DAGs    # Errors  Last Runtime    Last Run
---------------------------------------  -----  ---------  --------  ----------  --------------  -------------------
/opt/airflow/dags/steam_pipeline_dag.py                           0           1  0.22s           2025-08-16T13:18:33
================================================================================
[2025-08-16T13:19:04.884+0000] {manager.py:878} INFO - 
================================================================================
DAG File Processing Stats

File Path                                PID    Runtime      # DAGs    # Errors  Last Runtime    Last Run
---------------------------------------  -----  ---------  --------  ----------  --------------  -------------------
/opt/airflow/dags/steam_pipeline_dag.py                           0           1  0.14s           2025-08-16T13:19:04
================================================================================
[2025-08-16T13:19:32.557+0000] {manager.py:878} INFO - 
================================================================================
DAG File Processing Stats

File Path                                PID    Runtime      # DAGs    # Errors  Last Runtime    Last Run
---------------------------------------  -----  ---------  --------  ----------  --------------  -------------------
/opt/airflow/dags/steam_pipeline_dag.py                           0           1  0.14s           2025-08-16T13:19:04
================================================================================
[2025-08-16T13:20:00.067+0000] {manager.py:878} INFO - 
================================================================================
DAG File Processing Stats

File Path                                PID    Runtime      # DAGs    # Errors  Last Runtime    Last Run
---------------------------------------  -----  ---------  --------  ----------  --------------  -------------------
/opt/airflow/dags/steam_pipeline_dag.py                           0           1  0.11s           2025-08-16T13:19:34
================================================================================
[2025-08-16T13:20:27.719+0000] {manager.py:878} INFO - 
================================================================================
DAG File Processing Stats

File Path                                PID    Runtime      # DAGs    # Errors  Last Runtime    Last Run
---------------------------------------  -----  ---------  --------  ----------  --------------  -------------------
/opt/airflow/dags/steam_pipeline_dag.py                           0           1  0.21s           2025-08-16T13:20:05
================================================================================
[2025-08-16T13:20:55.353+0000] {manager.py:878} INFO - 
================================================================================
DAG File Processing Stats

File Path                                PID    Runtime      # DAGs    # Errors  Last Runtime    Last Run
---------------------------------------  -----  ---------  --------  ----------  --------------  -------------------
/opt/airflow/dags/steam_pipeline_dag.py                           0           1  0.21s           2025-08-16T13:20:35
================================================================================
[2025-08-16T13:21:23.031+0000] {manager.py:878} INFO - 
================================================================================
DAG File Processing Stats

File Path                                PID    Runtime      # DAGs    # Errors  Last Runtime    Last Run
---------------------------------------  -----  ---------  --------  ----------  --------------  -------------------
/opt/airflow/dags/steam_pipeline_dag.py                           0           1  0.22s           2025-08-16T13:21:06
================================================================================
[2025-08-16T13:21:49.267+0000] {manager.py:737} INFO - Searching for files in /opt/airflow/dags
[2025-08-16T13:21:49.296+0000] {manager.py:740} INFO - There are 1 files in /opt/airflow/dags
[2025-08-16T13:21:50.700+0000] {manager.py:878} INFO - 
================================================================================
DAG File Processing Stats

File Path                                PID    Runtime      # DAGs    # Errors  Last Runtime    Last Run
---------------------------------------  -----  ---------  --------  ----------  --------------  -------------------
/opt/airflow/dags/steam_pipeline_dag.py                           0           1  0.22s           2025-08-16T13:21:36
================================================================================
[2025-08-16T13:22:18.309+0000] {manager.py:878} INFO - 
================================================================================
DAG File Processing Stats

File Path                                PID    Runtime      # DAGs    # Errors  Last Runtime    Last Run
---------------------------------------  -----  ---------  --------  ----------  --------------  -------------------
/opt/airflow/dags/steam_pipeline_dag.py                           0           1  0.11s           2025-08-16T13:22:07
================================================================================
[2025-08-16T13:22:45.972+0000] {manager.py:878} INFO - 
================================================================================
DAG File Processing Stats

File Path                                PID    Runtime      # DAGs    # Errors  Last Runtime    Last Run
---------------------------------------  -----  ---------  --------  ----------  --------------  -------------------
/opt/airflow/dags/steam_pipeline_dag.py                           0           1  0.21s           2025-08-16T13:22:38
================================================================================
[2025-08-16T13:23:13.438+0000] {manager.py:878} INFO - 
================================================================================
DAG File Processing Stats

File Path                                PID    Runtime      # DAGs    # Errors  Last Runtime    Last Run
---------------------------------------  -----  ---------  --------  ----------  --------------  -------------------
/opt/airflow/dags/steam_pipeline_dag.py                           0           1  0.22s           2025-08-16T13:23:08
================================================================================
[2025-08-16T13:23:41.224+0000] {manager.py:878} INFO - 
================================================================================
DAG File Processing Stats

File Path                                PID    Runtime      # DAGs    # Errors  Last Runtime    Last Run
---------------------------------------  -----  ---------  --------  ----------  --------------  -------------------
/opt/airflow/dags/steam_pipeline_dag.py                           0           1  0.21s           2025-08-16T13:23:38
================================================================================
[2025-08-16T13:24:08.799+0000] {manager.py:878} INFO - 
================================================================================
DAG File Processing Stats

File Path                                PID    Runtime      # DAGs    # Errors  Last Runtime    Last Run
---------------------------------------  -----  ---------  --------  ----------  --------------  -------------------
/opt/airflow/dags/steam_pipeline_dag.py                           0           1  0.21s           2025-08-16T13:23:38
================================================================================
[2025-08-16T13:24:36.413+0000] {manager.py:878} INFO - 
================================================================================
DAG File Processing Stats

File Path                                PID    Runtime      # DAGs    # Errors  Last Runtime    Last Run
---------------------------------------  -----  ---------  --------  ----------  --------------  -------------------
/opt/airflow/dags/steam_pipeline_dag.py                           0           1  0.22s           2025-08-16T13:24:10
================================================================================
[2025-08-16T13:25:03.948+0000] {manager.py:878} INFO - 
================================================================================
DAG File Processing Stats

File Path                                PID    Runtime      # DAGs    # Errors  Last Runtime    Last Run
---------------------------------------  -----  ---------  --------  ----------  --------------  -------------------
/opt/airflow/dags/steam_pipeline_dag.py                           0           1  0.22s           2025-08-16T13:24:41
================================================================================
[2025-08-16T13:25:31.605+0000] {manager.py:878} INFO - 
================================================================================
DAG File Processing Stats

File Path                                PID    Runtime      # DAGs    # Errors  Last Runtime    Last Run
---------------------------------------  -----  ---------  --------  ----------  --------------  -------------------
/opt/airflow/dags/steam_pipeline_dag.py                           0           1  0.11s           2025-08-16T13:25:11
================================================================================
[2025-08-16T13:25:59.269+0000] {manager.py:878} INFO - 
================================================================================
DAG File Processing Stats

File Path                                PID    Runtime      # DAGs    # Errors  Last Runtime    Last Run
---------------------------------------  -----  ---------  --------  ----------  --------------  -------------------
/opt/airflow/dags/steam_pipeline_dag.py                           0           1  0.22s           2025-08-16T13:25:42
================================================================================
[2025-08-16T13:26:26.854+0000] {manager.py:878} INFO - 
================================================================================
DAG File Processing Stats

File Path                                PID    Runtime      # DAGs    # Errors  Last Runtime    Last Run
---------------------------------------  -----  ---------  --------  ----------  --------------  -------------------
/opt/airflow/dags/steam_pipeline_dag.py                           0           1  0.22s           2025-08-16T13:26:13
================================================================================
[2025-08-16T13:26:49.310+0000] {manager.py:737} INFO - Searching for files in /opt/airflow/dags
[2025-08-16T13:26:49.360+0000] {manager.py:740} INFO - There are 1 files in /opt/airflow/dags
[2025-08-16T13:26:54.426+0000] {manager.py:878} INFO - 
================================================================================
DAG File Processing Stats

File Path                                PID    Runtime      # DAGs    # Errors  Last Runtime    Last Run
---------------------------------------  -----  ---------  --------  ----------  --------------  -------------------
/opt/airflow/dags/steam_pipeline_dag.py                           0           1  0.22s           2025-08-16T13:26:43
================================================================================
[2025-08-16T13:27:22.078+0000] {manager.py:878} INFO - 
================================================================================
DAG File Processing Stats

File Path                                PID    Runtime      # DAGs    # Errors  Last Runtime    Last Run
---------------------------------------  -----  ---------  --------  ----------  --------------  -------------------
/opt/airflow/dags/steam_pipeline_dag.py                           0           1  0.10s           2025-08-16T13:27:14
================================================================================
[2025-08-16T13:27:49.737+0000] {manager.py:878} INFO - 
================================================================================
DAG File Processing Stats

File Path                                PID    Runtime      # DAGs    # Errors  Last Runtime    Last Run
---------------------------------------  -----  ---------  --------  ----------  --------------  -------------------
/opt/airflow/dags/steam_pipeline_dag.py                           0           1  0.21s           2025-08-16T13:27:45
================================================================================
[2025-08-16T13:28:17.338+0000] {manager.py:878} INFO - 
================================================================================
DAG File Processing Stats

File Path                                PID    Runtime      # DAGs    # Errors  Last Runtime    Last Run
---------------------------------------  -----  ---------  --------  ----------  --------------  -------------------
/opt/airflow/dags/steam_pipeline_dag.py                           0           1  0.11s           2025-08-16T13:28:15
================================================================================
[2025-08-16T13:28:44.882+0000] {manager.py:878} INFO - 
================================================================================
DAG File Processing Stats

File Path                                PID    Runtime      # DAGs    # Errors  Last Runtime    Last Run
---------------------------------------  -----  ---------  --------  ----------  --------------  -------------------
/opt/airflow/dags/steam_pipeline_dag.py                           0           1  0.11s           2025-08-16T13:28:15
================================================================================
[2025-08-16T13:29:12.452+0000] {manager.py:878} INFO - 
================================================================================
DAG File Processing Stats

File Path                                PID    Runtime      # DAGs    # Errors  Last Runtime    Last Run
---------------------------------------  -----  ---------  --------  ----------  --------------  -------------------
/opt/airflow/dags/steam_pipeline_dag.py                           0           1  0.21s           2025-08-16T13:28:46
================================================================================
[2025-08-16T13:29:40.014+0000] {manager.py:878} INFO - 
================================================================================
DAG File Processing Stats

File Path                                PID    Runtime      # DAGs    # Errors  Last Runtime    Last Run
---------------------------------------  -----  ---------  --------  ----------  --------------  -------------------
/opt/airflow/dags/steam_pipeline_dag.py                           0           1  0.22s           2025-08-16T13:29:17
================================================================================
[2025-08-16T13:30:07.504+0000] {manager.py:878} INFO - 
================================================================================
DAG File Processing Stats

File Path                                PID    Runtime      # DAGs    # Errors  Last Runtime    Last Run
---------------------------------------  -----  ---------  --------  ----------  --------------  -------------------
/opt/airflow/dags/steam_pipeline_dag.py                           0           1  0.22s           2025-08-16T13:29:48
================================================================================
[2025-08-16T13:30:35.098+0000] {manager.py:878} INFO - 
================================================================================
DAG File Processing Stats

File Path                                PID    Runtime      # DAGs    # Errors  Last Runtime    Last Run
---------------------------------------  -----  ---------  --------  ----------  --------------  -------------------
/opt/airflow/dags/steam_pipeline_dag.py                           0           1  0.22s           2025-08-16T13:30:18
================================================================================
[2025-08-16T13:31:02.521+0000] {manager.py:878} INFO - 
================================================================================
DAG File Processing Stats

File Path                                PID    Runtime      # DAGs    # Errors  Last Runtime    Last Run
---------------------------------------  -----  ---------  --------  ----------  --------------  -------------------
/opt/airflow/dags/steam_pipeline_dag.py                           0           1  0.12s           2025-08-16T13:30:49
================================================================================
[2025-08-16T13:31:29.964+0000] {manager.py:878} INFO - 
================================================================================
DAG File Processing Stats

File Path                                PID    Runtime      # DAGs    # Errors  Last Runtime    Last Run
---------------------------------------  -----  ---------  --------  ----------  --------------  -------------------
/opt/airflow/dags/steam_pipeline_dag.py                           0           1  0.11s           2025-08-16T13:31:20
================================================================================
[2025-08-16T13:31:50.021+0000] {manager.py:737} INFO - Searching for files in /opt/airflow/dags
[2025-08-16T13:31:50.049+0000] {manager.py:740} INFO - There are 1 files in /opt/airflow/dags
[2025-08-16T13:31:57.304+0000] {manager.py:878} INFO - 
================================================================================
DAG File Processing Stats

File Path                                PID    Runtime      # DAGs    # Errors  Last Runtime    Last Run
---------------------------------------  -----  ---------  --------  ----------  --------------  -------------------
/opt/airflow/dags/steam_pipeline_dag.py                           0           1  0.41s           2025-08-16T13:31:51
================================================================================
[2025-08-16T13:32:24.836+0000] {manager.py:878} INFO - 
================================================================================
DAG File Processing Stats

File Path                                PID    Runtime      # DAGs    # Errors  Last Runtime    Last Run
---------------------------------------  -----  ---------  --------  ----------  --------------  -------------------
/opt/airflow/dags/steam_pipeline_dag.py                           0           1  0.21s           2025-08-16T13:32:22
================================================================================
[2025-08-16T13:32:52.591+0000] {manager.py:878} INFO - 
================================================================================
DAG File Processing Stats

File Path                                PID    Runtime      # DAGs    # Errors  Last Runtime    Last Run
---------------------------------------  -----  ---------  --------  ----------  --------------  -------------------
/opt/airflow/dags/steam_pipeline_dag.py                           0           1  0.22s           2025-08-16T13:32:52
================================================================================
[2025-08-16T13:33:20.188+0000] {manager.py:878} INFO - 
================================================================================
DAG File Processing Stats

File Path                                PID    Runtime      # DAGs    # Errors  Last Runtime    Last Run
---------------------------------------  -----  ---------  --------  ----------  --------------  -------------------
/opt/airflow/dags/steam_pipeline_dag.py                           0           1  0.22s           2025-08-16T13:32:52
================================================================================
[2025-08-16T13:33:47.701+0000] {manager.py:878} INFO - 
================================================================================
DAG File Processing Stats

File Path                                PID    Runtime      # DAGs    # Errors  Last Runtime    Last Run
---------------------------------------  -----  ---------  --------  ----------  --------------  -------------------
/opt/airflow/dags/steam_pipeline_dag.py                           0           1  0.22s           2025-08-16T13:33:23
================================================================================
[2025-08-16T13:34:15.179+0000] {manager.py:878} INFO - 
================================================================================
DAG File Processing Stats

File Path                                PID    Runtime      # DAGs    # Errors  Last Runtime    Last Run
---------------------------------------  -----  ---------  --------  ----------  --------------  -------------------
/opt/airflow/dags/steam_pipeline_dag.py                           0           1  0.11s           2025-08-16T13:33:54
================================================================================
[2025-08-16T13:34:42.696+0000] {manager.py:878} INFO - 
================================================================================
DAG File Processing Stats

File Path                                PID    Runtime      # DAGs    # Errors  Last Runtime    Last Run
---------------------------------------  -----  ---------  --------  ----------  --------------  -------------------
/opt/airflow/dags/steam_pipeline_dag.py                           0           1  0.22s           2025-08-16T13:34:24
================================================================================
[2025-08-16T13:35:10.195+0000] {manager.py:878} INFO - 
================================================================================
DAG File Processing Stats

File Path                                PID    Runtime      # DAGs    # Errors  Last Runtime    Last Run
---------------------------------------  -----  ---------  --------  ----------  --------------  -------------------
/opt/airflow/dags/steam_pipeline_dag.py                           0           1  0.21s           2025-08-16T13:34:55
================================================================================
[2025-08-16T13:35:37.675+0000] {manager.py:878} INFO - 
================================================================================
DAG File Processing Stats

File Path                                PID    Runtime      # DAGs    # Errors  Last Runtime    Last Run
---------------------------------------  -----  ---------  --------  ----------  --------------  -------------------
/opt/airflow/dags/steam_pipeline_dag.py                           0           1  0.22s           2025-08-16T13:35:25
================================================================================
[2025-08-16T13:36:05.206+0000] {manager.py:878} INFO - 
================================================================================
DAG File Processing Stats

File Path                                PID    Runtime      # DAGs    # Errors  Last Runtime    Last Run
---------------------------------------  -----  ---------  --------  ----------  --------------  -------------------
/opt/airflow/dags/steam_pipeline_dag.py                           0           1  0.11s           2025-08-16T13:35:56
================================================================================
[2025-08-16T13:36:32.707+0000] {manager.py:878} INFO - 
================================================================================
DAG File Processing Stats

File Path                                PID    Runtime      # DAGs    # Errors  Last Runtime    Last Run
---------------------------------------  -----  ---------  --------  ----------  --------------  -------------------
/opt/airflow/dags/steam_pipeline_dag.py                           0           1  0.22s           2025-08-16T13:36:27
================================================================================
[2025-08-16T13:36:50.920+0000] {manager.py:737} INFO - Searching for files in /opt/airflow/dags
[2025-08-16T13:36:51.037+0000] {manager.py:740} INFO - There are 1 files in /opt/airflow/dags
[2025-08-16T13:37:00.203+0000] {manager.py:878} INFO - 
================================================================================
DAG File Processing Stats

File Path                                PID    Runtime      # DAGs    # Errors  Last Runtime    Last Run
---------------------------------------  -----  ---------  --------  ----------  --------------  -------------------
/opt/airflow/dags/steam_pipeline_dag.py                           0           1  0.21s           2025-08-16T13:36:58
================================================================================
[2025-08-16T13:37:27.719+0000] {manager.py:878} INFO - 
================================================================================
DAG File Processing Stats

File Path                                PID    Runtime      # DAGs    # Errors  Last Runtime    Last Run
---------------------------------------  -----  ---------  --------  ----------  --------------  -------------------
/opt/airflow/dags/steam_pipeline_dag.py                           0           1  0.21s           2025-08-16T13:36:58
================================================================================
[2025-08-16T13:37:55.277+0000] {manager.py:878} INFO - 
================================================================================
DAG File Processing Stats

File Path                                PID    Runtime      # DAGs    # Errors  Last Runtime    Last Run
---------------------------------------  -----  ---------  --------  ----------  --------------  -------------------
/opt/airflow/dags/steam_pipeline_dag.py                           0           1  0.22s           2025-08-16T13:37:29
================================================================================
[2025-08-16T13:38:22.787+0000] {manager.py:878} INFO - 
================================================================================
DAG File Processing Stats

File Path                                PID    Runtime      # DAGs    # Errors  Last Runtime    Last Run
---------------------------------------  -----  ---------  --------  ----------  --------------  -------------------
/opt/airflow/dags/steam_pipeline_dag.py                           0           1  0.22s           2025-08-16T13:38:00
================================================================================
[2025-08-16T13:38:50.376+0000] {manager.py:878} INFO - 
================================================================================
DAG File Processing Stats

File Path                                PID    Runtime      # DAGs    # Errors  Last Runtime    Last Run
---------------------------------------  -----  ---------  --------  ----------  --------------  -------------------
/opt/airflow/dags/steam_pipeline_dag.py                           0           1  0.22s           2025-08-16T13:38:30
================================================================================
[2025-08-16T13:39:18.005+0000] {manager.py:878} INFO - 
================================================================================
DAG File Processing Stats

File Path                                PID    Runtime      # DAGs    # Errors  Last Runtime    Last Run
---------------------------------------  -----  ---------  --------  ----------  --------------  -------------------
/opt/airflow/dags/steam_pipeline_dag.py                           0           1  0.11s           2025-08-16T13:39:01
================================================================================
[2025-08-16T13:39:45.605+0000] {manager.py:878} INFO - 
================================================================================
DAG File Processing Stats

File Path                                PID    Runtime      # DAGs    # Errors  Last Runtime    Last Run
---------------------------------------  -----  ---------  --------  ----------  --------------  -------------------
/opt/airflow/dags/steam_pipeline_dag.py                           0           1  0.21s           2025-08-16T13:39:31
================================================================================
[2025-08-16T13:40:13.266+0000] {manager.py:878} INFO - 
================================================================================
DAG File Processing Stats

File Path                                PID    Runtime      # DAGs    # Errors  Last Runtime    Last Run
---------------------------------------  -----  ---------  --------  ----------  --------------  -------------------
/opt/airflow/dags/steam_pipeline_dag.py                           0           1  0.21s           2025-08-16T13:40:02
================================================================================
[2025-08-16T13:40:40.702+0000] {manager.py:878} INFO - 
================================================================================
DAG File Processing Stats

File Path                                PID    Runtime      # DAGs    # Errors  Last Runtime    Last Run
---------------------------------------  -----  ---------  --------  ----------  --------------  -------------------
/opt/airflow/dags/steam_pipeline_dag.py                           0           1  0.21s           2025-08-16T13:40:33
================================================================================
[2025-08-16T13:41:08.266+0000] {manager.py:878} INFO - 
================================================================================
DAG File Processing Stats

File Path                                PID    Runtime      # DAGs    # Errors  Last Runtime    Last Run
---------------------------------------  -----  ---------  --------  ----------  --------------  -------------------
/opt/airflow/dags/steam_pipeline_dag.py                           0           1  0.22s           2025-08-16T13:41:04
================================================================================
[2025-08-16T13:41:35.794+0000] {manager.py:878} INFO - 
================================================================================
DAG File Processing Stats

File Path                                PID    Runtime      # DAGs    # Errors  Last Runtime    Last Run
---------------------------------------  -----  ---------  --------  ----------  --------------  -------------------
/opt/airflow/dags/steam_pipeline_dag.py                           0           1  0.21s           2025-08-16T13:41:34
================================================================================
[2025-08-16T13:41:51.717+0000] {manager.py:737} INFO - Searching for files in /opt/airflow/dags
[2025-08-16T13:41:51.751+0000] {manager.py:740} INFO - There are 1 files in /opt/airflow/dags
[2025-08-16T13:42:03.311+0000] {manager.py:878} INFO - 
================================================================================
DAG File Processing Stats

File Path                                PID    Runtime      # DAGs    # Errors  Last Runtime    Last Run
---------------------------------------  -----  ---------  --------  ----------  --------------  -------------------
/opt/airflow/dags/steam_pipeline_dag.py                           0           1  0.21s           2025-08-16T13:41:34
================================================================================
[2025-08-16T13:42:30.805+0000] {manager.py:878} INFO - 
================================================================================
DAG File Processing Stats

File Path                                PID    Runtime      # DAGs    # Errors  Last Runtime    Last Run
---------------------------------------  -----  ---------  --------  ----------  --------------  -------------------
/opt/airflow/dags/steam_pipeline_dag.py                           0           1  0.11s           2025-08-16T13:42:05
================================================================================
[2025-08-16T13:42:58.321+0000] {manager.py:878} INFO - 
================================================================================
DAG File Processing Stats

File Path                                PID    Runtime      # DAGs    # Errors  Last Runtime    Last Run
---------------------------------------  -----  ---------  --------  ----------  --------------  -------------------
/opt/airflow/dags/steam_pipeline_dag.py                           0           1  0.21s           2025-08-16T13:42:36
================================================================================
[2025-08-16T13:43:25.953+0000] {manager.py:878} INFO - 
================================================================================
DAG File Processing Stats

File Path                                PID    Runtime      # DAGs    # Errors  Last Runtime    Last Run
---------------------------------------  -----  ---------  --------  ----------  --------------  -------------------
/opt/airflow/dags/steam_pipeline_dag.py                           0           1  0.11s           2025-08-16T13:43:07
================================================================================
[2025-08-16T13:43:53.603+0000] {manager.py:878} INFO - 
================================================================================
DAG File Processing Stats

File Path                                PID    Runtime      # DAGs    # Errors  Last Runtime    Last Run
---------------------------------------  -----  ---------  --------  ----------  --------------  -------------------
/opt/airflow/dags/steam_pipeline_dag.py                           0           1  0.22s           2025-08-16T13:43:37
================================================================================
[2025-08-16T13:44:21.189+0000] {manager.py:878} INFO - 
================================================================================
DAG File Processing Stats

File Path                                PID    Runtime      # DAGs    # Errors  Last Runtime    Last Run
---------------------------------------  -----  ---------  --------  ----------  --------------  -------------------
/opt/airflow/dags/steam_pipeline_dag.py                           0           1  0.21s           2025-08-16T13:44:08
================================================================================
[2025-08-16T13:44:48.690+0000] {manager.py:878} INFO - 
================================================================================
DAG File Processing Stats

File Path                                PID    Runtime      # DAGs    # Errors  Last Runtime    Last Run
---------------------------------------  -----  ---------  --------  ----------  --------------  -------------------
/opt/airflow/dags/steam_pipeline_dag.py                           0           1  0.22s           2025-08-16T13:44:39
================================================================================
[2025-08-16T13:45:16.274+0000] {manager.py:878} INFO - 
================================================================================
DAG File Processing Stats

File Path                                PID    Runtime      # DAGs    # Errors  Last Runtime    Last Run
---------------------------------------  -----  ---------  --------  ----------  --------------  -------------------
/opt/airflow/dags/steam_pipeline_dag.py                           0           1  0.21s           2025-08-16T13:45:10
================================================================================
[2025-08-16T13:45:43.828+0000] {manager.py:878} INFO - 
================================================================================
DAG File Processing Stats

File Path                                PID    Runtime      # DAGs    # Errors  Last Runtime    Last Run
---------------------------------------  -----  ---------  --------  ----------  --------------  -------------------
/opt/airflow/dags/steam_pipeline_dag.py                           0           1  0.11s           2025-08-16T13:45:41
================================================================================
[2025-08-16T13:46:11.403+0000] {manager.py:878} INFO - 
================================================================================
DAG File Processing Stats

File Path                                PID    Runtime      # DAGs    # Errors  Last Runtime    Last Run
---------------------------------------  -----  ---------  --------  ----------  --------------  -------------------
/opt/airflow/dags/steam_pipeline_dag.py                           0           1  0.11s           2025-08-16T13:45:41
================================================================================
[2025-08-16T13:46:38.950+0000] {manager.py:878} INFO - 
================================================================================
DAG File Processing Stats

File Path                                PID    Runtime      # DAGs    # Errors  Last Runtime    Last Run
---------------------------------------  -----  ---------  --------  ----------  --------------  -------------------
/opt/airflow/dags/steam_pipeline_dag.py                           0           1  0.21s           2025-08-16T13:46:12
================================================================================
[2025-08-16T13:46:52.479+0000] {manager.py:737} INFO - Searching for files in /opt/airflow/dags
[2025-08-16T13:46:52.524+0000] {manager.py:740} INFO - There are 1 files in /opt/airflow/dags
[2025-08-16T13:47:06.542+0000] {manager.py:878} INFO - 
================================================================================
DAG File Processing Stats

File Path                                PID    Runtime      # DAGs    # Errors  Last Runtime    Last Run
---------------------------------------  -----  ---------  --------  ----------  --------------  -------------------
/opt/airflow/dags/steam_pipeline_dag.py                           0           1  0.31s           2025-08-16T13:46:43
================================================================================
[2025-08-16T13:47:34.087+0000] {manager.py:878} INFO - 
================================================================================
DAG File Processing Stats

File Path                                PID    Runtime      # DAGs    # Errors  Last Runtime    Last Run
---------------------------------------  -----  ---------  --------  ----------  --------------  -------------------
/opt/airflow/dags/steam_pipeline_dag.py                           0           1  0.22s           2025-08-16T13:47:13
================================================================================
[2025-08-16T13:48:01.618+0000] {manager.py:878} INFO - 
================================================================================
DAG File Processing Stats

File Path                                PID    Runtime      # DAGs    # Errors  Last Runtime    Last Run
---------------------------------------  -----  ---------  --------  ----------  --------------  -------------------
/opt/airflow/dags/steam_pipeline_dag.py                           0           1  0.11s           2025-08-16T13:47:44
================================================================================
[2025-08-16T13:48:29.169+0000] {manager.py:878} INFO - 
================================================================================
DAG File Processing Stats

File Path                                PID    Runtime      # DAGs    # Errors  Last Runtime    Last Run
---------------------------------------  -----  ---------  --------  ----------  --------------  -------------------
/opt/airflow/dags/steam_pipeline_dag.py                           0           1  0.32s           2025-08-16T13:48:15
================================================================================
[2025-08-16T13:48:56.711+0000] {manager.py:878} INFO - 
================================================================================
DAG File Processing Stats

File Path                                PID    Runtime      # DAGs    # Errors  Last Runtime    Last Run
---------------------------------------  -----  ---------  --------  ----------  --------------  -------------------
/opt/airflow/dags/steam_pipeline_dag.py                           0           1  0.22s           2025-08-16T13:48:46
================================================================================
[2025-08-16T13:49:24.225+0000] {manager.py:878} INFO - 
================================================================================
DAG File Processing Stats

File Path                                PID    Runtime      # DAGs    # Errors  Last Runtime    Last Run
---------------------------------------  -----  ---------  --------  ----------  --------------  -------------------
/opt/airflow/dags/steam_pipeline_dag.py                           0           1  0.22s           2025-08-16T13:49:17
================================================================================
[2025-08-16T13:49:51.814+0000] {manager.py:878} INFO - 
================================================================================
DAG File Processing Stats

File Path                                PID    Runtime      # DAGs    # Errors  Last Runtime    Last Run
---------------------------------------  -----  ---------  --------  ----------  --------------  -------------------
/opt/airflow/dags/steam_pipeline_dag.py                           0           1  0.22s           2025-08-16T13:49:48
================================================================================
[2025-08-16T13:50:19.379+0000] {manager.py:878} INFO - 
================================================================================
DAG File Processing Stats

File Path                                PID    Runtime      # DAGs    # Errors  Last Runtime    Last Run
---------------------------------------  -----  ---------  --------  ----------  --------------  -------------------
/opt/airflow/dags/steam_pipeline_dag.py                           0           1  0.22s           2025-08-16T13:50:19
================================================================================
[2025-08-16T13:50:46.912+0000] {manager.py:878} INFO - 
================================================================================
DAG File Processing Stats

File Path                                PID    Runtime      # DAGs    # Errors  Last Runtime    Last Run
---------------------------------------  -----  ---------  --------  ----------  --------------  -------------------
/opt/airflow/dags/steam_pipeline_dag.py                           0           1  0.22s           2025-08-16T13:50:19
================================================================================
[2025-08-16T13:51:14.463+0000] {manager.py:878} INFO - 
================================================================================
DAG File Processing Stats

File Path                                PID    Runtime      # DAGs    # Errors  Last Runtime    Last Run
---------------------------------------  -----  ---------  --------  ----------  --------------  -------------------
/opt/airflow/dags/steam_pipeline_dag.py                           0           1  0.21s           2025-08-16T13:50:49
================================================================================
[2025-08-16T13:51:42.043+0000] {manager.py:878} INFO - 
================================================================================
DAG File Processing Stats

File Path                                PID    Runtime      # DAGs    # Errors  Last Runtime    Last Run
---------------------------------------  -----  ---------  --------  ----------  --------------  -------------------
/opt/airflow/dags/steam_pipeline_dag.py                           0           1  -2.39s          2025-08-16T13:51:17
================================================================================
[2025-08-16T13:51:53.116+0000] {manager.py:737} INFO - Searching for files in /opt/airflow/dags
[2025-08-16T13:51:53.149+0000] {manager.py:740} INFO - There are 1 files in /opt/airflow/dags
[2025-08-16T13:52:09.604+0000] {manager.py:878} INFO - 
================================================================================
DAG File Processing Stats

File Path                                PID    Runtime      # DAGs    # Errors  Last Runtime    Last Run
---------------------------------------  -----  ---------  --------  ----------  --------------  -------------------
/opt/airflow/dags/steam_pipeline_dag.py                           0           1  0.22s           2025-08-16T13:51:48
================================================================================
[2025-08-16T13:52:37.107+0000] {manager.py:878} INFO - 
================================================================================
DAG File Processing Stats

File Path                                PID    Runtime      # DAGs    # Errors  Last Runtime    Last Run
---------------------------------------  -----  ---------  --------  ----------  --------------  -------------------
/opt/airflow/dags/steam_pipeline_dag.py                           0           1  0.21s           2025-08-16T13:52:19
================================================================================
[2025-08-16T13:53:04.934+0000] {manager.py:878} INFO - 
================================================================================
DAG File Processing Stats

File Path                                PID    Runtime      # DAGs    # Errors  Last Runtime    Last Run
---------------------------------------  -----  ---------  --------  ----------  --------------  -------------------
/opt/airflow/dags/steam_pipeline_dag.py                           0           1  0.22s           2025-08-16T13:52:49
================================================================================
[2025-08-16T13:53:32.444+0000] {manager.py:878} INFO - 
================================================================================
DAG File Processing Stats

File Path                                PID    Runtime      # DAGs    # Errors  Last Runtime    Last Run
---------------------------------------  -----  ---------  --------  ----------  --------------  -------------------
/opt/airflow/dags/steam_pipeline_dag.py                           0           1  0.22s           2025-08-16T13:53:20
================================================================================
[2025-08-16T13:53:59.995+0000] {manager.py:878} INFO - 
================================================================================
DAG File Processing Stats

File Path                                PID    Runtime      # DAGs    # Errors  Last Runtime    Last Run
---------------------------------------  -----  ---------  --------  ----------  --------------  -------------------
/opt/airflow/dags/steam_pipeline_dag.py                           0           1  0.21s           2025-08-16T13:53:50
================================================================================
[2025-08-16T13:54:27.495+0000] {manager.py:878} INFO - 
================================================================================
DAG File Processing Stats

File Path                                PID    Runtime      # DAGs    # Errors  Last Runtime    Last Run
---------------------------------------  -----  ---------  --------  ----------  --------------  -------------------
/opt/airflow/dags/steam_pipeline_dag.py                           0           1  0.21s           2025-08-16T13:54:21
================================================================================
[2025-08-16T13:54:55.083+0000] {manager.py:878} INFO - 
================================================================================
DAG File Processing Stats

File Path                                PID    Runtime      # DAGs    # Errors  Last Runtime    Last Run
---------------------------------------  -----  ---------  --------  ----------  --------------  -------------------
/opt/airflow/dags/steam_pipeline_dag.py                           0           1  0.21s           2025-08-16T13:54:52
================================================================================
[2025-08-16T13:55:22.945+0000] {manager.py:878} INFO - 
================================================================================
DAG File Processing Stats

File Path                                PID    Runtime      # DAGs    # Errors  Last Runtime    Last Run
---------------------------------------  -----  ---------  --------  ----------  --------------  -------------------
/opt/airflow/dags/steam_pipeline_dag.py                           0           1  0.21s           2025-08-16T13:55:22
================================================================================
[2025-08-16T13:55:50.467+0000] {manager.py:878} INFO - 
================================================================================
DAG File Processing Stats

File Path                                PID    Runtime      # DAGs    # Errors  Last Runtime    Last Run
---------------------------------------  -----  ---------  --------  ----------  --------------  -------------------
/opt/airflow/dags/steam_pipeline_dag.py                           0           1  0.21s           2025-08-16T13:55:22
================================================================================
[2025-08-16T13:56:17.980+0000] {manager.py:878} INFO - 
================================================================================
DAG File Processing Stats

File Path                                PID    Runtime      # DAGs    # Errors  Last Runtime    Last Run
---------------------------------------  -----  ---------  --------  ----------  --------------  -------------------
/opt/airflow/dags/steam_pipeline_dag.py                           0           1  0.31s           2025-08-16T13:55:54
================================================================================
[2025-08-16T13:56:45.512+0000] {manager.py:878} INFO - 
================================================================================
DAG File Processing Stats

File Path                                PID    Runtime      # DAGs    # Errors  Last Runtime    Last Run
---------------------------------------  -----  ---------  --------  ----------  --------------  -------------------
/opt/airflow/dags/steam_pipeline_dag.py                           0           1  0.21s           2025-08-16T13:56:24
================================================================================
[2025-08-16T13:56:53.156+0000] {manager.py:737} INFO - Searching for files in /opt/airflow/dags
[2025-08-16T13:56:53.191+0000] {manager.py:740} INFO - There are 1 files in /opt/airflow/dags
[2025-08-16T13:57:12.977+0000] {manager.py:878} INFO - 
================================================================================
DAG File Processing Stats

File Path                                PID    Runtime      # DAGs    # Errors  Last Runtime    Last Run
---------------------------------------  -----  ---------  --------  ----------  --------------  -------------------
/opt/airflow/dags/steam_pipeline_dag.py                           0           1  0.11s           2025-08-16T13:56:55
================================================================================
[2025-08-16T13:57:40.881+0000] {manager.py:878} INFO - 
================================================================================
DAG File Processing Stats

File Path                                PID    Runtime      # DAGs    # Errors  Last Runtime    Last Run
---------------------------------------  -----  ---------  --------  ----------  --------------  -------------------
/opt/airflow/dags/steam_pipeline_dag.py                           0           1  0.22s           2025-08-16T13:57:25
================================================================================
[2025-08-16T13:58:08.427+0000] {manager.py:878} INFO - 
================================================================================
DAG File Processing Stats

File Path                                PID    Runtime      # DAGs    # Errors  Last Runtime    Last Run
---------------------------------------  -----  ---------  --------  ----------  --------------  -------------------
/opt/airflow/dags/steam_pipeline_dag.py                           0           1  0.22s           2025-08-16T13:57:56
================================================================================
[2025-08-16T13:58:35.929+0000] {manager.py:878} INFO - 
================================================================================
DAG File Processing Stats

File Path                                PID    Runtime      # DAGs    # Errors  Last Runtime    Last Run
---------------------------------------  -----  ---------  --------  ----------  --------------  -------------------
/opt/airflow/dags/steam_pipeline_dag.py                           0           1  0.22s           2025-08-16T13:58:27
================================================================================
[2025-08-16T13:59:03.507+0000] {manager.py:878} INFO - 
================================================================================
DAG File Processing Stats

File Path                                PID    Runtime      # DAGs    # Errors  Last Runtime    Last Run
---------------------------------------  -----  ---------  --------  ----------  --------------  -------------------
/opt/airflow/dags/steam_pipeline_dag.py                           0           1  0.13s           2025-08-16T13:58:58
================================================================================
[2025-08-16T13:59:31.065+0000] {manager.py:878} INFO - 
================================================================================
DAG File Processing Stats

File Path                                PID    Runtime      # DAGs    # Errors  Last Runtime    Last Run
---------------------------------------  -----  ---------  --------  ----------  --------------  -------------------
/opt/airflow/dags/steam_pipeline_dag.py                           0           1  0.21s           2025-08-16T13:59:29
================================================================================
[2025-08-16T13:59:58.598+0000] {manager.py:878} INFO - 
================================================================================
DAG File Processing Stats

File Path                                PID    Runtime      # DAGs    # Errors  Last Runtime    Last Run
---------------------------------------  -----  ---------  --------  ----------  --------------  -------------------
/opt/airflow/dags/steam_pipeline_dag.py                           0           1  0.21s           2025-08-16T13:59:29
================================================================================
[2025-08-16T14:00:26.148+0000] {manager.py:878} INFO - 
================================================================================
DAG File Processing Stats

File Path                                PID    Runtime      # DAGs    # Errors  Last Runtime    Last Run
---------------------------------------  -----  ---------  --------  ----------  --------------  -------------------
/opt/airflow/dags/steam_pipeline_dag.py                           0           1  0.11s           2025-08-16T13:59:59
================================================================================
[2025-08-16T14:00:53.716+0000] {manager.py:878} INFO - 
================================================================================
DAG File Processing Stats

File Path                                PID    Runtime      # DAGs    # Errors  Last Runtime    Last Run
---------------------------------------  -----  ---------  --------  ----------  --------------  -------------------
/opt/airflow/dags/steam_pipeline_dag.py                           0           1  0.21s           2025-08-16T14:00:30
================================================================================
[2025-08-16T14:01:21.265+0000] {manager.py:878} INFO - 
================================================================================
DAG File Processing Stats

File Path                                PID    Runtime      # DAGs    # Errors  Last Runtime    Last Run
---------------------------------------  -----  ---------  --------  ----------  --------------  -------------------
/opt/airflow/dags/steam_pipeline_dag.py                           0           1  0.23s           2025-08-16T14:01:00
================================================================================
[2025-08-16T14:01:48.846+0000] {manager.py:878} INFO - 
================================================================================
DAG File Processing Stats

File Path                                PID    Runtime      # DAGs    # Errors  Last Runtime    Last Run
---------------------------------------  -----  ---------  --------  ----------  --------------  -------------------
/opt/airflow/dags/steam_pipeline_dag.py                           0           1  0.22s           2025-08-16T14:01:31
================================================================================
[2025-08-16T14:01:53.791+0000] {manager.py:737} INFO - Searching for files in /opt/airflow/dags
[2025-08-16T14:01:53.830+0000] {manager.py:740} INFO - There are 1 files in /opt/airflow/dags
[2025-08-16T14:02:16.393+0000] {manager.py:878} INFO - 
================================================================================
DAG File Processing Stats

File Path                                PID    Runtime      # DAGs    # Errors  Last Runtime    Last Run
---------------------------------------  -----  ---------  --------  ----------  --------------  -------------------
/opt/airflow/dags/steam_pipeline_dag.py                           0           1  0.22s           2025-08-16T14:02:02
================================================================================
[2025-08-16T14:02:43.977+0000] {manager.py:878} INFO - 
================================================================================
DAG File Processing Stats

File Path                                PID    Runtime      # DAGs    # Errors  Last Runtime    Last Run
---------------------------------------  -----  ---------  --------  ----------  --------------  -------------------
/opt/airflow/dags/steam_pipeline_dag.py                           0           1  0.22s           2025-08-16T14:02:32
================================================================================
[2025-08-16T14:03:11.603+0000] {manager.py:878} INFO - 
================================================================================
DAG File Processing Stats

File Path                                PID    Runtime      # DAGs    # Errors  Last Runtime    Last Run
---------------------------------------  -----  ---------  --------  ----------  --------------  -------------------
/opt/airflow/dags/steam_pipeline_dag.py                           0           1  0.22s           2025-08-16T14:03:04
================================================================================
[2025-08-16T14:03:39.182+0000] {manager.py:878} INFO - 
================================================================================
DAG File Processing Stats

File Path                                PID    Runtime      # DAGs    # Errors  Last Runtime    Last Run
---------------------------------------  -----  ---------  --------  ----------  --------------  -------------------
/opt/airflow/dags/steam_pipeline_dag.py                           0           1  0.12s           2025-08-16T14:03:34
================================================================================
[2025-08-16T14:04:06.754+0000] {manager.py:878} INFO - 
================================================================================
DAG File Processing Stats

File Path                                PID    Runtime      # DAGs    # Errors  Last Runtime    Last Run
---------------------------------------  -----  ---------  --------  ----------  --------------  -------------------
/opt/airflow/dags/steam_pipeline_dag.py                           0           1  0.11s           2025-08-16T14:04:05
================================================================================
[2025-08-16T14:04:34.292+0000] {manager.py:878} INFO - 
================================================================================
DAG File Processing Stats

File Path                                PID    Runtime      # DAGs    # Errors  Last Runtime    Last Run
---------------------------------------  -----  ---------  --------  ----------  --------------  -------------------
/opt/airflow/dags/steam_pipeline_dag.py                           0           1  0.11s           2025-08-16T14:04:05
================================================================================
[2025-08-16T14:05:01.875+0000] {manager.py:878} INFO - 
================================================================================
DAG File Processing Stats

File Path                                PID    Runtime      # DAGs    # Errors  Last Runtime    Last Run
---------------------------------------  -----  ---------  --------  ----------  --------------  -------------------
/opt/airflow/dags/steam_pipeline_dag.py                           0           1  0.12s           2025-08-16T14:04:36
================================================================================
[2025-08-16T14:05:29.440+0000] {manager.py:878} INFO - 
================================================================================
DAG File Processing Stats

File Path                                PID    Runtime      # DAGs    # Errors  Last Runtime    Last Run
---------------------------------------  -----  ---------  --------  ----------  --------------  -------------------
/opt/airflow/dags/steam_pipeline_dag.py                           0           1  0.11s           2025-08-16T14:05:06
================================================================================
[2025-08-16T14:05:57.029+0000] {manager.py:878} INFO - 
================================================================================
DAG File Processing Stats

File Path                                PID    Runtime      # DAGs    # Errors  Last Runtime    Last Run
---------------------------------------  -----  ---------  --------  ----------  --------------  -------------------
/opt/airflow/dags/steam_pipeline_dag.py                           0           1  0.21s           2025-08-16T14:05:37
================================================================================
[2025-08-16T14:06:24.658+0000] {manager.py:878} INFO - 
================================================================================
DAG File Processing Stats

File Path                                PID    Runtime      # DAGs    # Errors  Last Runtime    Last Run
---------------------------------------  -----  ---------  --------  ----------  --------------  -------------------
/opt/airflow/dags/steam_pipeline_dag.py                           0           1  0.21s           2025-08-16T14:06:08
================================================================================
[2025-08-16T14:06:52.219+0000] {manager.py:878} INFO - 
================================================================================
DAG File Processing Stats

File Path                                PID    Runtime      # DAGs    # Errors  Last Runtime    Last Run
---------------------------------------  -----  ---------  --------  ----------  --------------  -------------------
/opt/airflow/dags/steam_pipeline_dag.py                           0           1  0.22s           2025-08-16T14:06:38
================================================================================
[2025-08-16T14:06:54.607+0000] {manager.py:737} INFO - Searching for files in /opt/airflow/dags
[2025-08-16T14:06:54.665+0000] {manager.py:740} INFO - There are 1 files in /opt/airflow/dags
[2025-08-16T14:07:19.835+0000] {manager.py:878} INFO - 
================================================================================
DAG File Processing Stats

File Path                                PID    Runtime      # DAGs    # Errors  Last Runtime    Last Run
---------------------------------------  -----  ---------  --------  ----------  --------------  -------------------
/opt/airflow/dags/steam_pipeline_dag.py                           0           1  0.21s           2025-08-16T14:07:09
================================================================================
[2025-08-16T14:07:47.374+0000] {manager.py:878} INFO - 
================================================================================
DAG File Processing Stats

File Path                                PID    Runtime      # DAGs    # Errors  Last Runtime    Last Run
---------------------------------------  -----  ---------  --------  ----------  --------------  -------------------
/opt/airflow/dags/steam_pipeline_dag.py                           0           1  0.22s           2025-08-16T14:07:40
================================================================================
[2025-08-16T14:08:14.975+0000] {manager.py:878} INFO - 
================================================================================
DAG File Processing Stats

File Path                                PID    Runtime      # DAGs    # Errors  Last Runtime    Last Run
---------------------------------------  -----  ---------  --------  ----------  --------------  -------------------
/opt/airflow/dags/steam_pipeline_dag.py                           0           1  0.21s           2025-08-16T14:08:11
================================================================================
[2025-08-16T14:08:42.594+0000] {manager.py:878} INFO - 
================================================================================
DAG File Processing Stats

File Path                                PID    Runtime      # DAGs    # Errors  Last Runtime    Last Run
---------------------------------------  -----  ---------  --------  ----------  --------------  -------------------
/opt/airflow/dags/steam_pipeline_dag.py                           0           1  0.12s           2025-08-16T14:08:42
================================================================================
[2025-08-16T14:09:10.209+0000] {manager.py:878} INFO - 
================================================================================
DAG File Processing Stats

File Path                                PID    Runtime      # DAGs    # Errors  Last Runtime    Last Run
---------------------------------------  -----  ---------  --------  ----------  --------------  -------------------
/opt/airflow/dags/steam_pipeline_dag.py                           0           1  0.12s           2025-08-16T14:08:42
================================================================================
[2025-08-16T14:09:37.836+0000] {manager.py:878} INFO - 
================================================================================
DAG File Processing Stats

File Path                                PID    Runtime      # DAGs    # Errors  Last Runtime    Last Run
---------------------------------------  -----  ---------  --------  ----------  --------------  -------------------
/opt/airflow/dags/steam_pipeline_dag.py                           0           1  0.11s           2025-08-16T14:09:12
================================================================================
[2025-08-16T14:10:05.529+0000] {manager.py:878} INFO - 
================================================================================
DAG File Processing Stats

File Path                                PID    Runtime      # DAGs    # Errors  Last Runtime    Last Run
---------------------------------------  -----  ---------  --------  ----------  --------------  -------------------
/opt/airflow/dags/steam_pipeline_dag.py                           0           1  0.21s           2025-08-16T14:09:43
================================================================================
[2025-08-16T14:10:33.097+0000] {manager.py:878} INFO - 
================================================================================
DAG File Processing Stats

File Path                                PID    Runtime      # DAGs    # Errors  Last Runtime    Last Run
---------------------------------------  -----  ---------  --------  ----------  --------------  -------------------
/opt/airflow/dags/steam_pipeline_dag.py                           0           1  0.22s           2025-08-16T14:10:13
================================================================================
[2025-08-16T14:11:00.712+0000] {manager.py:878} INFO - 
================================================================================
DAG File Processing Stats

File Path                                PID    Runtime      # DAGs    # Errors  Last Runtime    Last Run
---------------------------------------  -----  ---------  --------  ----------  --------------  -------------------
/opt/airflow/dags/steam_pipeline_dag.py                           0           1  0.11s           2025-08-16T14:10:44
================================================================================
[2025-08-16T14:11:28.288+0000] {manager.py:878} INFO - 
================================================================================
DAG File Processing Stats

File Path                                PID    Runtime      # DAGs    # Errors  Last Runtime    Last Run
---------------------------------------  -----  ---------  --------  ----------  --------------  -------------------
/opt/airflow/dags/steam_pipeline_dag.py                           0           1  0.22s           2025-08-16T14:11:15
================================================================================
[2025-08-16T14:11:55.240+0000] {manager.py:737} INFO - Searching for files in /opt/airflow/dags
[2025-08-16T14:11:55.272+0000] {manager.py:740} INFO - There are 1 files in /opt/airflow/dags
[2025-08-16T14:11:55.909+0000] {manager.py:878} INFO - 
================================================================================
DAG File Processing Stats

File Path                                PID    Runtime      # DAGs    # Errors  Last Runtime    Last Run
---------------------------------------  -----  ---------  --------  ----------  --------------  -------------------
/opt/airflow/dags/steam_pipeline_dag.py                           0           1  0.23s           2025-08-16T14:11:46
================================================================================
[2025-08-16T14:12:22.579+0000] {manager.py:878} INFO - 
================================================================================
DAG File Processing Stats

File Path                                PID    Runtime      # DAGs    # Errors  Last Runtime    Last Run
---------------------------------------  -----  ---------  --------  ----------  --------------  -------------------
/opt/airflow/dags/steam_pipeline_dag.py                           0           1  0.22s           2025-08-16T14:12:17
================================================================================
[2025-08-16T14:13:30.530+0000] {manager.py:878} INFO - 
================================================================================
DAG File Processing Stats

File Path                                PID    Runtime      # DAGs    # Errors  Last Runtime    Last Run
---------------------------------------  -----  ---------  --------  ----------  --------------  -------------------
/opt/airflow/dags/steam_pipeline_dag.py                           0           1  0.05s           2025-08-16T14:13:30
================================================================================
[2025-08-16T14:13:58.726+0000] {manager.py:878} INFO - 
================================================================================
DAG File Processing Stats

File Path                                PID    Runtime      # DAGs    # Errors  Last Runtime    Last Run
---------------------------------------  -----  ---------  --------  ----------  --------------  -------------------
/opt/airflow/dags/steam_pipeline_dag.py                           0           1  0.05s           2025-08-16T14:13:30
================================================================================
[2025-08-16T14:14:26.437+0000] {manager.py:878} INFO - 
================================================================================
DAG File Processing Stats

File Path                                PID    Runtime      # DAGs    # Errors  Last Runtime    Last Run
---------------------------------------  -----  ---------  --------  ----------  --------------  -------------------
/opt/airflow/dags/steam_pipeline_dag.py                           0           1  0.21s           2025-08-16T14:14:01
================================================================================
[2025-08-16T14:14:54.665+0000] {manager.py:878} INFO - 
================================================================================
DAG File Processing Stats

File Path                                PID    Runtime      # DAGs    # Errors  Last Runtime    Last Run
---------------------------------------  -----  ---------  --------  ----------  --------------  -------------------
/opt/airflow/dags/steam_pipeline_dag.py                           0           1  0.21s           2025-08-16T14:14:32
================================================================================
[2025-08-16T14:15:22.407+0000] {manager.py:878} INFO - 
================================================================================
DAG File Processing Stats

File Path                                PID    Runtime      # DAGs    # Errors  Last Runtime    Last Run
---------------------------------------  -----  ---------  --------  ----------  --------------  -------------------
/opt/airflow/dags/steam_pipeline_dag.py                           0           1  0.22s           2025-08-16T14:15:02
================================================================================
[2025-08-16T14:15:50.522+0000] {manager.py:878} INFO - 
================================================================================
DAG File Processing Stats

File Path                                PID    Runtime      # DAGs    # Errors  Last Runtime    Last Run
---------------------------------------  -----  ---------  --------  ----------  --------------  -------------------
/opt/airflow/dags/steam_pipeline_dag.py                           0           1  0.22s           2025-08-16T14:15:33
================================================================================
[2025-08-16T14:16:18.425+0000] {manager.py:878} INFO - 
================================================================================
DAG File Processing Stats

File Path                                PID    Runtime      # DAGs    # Errors  Last Runtime    Last Run
---------------------------------------  -----  ---------  --------  ----------  --------------  -------------------
/opt/airflow/dags/steam_pipeline_dag.py                           0           1  0.31s           2025-08-16T14:16:04
================================================================================
[2025-08-16T14:16:46.141+0000] {manager.py:878} INFO - 
================================================================================
DAG File Processing Stats

File Path                                PID    Runtime      # DAGs    # Errors  Last Runtime    Last Run
---------------------------------------  -----  ---------  --------  ----------  --------------  -------------------
/opt/airflow/dags/steam_pipeline_dag.py                           0           1  0.21s           2025-08-16T14:16:35
================================================================================
[2025-08-16T14:16:55.321+0000] {manager.py:737} INFO - Searching for files in /opt/airflow/dags
[2025-08-16T14:16:55.350+0000] {manager.py:740} INFO - There are 1 files in /opt/airflow/dags
[2025-08-16T14:17:14.169+0000] {manager.py:878} INFO - 
================================================================================
DAG File Processing Stats

File Path                                PID    Runtime      # DAGs    # Errors  Last Runtime    Last Run
---------------------------------------  -----  ---------  --------  ----------  --------------  -------------------
/opt/airflow/dags/steam_pipeline_dag.py                           0           1  0.21s           2025-08-16T14:17:06
================================================================================
[2025-08-16T14:17:42.032+0000] {manager.py:878} INFO - 
================================================================================
DAG File Processing Stats

File Path                                PID    Runtime      # DAGs    # Errors  Last Runtime    Last Run
---------------------------------------  -----  ---------  --------  ----------  --------------  -------------------
/opt/airflow/dags/steam_pipeline_dag.py                           0           1  0.11s           2025-08-16T14:17:37
================================================================================
[2025-08-16T14:18:09.838+0000] {manager.py:878} INFO - 
================================================================================
DAG File Processing Stats

File Path                                PID    Runtime      # DAGs    # Errors  Last Runtime    Last Run
---------------------------------------  -----  ---------  --------  ----------  --------------  -------------------
/opt/airflow/dags/steam_pipeline_dag.py                           0           1  0.22s           2025-08-16T14:18:08
================================================================================
[2025-08-16T14:18:37.534+0000] {manager.py:878} INFO - 
================================================================================
DAG File Processing Stats

File Path                                PID    Runtime      # DAGs    # Errors  Last Runtime    Last Run
---------------------------------------  -----  ---------  --------  ----------  --------------  -------------------
/opt/airflow/dags/steam_pipeline_dag.py                           0           1  0.22s           2025-08-16T14:18:08
================================================================================
[2025-08-16T14:19:05.492+0000] {manager.py:878} INFO - 
================================================================================
DAG File Processing Stats

File Path                                PID    Runtime      # DAGs    # Errors  Last Runtime    Last Run
---------------------------------------  -----  ---------  --------  ----------  --------------  -------------------
/opt/airflow/dags/steam_pipeline_dag.py                           0           1  0.21s           2025-08-16T14:18:38
================================================================================
[2025-08-16T14:19:33.472+0000] {manager.py:878} INFO - 
================================================================================
DAG File Processing Stats

File Path                                PID    Runtime      # DAGs    # Errors  Last Runtime    Last Run
---------------------------------------  -----  ---------  --------  ----------  --------------  -------------------
/opt/airflow/dags/steam_pipeline_dag.py                           0           1  0.12s           2025-08-16T14:19:09
================================================================================
[2025-08-16T14:20:01.365+0000] {manager.py:878} INFO - 
================================================================================
DAG File Processing Stats

File Path                                PID    Runtime      # DAGs    # Errors  Last Runtime    Last Run
---------------------------------------  -----  ---------  --------  ----------  --------------  -------------------
/opt/airflow/dags/steam_pipeline_dag.py                           0           1  0.21s           2025-08-16T14:19:40
================================================================================
[2025-08-16T14:20:29.080+0000] {manager.py:878} INFO - 
================================================================================
DAG File Processing Stats

File Path                                PID    Runtime      # DAGs    # Errors  Last Runtime    Last Run
---------------------------------------  -----  ---------  --------  ----------  --------------  -------------------
/opt/airflow/dags/steam_pipeline_dag.py                           0           1  0.11s           2025-08-16T14:20:11
================================================================================
[2025-08-16T14:20:57.031+0000] {manager.py:878} INFO - 
================================================================================
DAG File Processing Stats

File Path                                PID    Runtime      # DAGs    # Errors  Last Runtime    Last Run
---------------------------------------  -----  ---------  --------  ----------  --------------  -------------------
/opt/airflow/dags/steam_pipeline_dag.py                           0           1  0.22s           2025-08-16T14:20:42
================================================================================
[2025-08-16T14:21:24.975+0000] {manager.py:878} INFO - 
================================================================================
DAG File Processing Stats

File Path                                PID    Runtime      # DAGs    # Errors  Last Runtime    Last Run
---------------------------------------  -----  ---------  --------  ----------  --------------  -------------------
/opt/airflow/dags/steam_pipeline_dag.py                           0           1  0.12s           2025-08-16T14:21:13
================================================================================
[2025-08-16T14:21:52.932+0000] {manager.py:878} INFO - 
================================================================================
DAG File Processing Stats

File Path                                PID    Runtime      # DAGs    # Errors  Last Runtime    Last Run
---------------------------------------  -----  ---------  --------  ----------  --------------  -------------------
/opt/airflow/dags/steam_pipeline_dag.py                           0           1  0.21s           2025-08-16T14:21:43
================================================================================
[2025-08-16T14:21:56.048+0000] {manager.py:737} INFO - Searching for files in /opt/airflow/dags
[2025-08-16T14:21:56.091+0000] {manager.py:740} INFO - There are 1 files in /opt/airflow/dags
[2025-08-16T14:22:20.888+0000] {manager.py:878} INFO - 
================================================================================
DAG File Processing Stats

File Path                                PID    Runtime      # DAGs    # Errors  Last Runtime    Last Run
---------------------------------------  -----  ---------  --------  ----------  --------------  -------------------
/opt/airflow/dags/steam_pipeline_dag.py                           0           1  0.21s           2025-08-16T14:22:14
================================================================================
[2025-08-16T14:22:48.700+0000] {manager.py:878} INFO - 
================================================================================
DAG File Processing Stats

File Path                                PID    Runtime      # DAGs    # Errors  Last Runtime    Last Run
---------------------------------------  -----  ---------  --------  ----------  --------------  -------------------
/opt/airflow/dags/steam_pipeline_dag.py                           0           1  0.31s           2025-08-16T14:22:45
================================================================================
[2025-08-16T14:23:16.468+0000] {manager.py:878} INFO - 
================================================================================
DAG File Processing Stats

File Path                                PID    Runtime      # DAGs    # Errors  Last Runtime    Last Run
---------------------------------------  -----  ---------  --------  ----------  --------------  -------------------
/opt/airflow/dags/steam_pipeline_dag.py                           0           1  0.22s           2025-08-16T14:23:16
================================================================================
[2025-08-16T14:23:44.120+0000] {manager.py:878} INFO - 
================================================================================
DAG File Processing Stats

File Path                                PID    Runtime      # DAGs    # Errors  Last Runtime    Last Run
---------------------------------------  -----  ---------  --------  ----------  --------------  -------------------
/opt/airflow/dags/steam_pipeline_dag.py                           0           1  0.22s           2025-08-16T14:23:16
================================================================================
[2025-08-16T14:24:12.033+0000] {manager.py:878} INFO - 
================================================================================
DAG File Processing Stats

File Path                                PID    Runtime      # DAGs    # Errors  Last Runtime    Last Run
---------------------------------------  -----  ---------  --------  ----------  --------------  -------------------
/opt/airflow/dags/steam_pipeline_dag.py                           0           1  0.21s           2025-08-16T14:23:46
================================================================================
[2025-08-16T14:24:39.834+0000] {manager.py:878} INFO - 
================================================================================
DAG File Processing Stats

File Path                                PID    Runtime      # DAGs    # Errors  Last Runtime    Last Run
---------------------------------------  -----  ---------  --------  ----------  --------------  -------------------
/opt/airflow/dags/steam_pipeline_dag.py                           0           1  0.21s           2025-08-16T14:24:17
================================================================================
[2025-08-16T14:25:07.525+0000] {manager.py:878} INFO - 
================================================================================
DAG File Processing Stats

File Path                                PID    Runtime      # DAGs    # Errors  Last Runtime    Last Run
---------------------------------------  -----  ---------  --------  ----------  --------------  -------------------
/opt/airflow/dags/steam_pipeline_dag.py                           0           1  0.22s           2025-08-16T14:24:48
================================================================================
[2025-08-16T14:25:35.244+0000] {manager.py:878} INFO - 
================================================================================
DAG File Processing Stats

File Path                                PID    Runtime      # DAGs    # Errors  Last Runtime    Last Run
---------------------------------------  -----  ---------  --------  ----------  --------------  -------------------
/opt/airflow/dags/steam_pipeline_dag.py                           0           1  0.21s           2025-08-16T14:25:19
================================================================================
[2025-08-16T14:26:03.155+0000] {manager.py:878} INFO - 
================================================================================
DAG File Processing Stats

File Path                                PID    Runtime      # DAGs    # Errors  Last Runtime    Last Run
---------------------------------------  -----  ---------  --------  ----------  --------------  -------------------
/opt/airflow/dags/steam_pipeline_dag.py                           0           1  0.21s           2025-08-16T14:25:49
================================================================================
[2025-08-16T14:26:30.990+0000] {manager.py:878} INFO - 
================================================================================
DAG File Processing Stats

File Path                                PID    Runtime      # DAGs    # Errors  Last Runtime    Last Run
---------------------------------------  -----  ---------  --------  ----------  --------------  -------------------
/opt/airflow/dags/steam_pipeline_dag.py                           0           1  0.12s           2025-08-16T14:26:20
================================================================================
[2025-08-16T14:26:56.132+0000] {manager.py:737} INFO - Searching for files in /opt/airflow/dags
[2025-08-16T14:26:54.517+0000] {manager.py:740} INFO - There are 1 files in /opt/airflow/dags
[2025-08-16T14:26:58.829+0000] {manager.py:878} INFO - 
================================================================================
DAG File Processing Stats

File Path                                PID    Runtime      # DAGs    # Errors  Last Runtime    Last Run
---------------------------------------  -----  ---------  --------  ----------  --------------  -------------------
/opt/airflow/dags/steam_pipeline_dag.py                           0           1  0.11s           2025-08-16T14:26:51
================================================================================
[2025-08-16T14:27:26.520+0000] {manager.py:878} INFO - 
================================================================================
DAG File Processing Stats

File Path                                PID    Runtime      # DAGs    # Errors  Last Runtime    Last Run
---------------------------------------  -----  ---------  --------  ----------  --------------  -------------------
/opt/airflow/dags/steam_pipeline_dag.py                           0           1  0.22s           2025-08-16T14:27:21
================================================================================
[2025-08-16T14:27:54.367+0000] {manager.py:878} INFO - 
================================================================================
DAG File Processing Stats

File Path                                PID    Runtime      # DAGs    # Errors  Last Runtime    Last Run
---------------------------------------  -----  ---------  --------  ----------  --------------  -------------------
/opt/airflow/dags/steam_pipeline_dag.py                           0           1  -1.99s          2025-08-16T14:27:49
================================================================================
[2025-08-16T14:28:22.145+0000] {manager.py:878} INFO - 
================================================================================
DAG File Processing Stats

File Path                                PID    Runtime      # DAGs    # Errors  Last Runtime    Last Run
---------------------------------------  -----  ---------  --------  ----------  --------------  -------------------
/opt/airflow/dags/steam_pipeline_dag.py                           0           1  0.21s           2025-08-16T14:28:20
================================================================================
[2025-08-16T14:28:49.885+0000] {manager.py:878} INFO - 
================================================================================
DAG File Processing Stats

File Path                                PID    Runtime      # DAGs    # Errors  Last Runtime    Last Run
---------------------------------------  -----  ---------  --------  ----------  --------------  -------------------
/opt/airflow/dags/steam_pipeline_dag.py                           0           1  0.21s           2025-08-16T14:28:20
================================================================================
[2025-08-16T14:29:17.620+0000] {manager.py:878} INFO - 
================================================================================
DAG File Processing Stats

File Path                                PID    Runtime      # DAGs    # Errors  Last Runtime    Last Run
---------------------------------------  -----  ---------  --------  ----------  --------------  -------------------
/opt/airflow/dags/steam_pipeline_dag.py                           0           1  0.11s           2025-08-16T14:28:51
================================================================================
[2025-08-16T14:29:45.366+0000] {manager.py:878} INFO - 
================================================================================
DAG File Processing Stats

File Path                                PID    Runtime      # DAGs    # Errors  Last Runtime    Last Run
---------------------------------------  -----  ---------  --------  ----------  --------------  -------------------
/opt/airflow/dags/steam_pipeline_dag.py                           0           1  0.22s           2025-08-16T14:29:21
================================================================================
[2025-08-16T14:30:13.102+0000] {manager.py:878} INFO - 
================================================================================
DAG File Processing Stats

File Path                                PID    Runtime      # DAGs    # Errors  Last Runtime    Last Run
---------------------------------------  -----  ---------  --------  ----------  --------------  -------------------
/opt/airflow/dags/steam_pipeline_dag.py                           0           1  0.22s           2025-08-16T14:29:52
================================================================================
[2025-08-16T14:30:40.812+0000] {manager.py:878} INFO - 
================================================================================
DAG File Processing Stats

File Path                                PID    Runtime      # DAGs    # Errors  Last Runtime    Last Run
---------------------------------------  -----  ---------  --------  ----------  --------------  -------------------
/opt/airflow/dags/steam_pipeline_dag.py                           0           1  0.22s           2025-08-16T14:30:23
================================================================================
[2025-08-16T14:31:08.635+0000] {manager.py:878} INFO - 
================================================================================
DAG File Processing Stats

File Path                                PID    Runtime      # DAGs    # Errors  Last Runtime    Last Run
---------------------------------------  -----  ---------  --------  ----------  --------------  -------------------
/opt/airflow/dags/steam_pipeline_dag.py                           0           1  0.22s           2025-08-16T14:30:53
================================================================================
[2025-08-16T14:31:36.567+0000] {manager.py:878} INFO - 
================================================================================
DAG File Processing Stats

File Path                                PID    Runtime      # DAGs    # Errors  Last Runtime    Last Run
---------------------------------------  -----  ---------  --------  ----------  --------------  -------------------
/opt/airflow/dags/steam_pipeline_dag.py                           0           1  0.21s           2025-08-16T14:31:23
================================================================================
[2025-08-16T14:31:56.194+0000] {manager.py:737} INFO - Searching for files in /opt/airflow/dags
[2025-08-16T14:31:56.290+0000] {manager.py:740} INFO - There are 1 files in /opt/airflow/dags
[2025-08-16T14:32:04.341+0000] {manager.py:878} INFO - 
================================================================================
DAG File Processing Stats

File Path                                PID    Runtime      # DAGs    # Errors  Last Runtime    Last Run
---------------------------------------  -----  ---------  --------  ----------  --------------  -------------------
/opt/airflow/dags/steam_pipeline_dag.py                           0           1  0.22s           2025-08-16T14:31:54
================================================================================
[2025-08-16T14:32:32.172+0000] {manager.py:878} INFO - 
================================================================================
DAG File Processing Stats

File Path                                PID    Runtime      # DAGs    # Errors  Last Runtime    Last Run
---------------------------------------  -----  ---------  --------  ----------  --------------  -------------------
/opt/airflow/dags/steam_pipeline_dag.py                           0           1  0.21s           2025-08-16T14:32:25
================================================================================
[2025-08-16T14:32:59.974+0000] {manager.py:878} INFO - 
================================================================================
DAG File Processing Stats

File Path                                PID    Runtime      # DAGs    # Errors  Last Runtime    Last Run
---------------------------------------  -----  ---------  --------  ----------  --------------  -------------------
/opt/airflow/dags/steam_pipeline_dag.py                           0           1  0.21s           2025-08-16T14:32:56
================================================================================
[2025-08-16T14:33:27.684+0000] {manager.py:878} INFO - 
================================================================================
DAG File Processing Stats

File Path                                PID    Runtime      # DAGs    # Errors  Last Runtime    Last Run
---------------------------------------  -----  ---------  --------  ----------  --------------  -------------------
/opt/airflow/dags/steam_pipeline_dag.py                           0           1  0.22s           2025-08-16T14:33:26
================================================================================
[2025-08-16T14:33:55.442+0000] {manager.py:878} INFO - 
================================================================================
DAG File Processing Stats

File Path                                PID    Runtime      # DAGs    # Errors  Last Runtime    Last Run
---------------------------------------  -----  ---------  --------  ----------  --------------  -------------------
/opt/airflow/dags/steam_pipeline_dag.py                           0           1  0.22s           2025-08-16T14:33:26
================================================================================
[2025-08-16T14:34:23.230+0000] {manager.py:878} INFO - 
================================================================================
DAG File Processing Stats

File Path                                PID    Runtime      # DAGs    # Errors  Last Runtime    Last Run
---------------------------------------  -----  ---------  --------  ----------  --------------  -------------------
/opt/airflow/dags/steam_pipeline_dag.py                           0           1  0.11s           2025-08-16T14:33:57
================================================================================
[2025-08-16T14:34:50.972+0000] {manager.py:878} INFO - 
================================================================================
DAG File Processing Stats

File Path                                PID    Runtime      # DAGs    # Errors  Last Runtime    Last Run
---------------------------------------  -----  ---------  --------  ----------  --------------  -------------------
/opt/airflow/dags/steam_pipeline_dag.py                           0           1  0.11s           2025-08-16T14:34:28
================================================================================
[2025-08-16T14:35:18.701+0000] {manager.py:878} INFO - 
================================================================================
DAG File Processing Stats

File Path                                PID    Runtime      # DAGs    # Errors  Last Runtime    Last Run
---------------------------------------  -----  ---------  --------  ----------  --------------  -------------------
/opt/airflow/dags/steam_pipeline_dag.py                           0           1  0.22s           2025-08-16T14:34:58
================================================================================
[2025-08-16T14:35:46.445+0000] {manager.py:878} INFO - 
================================================================================
DAG File Processing Stats

File Path                                PID    Runtime      # DAGs    # Errors  Last Runtime    Last Run
---------------------------------------  -----  ---------  --------  ----------  --------------  -------------------
/opt/airflow/dags/steam_pipeline_dag.py                           0           1  0.21s           2025-08-16T14:35:29
================================================================================
[2025-08-16T14:36:14.184+0000] {manager.py:878} INFO - 
================================================================================
DAG File Processing Stats

File Path                                PID    Runtime      # DAGs    # Errors  Last Runtime    Last Run
---------------------------------------  -----  ---------  --------  ----------  --------------  -------------------
/opt/airflow/dags/steam_pipeline_dag.py                           0           1  0.22s           2025-08-16T14:36:00
================================================================================
[2025-08-16T14:36:41.924+0000] {manager.py:878} INFO - 
================================================================================
DAG File Processing Stats

File Path                                PID    Runtime      # DAGs    # Errors  Last Runtime    Last Run
---------------------------------------  -----  ---------  --------  ----------  --------------  -------------------
/opt/airflow/dags/steam_pipeline_dag.py                           0           1  0.11s           2025-08-16T14:36:30
================================================================================
[2025-08-16T14:36:57.004+0000] {manager.py:737} INFO - Searching for files in /opt/airflow/dags
[2025-08-16T14:36:57.051+0000] {manager.py:740} INFO - There are 1 files in /opt/airflow/dags
[2025-08-16T14:37:09.744+0000] {manager.py:878} INFO - 
================================================================================
DAG File Processing Stats

File Path                                PID    Runtime      # DAGs    # Errors  Last Runtime    Last Run
---------------------------------------  -----  ---------  --------  ----------  --------------  -------------------
/opt/airflow/dags/steam_pipeline_dag.py                           0           1  0.11s           2025-08-16T14:37:01
================================================================================
[2025-08-16T14:37:37.440+0000] {manager.py:878} INFO - 
================================================================================
DAG File Processing Stats

File Path                                PID    Runtime      # DAGs    # Errors  Last Runtime    Last Run
---------------------------------------  -----  ---------  --------  ----------  --------------  -------------------
/opt/airflow/dags/steam_pipeline_dag.py                           0           1  0.22s           2025-08-16T14:37:31
================================================================================
[2025-08-16T14:38:05.175+0000] {manager.py:878} INFO - 
================================================================================
DAG File Processing Stats

File Path                                PID    Runtime      # DAGs    # Errors  Last Runtime    Last Run
---------------------------------------  -----  ---------  --------  ----------  --------------  -------------------
/opt/airflow/dags/steam_pipeline_dag.py                           0           1  0.22s           2025-08-16T14:38:02
================================================================================
[2025-08-16T14:38:32.870+0000] {manager.py:878} INFO - 
================================================================================
DAG File Processing Stats

File Path                                PID    Runtime      # DAGs    # Errors  Last Runtime    Last Run
---------------------------------------  -----  ---------  --------  ----------  --------------  -------------------
/opt/airflow/dags/steam_pipeline_dag.py                           0           1  0.22s           2025-08-16T14:38:32
================================================================================
[2025-08-16T14:39:00.506+0000] {manager.py:878} INFO - 
================================================================================
DAG File Processing Stats

File Path                                PID    Runtime      # DAGs    # Errors  Last Runtime    Last Run
---------------------------------------  -----  ---------  --------  ----------  --------------  -------------------
/opt/airflow/dags/steam_pipeline_dag.py                           0           1  0.22s           2025-08-16T14:38:32
================================================================================
[2025-08-16T14:39:28.267+0000] {manager.py:878} INFO - 
================================================================================
DAG File Processing Stats

File Path                                PID    Runtime      # DAGs    # Errors  Last Runtime    Last Run
---------------------------------------  -----  ---------  --------  ----------  --------------  -------------------
/opt/airflow/dags/steam_pipeline_dag.py                           0           1  0.21s           2025-08-16T14:39:03
================================================================================
[2025-08-16T14:39:55.858+0000] {manager.py:878} INFO - 
================================================================================
DAG File Processing Stats

File Path                                PID    Runtime      # DAGs    # Errors  Last Runtime    Last Run
---------------------------------------  -----  ---------  --------  ----------  --------------  -------------------
/opt/airflow/dags/steam_pipeline_dag.py                           0           1  0.22s           2025-08-16T14:39:34
================================================================================
[2025-08-16T14:40:23.619+0000] {manager.py:878} INFO - 
================================================================================
DAG File Processing Stats

File Path                                PID    Runtime      # DAGs    # Errors  Last Runtime    Last Run
---------------------------------------  -----  ---------  --------  ----------  --------------  -------------------
/opt/airflow/dags/steam_pipeline_dag.py                           0           1  0.22s           2025-08-16T14:40:04
================================================================================
[2025-08-16T14:40:51.359+0000] {manager.py:878} INFO - 
================================================================================
DAG File Processing Stats

File Path                                PID    Runtime      # DAGs    # Errors  Last Runtime    Last Run
---------------------------------------  -----  ---------  --------  ----------  --------------  -------------------
/opt/airflow/dags/steam_pipeline_dag.py                           0           1  0.22s           2025-08-16T14:40:34
================================================================================
[2025-08-16T14:41:18.993+0000] {manager.py:878} INFO - 
================================================================================
DAG File Processing Stats

File Path                                PID    Runtime      # DAGs    # Errors  Last Runtime    Last Run
---------------------------------------  -----  ---------  --------  ----------  --------------  -------------------
/opt/airflow/dags/steam_pipeline_dag.py                           0           1  0.21s           2025-08-16T14:41:05
================================================================================
[2025-08-16T14:41:46.600+0000] {manager.py:878} INFO - 
================================================================================
DAG File Processing Stats

File Path                                PID    Runtime      # DAGs    # Errors  Last Runtime    Last Run
---------------------------------------  -----  ---------  --------  ----------  --------------  -------------------
/opt/airflow/dags/steam_pipeline_dag.py                           0           1  0.22s           2025-08-16T14:41:36
================================================================================
[2025-08-16T14:41:57.300+0000] {manager.py:737} INFO - Searching for files in /opt/airflow/dags
[2025-08-16T14:41:57.321+0000] {manager.py:740} INFO - There are 1 files in /opt/airflow/dags
[2025-08-16T14:42:14.278+0000] {manager.py:878} INFO - 
================================================================================
DAG File Processing Stats

File Path                                PID    Runtime      # DAGs    # Errors  Last Runtime    Last Run
---------------------------------------  -----  ---------  --------  ----------  --------------  -------------------
/opt/airflow/dags/steam_pipeline_dag.py                           0           1  0.23s           2025-08-16T14:42:06
================================================================================
[2025-08-16T14:42:42.101+0000] {manager.py:878} INFO - 
================================================================================
DAG File Processing Stats

File Path                                PID    Runtime      # DAGs    # Errors  Last Runtime    Last Run
---------------------------------------  -----  ---------  --------  ----------  --------------  -------------------
/opt/airflow/dags/steam_pipeline_dag.py                           0           1  0.22s           2025-08-16T14:42:37
================================================================================
[2025-08-16T14:43:09.788+0000] {manager.py:878} INFO - 
================================================================================
DAG File Processing Stats

File Path                                PID    Runtime      # DAGs    # Errors  Last Runtime    Last Run
---------------------------------------  -----  ---------  --------  ----------  --------------  -------------------
/opt/airflow/dags/steam_pipeline_dag.py                           0           1  0.22s           2025-08-16T14:43:08
================================================================================
[2025-08-16T14:43:37.323+0000] {manager.py:878} INFO - 
================================================================================
DAG File Processing Stats

File Path                                PID    Runtime      # DAGs    # Errors  Last Runtime    Last Run
---------------------------------------  -----  ---------  --------  ----------  --------------  -------------------
/opt/airflow/dags/steam_pipeline_dag.py                           0           1  0.22s           2025-08-16T14:43:08
================================================================================
[2025-08-16T14:44:05.082+0000] {manager.py:878} INFO - 
================================================================================
DAG File Processing Stats

File Path                                PID    Runtime      # DAGs    # Errors  Last Runtime    Last Run
---------------------------------------  -----  ---------  --------  ----------  --------------  -------------------
/opt/airflow/dags/steam_pipeline_dag.py                           0           1  0.21s           2025-08-16T14:43:39
================================================================================
[2025-08-16T14:44:32.759+0000] {manager.py:878} INFO - 
================================================================================
DAG File Processing Stats

File Path                                PID    Runtime      # DAGs    # Errors  Last Runtime    Last Run
---------------------------------------  -----  ---------  --------  ----------  --------------  -------------------
/opt/airflow/dags/steam_pipeline_dag.py                           0           1  0.22s           2025-08-16T14:44:09
================================================================================
[2025-08-16T14:45:00.434+0000] {manager.py:878} INFO - 
================================================================================
DAG File Processing Stats

File Path                                PID    Runtime      # DAGs    # Errors  Last Runtime    Last Run
---------------------------------------  -----  ---------  --------  ----------  --------------  -------------------
/opt/airflow/dags/steam_pipeline_dag.py                           0           1  0.22s           2025-08-16T14:44:40
================================================================================
[2025-08-16T14:45:28.194+0000] {manager.py:878} INFO - 
================================================================================
DAG File Processing Stats

File Path                                PID    Runtime      # DAGs    # Errors  Last Runtime    Last Run
---------------------------------------  -----  ---------  --------  ----------  --------------  -------------------
/opt/airflow/dags/steam_pipeline_dag.py                           0           1  0.22s           2025-08-16T14:45:11
================================================================================
[2025-08-16T14:45:55.908+0000] {manager.py:878} INFO - 
================================================================================
DAG File Processing Stats

File Path                                PID    Runtime      # DAGs    # Errors  Last Runtime    Last Run
---------------------------------------  -----  ---------  --------  ----------  --------------  -------------------
/opt/airflow/dags/steam_pipeline_dag.py                           0           1  0.11s           2025-08-16T14:45:41
================================================================================
[2025-08-16T14:46:23.745+0000] {manager.py:878} INFO - 
================================================================================
DAG File Processing Stats

File Path                                PID    Runtime      # DAGs    # Errors  Last Runtime    Last Run
---------------------------------------  -----  ---------  --------  ----------  --------------  -------------------
/opt/airflow/dags/steam_pipeline_dag.py                           0           1  0.22s           2025-08-16T14:46:12
================================================================================
[2025-08-16T14:46:51.264+0000] {manager.py:878} INFO - 
================================================================================
DAG File Processing Stats

File Path                                PID    Runtime      # DAGs    # Errors  Last Runtime    Last Run
---------------------------------------  -----  ---------  --------  ----------  --------------  -------------------
/opt/airflow/dags/steam_pipeline_dag.py                           0           1  0.22s           2025-08-16T14:46:42
================================================================================
[2025-08-16T14:46:57.584+0000] {manager.py:737} INFO - Searching for files in /opt/airflow/dags
[2025-08-16T14:46:57.623+0000] {manager.py:740} INFO - There are 1 files in /opt/airflow/dags
[2025-08-16T14:47:19.061+0000] {manager.py:878} INFO - 
================================================================================
DAG File Processing Stats

File Path                                PID    Runtime      # DAGs    # Errors  Last Runtime    Last Run
---------------------------------------  -----  ---------  --------  ----------  --------------  -------------------
/opt/airflow/dags/steam_pipeline_dag.py                           0           1  0.22s           2025-08-16T14:47:13
================================================================================
[2025-08-16T14:47:46.766+0000] {manager.py:878} INFO - 
================================================================================
DAG File Processing Stats

File Path                                PID    Runtime      # DAGs    # Errors  Last Runtime    Last Run
---------------------------------------  -----  ---------  --------  ----------  --------------  -------------------
/opt/airflow/dags/steam_pipeline_dag.py                           0           1  0.22s           2025-08-16T14:47:44
================================================================================
[2025-08-16T14:48:14.599+0000] {manager.py:878} INFO - 
================================================================================
DAG File Processing Stats

File Path                                PID    Runtime      # DAGs    # Errors  Last Runtime    Last Run
---------------------------------------  -----  ---------  --------  ----------  --------------  -------------------
/opt/airflow/dags/steam_pipeline_dag.py                           0           1  0.22s           2025-08-16T14:48:14
================================================================================
[2025-08-16T14:48:42.296+0000] {manager.py:878} INFO - 
================================================================================
DAG File Processing Stats

File Path                                PID    Runtime      # DAGs    # Errors  Last Runtime    Last Run
---------------------------------------  -----  ---------  --------  ----------  --------------  -------------------
/opt/airflow/dags/steam_pipeline_dag.py                           0           1  0.22s           2025-08-16T14:48:14
================================================================================
[2025-08-16T14:49:09.902+0000] {manager.py:878} INFO - 
================================================================================
DAG File Processing Stats

File Path                                PID    Runtime      # DAGs    # Errors  Last Runtime    Last Run
---------------------------------------  -----  ---------  --------  ----------  --------------  -------------------
/opt/airflow/dags/steam_pipeline_dag.py                           0           1  0.22s           2025-08-16T14:48:45
================================================================================
[2025-08-16T14:49:37.629+0000] {manager.py:878} INFO - 
================================================================================
DAG File Processing Stats

File Path                                PID    Runtime      # DAGs    # Errors  Last Runtime    Last Run
---------------------------------------  -----  ---------  --------  ----------  --------------  -------------------
/opt/airflow/dags/steam_pipeline_dag.py                           0           1  0.22s           2025-08-16T14:49:15
================================================================================
[2025-08-16T14:50:05.314+0000] {manager.py:878} INFO - 
================================================================================
DAG File Processing Stats

File Path                                PID    Runtime      # DAGs    # Errors  Last Runtime    Last Run
---------------------------------------  -----  ---------  --------  ----------  --------------  -------------------
/opt/airflow/dags/steam_pipeline_dag.py                           0           1  0.21s           2025-08-16T14:49:46
================================================================================
[2025-08-16T14:50:32.988+0000] {manager.py:878} INFO - 
================================================================================
DAG File Processing Stats

File Path                                PID    Runtime      # DAGs    # Errors  Last Runtime    Last Run
---------------------------------------  -----  ---------  --------  ----------  --------------  -------------------
/opt/airflow/dags/steam_pipeline_dag.py                           0           1  0.31s           2025-08-16T14:50:16
================================================================================
[2025-08-16T14:51:00.560+0000] {manager.py:878} INFO - 
================================================================================
DAG File Processing Stats

File Path                                PID    Runtime      # DAGs    # Errors  Last Runtime    Last Run
---------------------------------------  -----  ---------  --------  ----------  --------------  -------------------
/opt/airflow/dags/steam_pipeline_dag.py                           0           1  0.11s           2025-08-16T14:50:47
================================================================================
[2025-08-16T14:51:28.116+0000] {manager.py:878} INFO - 
================================================================================
DAG File Processing Stats

File Path                                PID    Runtime      # DAGs    # Errors  Last Runtime    Last Run
---------------------------------------  -----  ---------  --------  ----------  --------------  -------------------
/opt/airflow/dags/steam_pipeline_dag.py                           0           1  0.22s           2025-08-16T14:51:17
================================================================================
[2025-08-16T14:51:55.737+0000] {manager.py:878} INFO - 
================================================================================
DAG File Processing Stats

File Path                                PID    Runtime      # DAGs    # Errors  Last Runtime    Last Run
---------------------------------------  -----  ---------  --------  ----------  --------------  -------------------
/opt/airflow/dags/steam_pipeline_dag.py                           0           1  0.22s           2025-08-16T14:51:49
================================================================================
[2025-08-16T14:51:57.780+0000] {manager.py:737} INFO - Searching for files in /opt/airflow/dags
[2025-08-16T14:51:57.817+0000] {manager.py:740} INFO - There are 1 files in /opt/airflow/dags
[2025-08-16T14:52:23.526+0000] {manager.py:878} INFO - 
================================================================================
DAG File Processing Stats

File Path                                PID    Runtime      # DAGs    # Errors  Last Runtime    Last Run
---------------------------------------  -----  ---------  --------  ----------  --------------  -------------------
/opt/airflow/dags/steam_pipeline_dag.py                           0           1  0.22s           2025-08-16T14:52:19
================================================================================
[2025-08-16T14:52:51.111+0000] {manager.py:878} INFO - 
================================================================================
DAG File Processing Stats

File Path                                PID    Runtime      # DAGs    # Errors  Last Runtime    Last Run
---------------------------------------  -----  ---------  --------  ----------  --------------  -------------------
/opt/airflow/dags/steam_pipeline_dag.py                           0           1  0.22s           2025-08-16T14:52:49
================================================================================
[2025-08-16T14:53:18.870+0000] {manager.py:878} INFO - 
================================================================================
DAG File Processing Stats

File Path                                PID    Runtime      # DAGs    # Errors  Last Runtime    Last Run
---------------------------------------  -----  ---------  --------  ----------  --------------  -------------------
/opt/airflow/dags/steam_pipeline_dag.py                           0           1  0.22s           2025-08-16T14:52:49
================================================================================
[2025-08-16T14:53:46.589+0000] {manager.py:878} INFO - 
================================================================================
DAG File Processing Stats

File Path                                PID    Runtime      # DAGs    # Errors  Last Runtime    Last Run
---------------------------------------  -----  ---------  --------  ----------  --------------  -------------------
/opt/airflow/dags/steam_pipeline_dag.py                           0           1  0.11s           2025-08-16T14:53:20
================================================================================
[2025-08-16T14:54:14.282+0000] {manager.py:878} INFO - 
================================================================================
DAG File Processing Stats

File Path                                PID    Runtime      # DAGs    # Errors  Last Runtime    Last Run
---------------------------------------  -----  ---------  --------  ----------  --------------  -------------------
/opt/airflow/dags/steam_pipeline_dag.py                           0           1  0.22s           2025-08-16T14:53:51
================================================================================
[2025-08-16T14:54:41.839+0000] {manager.py:878} INFO - 
================================================================================
DAG File Processing Stats

File Path                                PID    Runtime      # DAGs    # Errors  Last Runtime    Last Run
---------------------------------------  -----  ---------  --------  ----------  --------------  -------------------
/opt/airflow/dags/steam_pipeline_dag.py                           0           1  0.22s           2025-08-16T14:54:21
================================================================================
[2025-08-16T14:55:09.518+0000] {manager.py:878} INFO - 
================================================================================
DAG File Processing Stats

File Path                                PID    Runtime      # DAGs    # Errors  Last Runtime    Last Run
---------------------------------------  -----  ---------  --------  ----------  --------------  -------------------
/opt/airflow/dags/steam_pipeline_dag.py                           0           1  0.21s           2025-08-16T14:54:52
================================================================================
[2025-08-16T14:55:37.173+0000] {manager.py:878} INFO - 
================================================================================
DAG File Processing Stats

File Path                                PID    Runtime      # DAGs    # Errors  Last Runtime    Last Run
---------------------------------------  -----  ---------  --------  ----------  --------------  -------------------
/opt/airflow/dags/steam_pipeline_dag.py                           0           1  0.21s           2025-08-16T14:55:23
================================================================================
[2025-08-16T14:56:04.717+0000] {manager.py:878} INFO - 
================================================================================
DAG File Processing Stats

File Path                                PID    Runtime      # DAGs    # Errors  Last Runtime    Last Run
---------------------------------------  -----  ---------  --------  ----------  --------------  -------------------
/opt/airflow/dags/steam_pipeline_dag.py                           0           1  0.22s           2025-08-16T14:55:53
================================================================================
[2025-08-16T14:56:32.298+0000] {manager.py:878} INFO - 
================================================================================
DAG File Processing Stats

File Path                                PID    Runtime      # DAGs    # Errors  Last Runtime    Last Run
---------------------------------------  -----  ---------  --------  ----------  --------------  -------------------
/opt/airflow/dags/steam_pipeline_dag.py                           0           1  0.22s           2025-08-16T14:56:24
================================================================================
[2025-08-16T14:56:58.168+0000] {manager.py:737} INFO - Searching for files in /opt/airflow/dags
[2025-08-16T14:56:58.207+0000] {manager.py:740} INFO - There are 1 files in /opt/airflow/dags
[2025-08-16T14:56:59.990+0000] {manager.py:878} INFO - 
================================================================================
DAG File Processing Stats

File Path                                PID    Runtime      # DAGs    # Errors  Last Runtime    Last Run
---------------------------------------  -----  ---------  --------  ----------  --------------  -------------------
/opt/airflow/dags/steam_pipeline_dag.py                           0           1  0.31s           2025-08-16T14:56:55
================================================================================
[2025-08-16T14:57:27.596+0000] {manager.py:878} INFO - 
================================================================================
DAG File Processing Stats

File Path                                PID    Runtime      # DAGs    # Errors  Last Runtime    Last Run
---------------------------------------  -----  ---------  --------  ----------  --------------  -------------------
/opt/airflow/dags/steam_pipeline_dag.py                           0           1  0.21s           2025-08-16T14:57:27
================================================================================
[2025-08-16T14:57:55.199+0000] {manager.py:878} INFO - 
================================================================================
DAG File Processing Stats

File Path                                PID    Runtime      # DAGs    # Errors  Last Runtime    Last Run
---------------------------------------  -----  ---------  --------  ----------  --------------  -------------------
/opt/airflow/dags/steam_pipeline_dag.py                           0           1  0.21s           2025-08-16T14:57:27
================================================================================
[2025-08-16T14:58:22.699+0000] {manager.py:878} INFO - 
================================================================================
DAG File Processing Stats

File Path                                PID    Runtime      # DAGs    # Errors  Last Runtime    Last Run
---------------------------------------  -----  ---------  --------  ----------  --------------  -------------------
/opt/airflow/dags/steam_pipeline_dag.py                           0           1  0.11s           2025-08-16T14:57:57
================================================================================
[2025-08-16T14:58:50.567+0000] {manager.py:878} INFO - 
================================================================================
DAG File Processing Stats

File Path                                PID    Runtime      # DAGs    # Errors  Last Runtime    Last Run
---------------------------------------  -----  ---------  --------  ----------  --------------  -------------------
/opt/airflow/dags/steam_pipeline_dag.py                           0           1  0.22s           2025-08-16T14:58:28
================================================================================
[2025-08-16T14:59:18.256+0000] {manager.py:878} INFO - 
================================================================================
DAG File Processing Stats

File Path                                PID    Runtime      # DAGs    # Errors  Last Runtime    Last Run
---------------------------------------  -----  ---------  --------  ----------  --------------  -------------------
/opt/airflow/dags/steam_pipeline_dag.py                           0           1  0.22s           2025-08-16T14:58:58
================================================================================
[2025-08-16T14:59:45.885+0000] {manager.py:878} INFO - 
================================================================================
DAG File Processing Stats

File Path                                PID    Runtime      # DAGs    # Errors  Last Runtime    Last Run
---------------------------------------  -----  ---------  --------  ----------  --------------  -------------------
/opt/airflow/dags/steam_pipeline_dag.py                           0           1  0.22s           2025-08-16T14:59:29
================================================================================
[2025-08-16T15:00:13.333+0000] {manager.py:878} INFO - 
================================================================================
DAG File Processing Stats

File Path                                PID    Runtime      # DAGs    # Errors  Last Runtime    Last Run
---------------------------------------  -----  ---------  --------  ----------  --------------  -------------------
/opt/airflow/dags/steam_pipeline_dag.py                           0           1  0.22s           2025-08-16T14:59:59
================================================================================
[2025-08-16T15:00:41.154+0000] {manager.py:878} INFO - 
================================================================================
DAG File Processing Stats

File Path                                PID    Runtime      # DAGs    # Errors  Last Runtime    Last Run
---------------------------------------  -----  ---------  --------  ----------  --------------  -------------------
/opt/airflow/dags/steam_pipeline_dag.py                           0           1  0.32s           2025-08-16T15:00:29
================================================================================
[2025-08-16T15:01:08.786+0000] {manager.py:878} INFO - 
================================================================================
DAG File Processing Stats

File Path                                PID    Runtime      # DAGs    # Errors  Last Runtime    Last Run
---------------------------------------  -----  ---------  --------  ----------  --------------  -------------------
/opt/airflow/dags/steam_pipeline_dag.py                           0           1  0.21s           2025-08-16T15:01:00
================================================================================
[2025-08-16T15:01:36.389+0000] {manager.py:878} INFO - 
================================================================================
DAG File Processing Stats

File Path                                PID    Runtime      # DAGs    # Errors  Last Runtime    Last Run
---------------------------------------  -----  ---------  --------  ----------  --------------  -------------------
/opt/airflow/dags/steam_pipeline_dag.py                           0           1  0.22s           2025-08-16T15:01:31
================================================================================
[2025-08-16T15:01:59.011+0000] {manager.py:737} INFO - Searching for files in /opt/airflow/dags
[2025-08-16T15:01:59.084+0000] {manager.py:740} INFO - There are 1 files in /opt/airflow/dags
[2025-08-16T15:02:03.987+0000] {manager.py:878} INFO - 
================================================================================
DAG File Processing Stats

File Path                                PID    Runtime      # DAGs    # Errors  Last Runtime    Last Run
---------------------------------------  -----  ---------  --------  ----------  --------------  -------------------
/opt/airflow/dags/steam_pipeline_dag.py                           0           1  0.22s           2025-08-16T15:02:01
================================================================================
[2025-08-16T15:02:31.612+0000] {manager.py:878} INFO - 
================================================================================
DAG File Processing Stats

File Path                                PID    Runtime      # DAGs    # Errors  Last Runtime    Last Run
---------------------------------------  -----  ---------  --------  ----------  --------------  -------------------
/opt/airflow/dags/steam_pipeline_dag.py                           0           1  0.22s           2025-08-16T15:02:01
================================================================================
[2025-08-16T15:02:59.268+0000] {manager.py:878} INFO - 
================================================================================
DAG File Processing Stats

File Path                                PID    Runtime      # DAGs    # Errors  Last Runtime    Last Run
---------------------------------------  -----  ---------  --------  ----------  --------------  -------------------
/opt/airflow/dags/steam_pipeline_dag.py                           0           1  0.10s           2025-08-16T15:02:32
================================================================================
[2025-08-16T15:03:26.865+0000] {manager.py:878} INFO - 
================================================================================
DAG File Processing Stats

File Path                                PID    Runtime      # DAGs    # Errors  Last Runtime    Last Run
---------------------------------------  -----  ---------  --------  ----------  --------------  -------------------
/opt/airflow/dags/steam_pipeline_dag.py                           0           1  0.12s           2025-08-16T15:03:03
================================================================================
[2025-08-16T15:03:54.611+0000] {manager.py:878} INFO - 
================================================================================
DAG File Processing Stats

File Path                                PID    Runtime      # DAGs    # Errors  Last Runtime    Last Run
---------------------------------------  -----  ---------  --------  ----------  --------------  -------------------
/opt/airflow/dags/steam_pipeline_dag.py                           0           1  0.22s           2025-08-16T15:03:34
================================================================================
[2025-08-16T15:04:22.189+0000] {manager.py:878} INFO - 
================================================================================
DAG File Processing Stats

File Path                                PID    Runtime      # DAGs    # Errors  Last Runtime    Last Run
---------------------------------------  -----  ---------  --------  ----------  --------------  -------------------
/opt/airflow/dags/steam_pipeline_dag.py                           0           1  0.22s           2025-08-16T15:04:06
================================================================================
[2025-08-16T15:04:49.891+0000] {manager.py:878} INFO - 
================================================================================
DAG File Processing Stats

File Path                                PID    Runtime      # DAGs    # Errors  Last Runtime    Last Run
---------------------------------------  -----  ---------  --------  ----------  --------------  -------------------
/opt/airflow/dags/steam_pipeline_dag.py                           0           1  0.11s           2025-08-16T15:04:36
================================================================================
[2025-08-16T15:05:17.483+0000] {manager.py:878} INFO - 
================================================================================
DAG File Processing Stats

File Path                                PID    Runtime      # DAGs    # Errors  Last Runtime    Last Run
---------------------------------------  -----  ---------  --------  ----------  --------------  -------------------
/opt/airflow/dags/steam_pipeline_dag.py                           0           1  0.21s           2025-08-16T15:05:07
================================================================================
[2025-08-16T15:05:45.090+0000] {manager.py:878} INFO - 
================================================================================
DAG File Processing Stats

File Path                                PID    Runtime      # DAGs    # Errors  Last Runtime    Last Run
---------------------------------------  -----  ---------  --------  ----------  --------------  -------------------
/opt/airflow/dags/steam_pipeline_dag.py                           0           1  0.21s           2025-08-16T15:05:37
================================================================================
[2025-08-16T15:06:12.679+0000] {manager.py:878} INFO - 
================================================================================
DAG File Processing Stats

File Path                                PID    Runtime      # DAGs    # Errors  Last Runtime    Last Run
---------------------------------------  -----  ---------  --------  ----------  --------------  -------------------
/opt/airflow/dags/steam_pipeline_dag.py                           0           1  0.21s           2025-08-16T15:06:08
================================================================================
[2025-08-16T15:06:40.302+0000] {manager.py:878} INFO - 
================================================================================
DAG File Processing Stats

File Path                                PID    Runtime      # DAGs    # Errors  Last Runtime    Last Run
---------------------------------------  -----  ---------  --------  ----------  --------------  -------------------
/opt/airflow/dags/steam_pipeline_dag.py                           0           1  0.22s           2025-08-16T15:06:38
================================================================================
[2025-08-16T15:07:00.091+0000] {manager.py:737} INFO - Searching for files in /opt/airflow/dags
[2025-08-16T15:07:00.134+0000] {manager.py:740} INFO - There are 1 files in /opt/airflow/dags
[2025-08-16T15:07:07.897+0000] {manager.py:878} INFO - 
================================================================================
DAG File Processing Stats

File Path                                PID    Runtime      # DAGs    # Errors  Last Runtime    Last Run
---------------------------------------  -----  ---------  --------  ----------  --------------  -------------------
/opt/airflow/dags/steam_pipeline_dag.py                           0           1  0.22s           2025-08-16T15:06:38
================================================================================
[2025-08-16T15:07:35.535+0000] {manager.py:878} INFO - 
================================================================================
DAG File Processing Stats

File Path                                PID    Runtime      # DAGs    # Errors  Last Runtime    Last Run
---------------------------------------  -----  ---------  --------  ----------  --------------  -------------------
/opt/airflow/dags/steam_pipeline_dag.py                           0           1  0.22s           2025-08-16T15:07:09
================================================================================
[2025-08-16T15:08:03.104+0000] {manager.py:878} INFO - 
================================================================================
DAG File Processing Stats

File Path                                PID    Runtime      # DAGs    # Errors  Last Runtime    Last Run
---------------------------------------  -----  ---------  --------  ----------  --------------  -------------------
/opt/airflow/dags/steam_pipeline_dag.py                           0           1  0.22s           2025-08-16T15:07:39
================================================================================
[2025-08-16T15:08:30.714+0000] {manager.py:878} INFO - 
================================================================================
DAG File Processing Stats

File Path                                PID    Runtime      # DAGs    # Errors  Last Runtime    Last Run
---------------------------------------  -----  ---------  --------  ----------  --------------  -------------------
/opt/airflow/dags/steam_pipeline_dag.py                           0           1  0.22s           2025-08-16T15:08:10
================================================================================
[2025-08-16T15:08:58.421+0000] {manager.py:878} INFO - 
================================================================================
DAG File Processing Stats

File Path                                PID    Runtime      # DAGs    # Errors  Last Runtime    Last Run
---------------------------------------  -----  ---------  --------  ----------  --------------  -------------------
/opt/airflow/dags/steam_pipeline_dag.py                           0           1  0.22s           2025-08-16T15:08:41
================================================================================
[2025-08-16T15:09:26.057+0000] {manager.py:878} INFO - 
================================================================================
DAG File Processing Stats

File Path                                PID    Runtime      # DAGs    # Errors  Last Runtime    Last Run
---------------------------------------  -----  ---------  --------  ----------  --------------  -------------------
/opt/airflow/dags/steam_pipeline_dag.py                           0           1  0.22s           2025-08-16T15:09:11
================================================================================
[2025-08-16T15:09:53.628+0000] {manager.py:878} INFO - 
================================================================================
DAG File Processing Stats

File Path                                PID    Runtime      # DAGs    # Errors  Last Runtime    Last Run
---------------------------------------  -----  ---------  --------  ----------  --------------  -------------------
/opt/airflow/dags/steam_pipeline_dag.py                           0           1  0.22s           2025-08-16T15:09:42
================================================================================
[2025-08-16T15:10:21.304+0000] {manager.py:878} INFO - 
================================================================================
DAG File Processing Stats

File Path                                PID    Runtime      # DAGs    # Errors  Last Runtime    Last Run
---------------------------------------  -----  ---------  --------  ----------  --------------  -------------------
/opt/airflow/dags/steam_pipeline_dag.py                           0           1  0.21s           2025-08-16T15:10:12
================================================================================
[2025-08-16T15:10:48.949+0000] {manager.py:878} INFO - 
================================================================================
DAG File Processing Stats

File Path                                PID    Runtime      # DAGs    # Errors  Last Runtime    Last Run
---------------------------------------  -----  ---------  --------  ----------  --------------  -------------------
/opt/airflow/dags/steam_pipeline_dag.py                           0           1  0.11s           2025-08-16T15:10:42
================================================================================
[2025-08-16T15:11:16.451+0000] {manager.py:878} INFO - 
================================================================================
DAG File Processing Stats

File Path                                PID    Runtime      # DAGs    # Errors  Last Runtime    Last Run
---------------------------------------  -----  ---------  --------  ----------  --------------  -------------------
/opt/airflow/dags/steam_pipeline_dag.py                           0           1  0.11s           2025-08-16T15:11:13
================================================================================
[2025-08-16T15:11:44.334+0000] {manager.py:878} INFO - 
================================================================================
DAG File Processing Stats

File Path                                PID    Runtime      # DAGs    # Errors  Last Runtime    Last Run
---------------------------------------  -----  ---------  --------  ----------  --------------  -------------------
/opt/airflow/dags/steam_pipeline_dag.py                           0           1  0.12s           2025-08-16T15:11:44
================================================================================
[2025-08-16T15:12:00.572+0000] {manager.py:737} INFO - Searching for files in /opt/airflow/dags
[2025-08-16T15:12:00.599+0000] {manager.py:740} INFO - There are 1 files in /opt/airflow/dags
[2025-08-16T15:12:11.946+0000] {manager.py:878} INFO - 
================================================================================
DAG File Processing Stats

File Path                                PID    Runtime      # DAGs    # Errors  Last Runtime    Last Run
---------------------------------------  -----  ---------  --------  ----------  --------------  -------------------
/opt/airflow/dags/steam_pipeline_dag.py                           0           1  0.12s           2025-08-16T15:11:44
================================================================================
[2025-08-16T15:12:39.490+0000] {manager.py:878} INFO - 
================================================================================
DAG File Processing Stats

File Path                                PID    Runtime      # DAGs    # Errors  Last Runtime    Last Run
---------------------------------------  -----  ---------  --------  ----------  --------------  -------------------
/opt/airflow/dags/steam_pipeline_dag.py                           0           1  0.22s           2025-08-16T15:12:14
================================================================================
[2025-08-16T15:13:07.262+0000] {manager.py:878} INFO - 
================================================================================
DAG File Processing Stats

File Path                                PID    Runtime      # DAGs    # Errors  Last Runtime    Last Run
---------------------------------------  -----  ---------  --------  ----------  --------------  -------------------
/opt/airflow/dags/steam_pipeline_dag.py                           0           1  0.22s           2025-08-16T15:12:45
================================================================================
[2025-08-16T15:13:34.930+0000] {manager.py:878} INFO - 
================================================================================
DAG File Processing Stats

File Path                                PID    Runtime      # DAGs    # Errors  Last Runtime    Last Run
---------------------------------------  -----  ---------  --------  ----------  --------------  -------------------
/opt/airflow/dags/steam_pipeline_dag.py                           0           1  0.22s           2025-08-16T15:13:15
================================================================================
[2025-08-16T15:14:46.731+0000] {manager.py:878} INFO - 
================================================================================
DAG File Processing Stats

File Path                                PID    Runtime      # DAGs    # Errors  Last Runtime    Last Run
---------------------------------------  -----  ---------  --------  ----------  --------------  -------------------
/opt/airflow/dags/steam_pipeline_dag.py                           0           1  0.22s           2025-08-16T15:14:30
================================================================================
[2025-08-16T15:15:14.825+0000] {manager.py:878} INFO - 
================================================================================
DAG File Processing Stats

File Path                                PID    Runtime      # DAGs    # Errors  Last Runtime    Last Run
---------------------------------------  -----  ---------  --------  ----------  --------------  -------------------
/opt/airflow/dags/steam_pipeline_dag.py                           0           1  0.21s           2025-08-16T15:15:00
================================================================================
[2025-08-16T15:15:44.701+0000] {manager.py:878} INFO - 
================================================================================
DAG File Processing Stats

File Path                                PID    Runtime      # DAGs    # Errors  Last Runtime    Last Run
---------------------------------------  -----  ---------  --------  ----------  --------------  -------------------
/opt/airflow/dags/steam_pipeline_dag.py                           0           1  0.31s           2025-08-16T15:15:31
================================================================================
[2025-08-16T15:16:13.620+0000] {manager.py:878} INFO - 
================================================================================
DAG File Processing Stats

File Path                                PID    Runtime      # DAGs    # Errors  Last Runtime    Last Run
---------------------------------------  -----  ---------  --------  ----------  --------------  -------------------
/opt/airflow/dags/steam_pipeline_dag.py                           0           1  0.31s           2025-08-16T15:16:02
================================================================================
[2025-08-16T15:16:42.686+0000] {manager.py:878} INFO - 
================================================================================
DAG File Processing Stats

File Path                                PID    Runtime      # DAGs    # Errors  Last Runtime    Last Run
---------------------------------------  -----  ---------  --------  ----------  --------------  -------------------
/opt/airflow/dags/steam_pipeline_dag.py                           0           1  0.31s           2025-08-16T15:16:33
================================================================================
[2025-08-16T15:17:00.822+0000] {manager.py:737} INFO - Searching for files in /opt/airflow/dags
[2025-08-16T15:17:00.914+0000] {manager.py:740} INFO - There are 1 files in /opt/airflow/dags
[2025-08-16T15:17:11.943+0000] {manager.py:878} INFO - 
================================================================================
DAG File Processing Stats

File Path                                PID    Runtime      # DAGs    # Errors  Last Runtime    Last Run
---------------------------------------  -----  ---------  --------  ----------  --------------  -------------------
/opt/airflow/dags/steam_pipeline_dag.py                           0           1  0.32s           2025-08-16T15:17:04
================================================================================
[2025-08-16T15:17:41.231+0000] {manager.py:878} INFO - 
================================================================================
DAG File Processing Stats

File Path                                PID    Runtime      # DAGs    # Errors  Last Runtime    Last Run
---------------------------------------  -----  ---------  --------  ----------  --------------  -------------------
/opt/airflow/dags/steam_pipeline_dag.py                           0           1  0.31s           2025-08-16T15:17:35
================================================================================
[2025-08-16T15:18:10.635+0000] {manager.py:878} INFO - 
================================================================================
DAG File Processing Stats

File Path                                PID    Runtime      # DAGs    # Errors  Last Runtime    Last Run
---------------------------------------  -----  ---------  --------  ----------  --------------  -------------------
/opt/airflow/dags/steam_pipeline_dag.py                           0           1  0.31s           2025-08-16T15:18:06
================================================================================
[2025-08-16T15:18:39.867+0000] {manager.py:878} INFO - 
================================================================================
DAG File Processing Stats

File Path                                PID    Runtime      # DAGs    # Errors  Last Runtime    Last Run
---------------------------------------  -----  ---------  --------  ----------  --------------  -------------------
/opt/airflow/dags/steam_pipeline_dag.py                           0           1  0.32s           2025-08-16T15:18:37
================================================================================
[2025-08-16T15:30:11.956+0000] {manager.py:737} INFO - Searching for files in /opt/airflow/dags
[2025-08-16T15:30:11.993+0000] {manager.py:740} INFO - There are 1 files in /opt/airflow/dags
[2025-08-16T15:30:31.111+0000] {manager.py:878} INFO - 
================================================================================
DAG File Processing Stats

File Path                                PID    Runtime      # DAGs    # Errors  Last Runtime    Last Run
---------------------------------------  -----  ---------  --------  ----------  --------------  -------------------
/opt/airflow/dags/steam_pipeline_dag.py                           0           1  0.11s           2025-08-16T15:30:12
================================================================================
[2025-08-16T15:30:59.364+0000] {manager.py:878} INFO - 
================================================================================
DAG File Processing Stats

File Path                                PID    Runtime      # DAGs    # Errors  Last Runtime    Last Run
---------------------------------------  -----  ---------  --------  ----------  --------------  -------------------
/opt/airflow/dags/steam_pipeline_dag.py                           0           1  0.21s           2025-08-16T15:30:42
================================================================================
[2025-08-16T15:31:28.746+0000] {manager.py:878} INFO - 
================================================================================
DAG File Processing Stats

File Path                                PID    Runtime      # DAGs    # Errors  Last Runtime    Last Run
---------------------------------------  -----  ---------  --------  ----------  --------------  -------------------
/opt/airflow/dags/steam_pipeline_dag.py                           0           1  0.21s           2025-08-16T15:31:13
================================================================================
[2025-08-16T15:31:57.788+0000] {manager.py:878} INFO - 
================================================================================
DAG File Processing Stats

File Path                                PID    Runtime      # DAGs    # Errors  Last Runtime    Last Run
---------------------------------------  -----  ---------  --------  ----------  --------------  -------------------
/opt/airflow/dags/steam_pipeline_dag.py                           0           1  0.31s           2025-08-16T15:31:44
================================================================================
[2025-08-16T15:32:27.241+0000] {manager.py:878} INFO - 
================================================================================
DAG File Processing Stats

File Path                                PID    Runtime      # DAGs    # Errors  Last Runtime    Last Run
---------------------------------------  -----  ---------  --------  ----------  --------------  -------------------
/opt/airflow/dags/steam_pipeline_dag.py                           0           1  0.21s           2025-08-16T15:32:15
================================================================================
[2025-08-16T15:32:56.413+0000] {manager.py:878} INFO - 
================================================================================
DAG File Processing Stats

File Path                                PID    Runtime      # DAGs    # Errors  Last Runtime    Last Run
---------------------------------------  -----  ---------  --------  ----------  --------------  -------------------
/opt/airflow/dags/steam_pipeline_dag.py                           0           1  0.32s           2025-08-16T15:32:45
================================================================================
[2025-08-16T15:33:25.748+0000] {manager.py:878} INFO - 
================================================================================
DAG File Processing Stats

File Path                                PID    Runtime      # DAGs    # Errors  Last Runtime    Last Run
---------------------------------------  -----  ---------  --------  ----------  --------------  -------------------
/opt/airflow/dags/steam_pipeline_dag.py                           0           1  0.32s           2025-08-16T15:33:16
================================================================================
[2025-08-16T15:33:55.109+0000] {manager.py:878} INFO - 
================================================================================
DAG File Processing Stats

File Path                                PID    Runtime      # DAGs    # Errors  Last Runtime    Last Run
---------------------------------------  -----  ---------  --------  ----------  --------------  -------------------
/opt/airflow/dags/steam_pipeline_dag.py                           0           1  0.31s           2025-08-16T15:33:47
================================================================================
[2025-08-16T15:34:24.441+0000] {manager.py:878} INFO - 
================================================================================
DAG File Processing Stats

File Path                                PID    Runtime      # DAGs    # Errors  Last Runtime    Last Run
---------------------------------------  -----  ---------  --------  ----------  --------------  -------------------
/opt/airflow/dags/steam_pipeline_dag.py                           0           1  0.30s           2025-08-16T15:34:18
================================================================================
[2025-08-16T15:34:53.925+0000] {manager.py:878} INFO - 
================================================================================
DAG File Processing Stats

File Path                                PID    Runtime      # DAGs    # Errors  Last Runtime    Last Run
---------------------------------------  -----  ---------  --------  ----------  --------------  -------------------
/opt/airflow/dags/steam_pipeline_dag.py                           0           1  0.20s           2025-08-16T15:34:48
================================================================================
[2025-08-16T15:35:12.161+0000] {manager.py:737} INFO - Searching for files in /opt/airflow/dags
[2025-08-16T15:35:12.219+0000] {manager.py:740} INFO - There are 1 files in /opt/airflow/dags
[2025-08-16T15:35:23.215+0000] {manager.py:878} INFO - 
================================================================================
DAG File Processing Stats

File Path                                PID    Runtime      # DAGs    # Errors  Last Runtime    Last Run
---------------------------------------  -----  ---------  --------  ----------  --------------  -------------------
/opt/airflow/dags/steam_pipeline_dag.py                           0           1  0.32s           2025-08-16T15:35:19
================================================================================
[2025-08-16T15:35:52.842+0000] {manager.py:878} INFO - 
================================================================================
DAG File Processing Stats

File Path                                PID    Runtime      # DAGs    # Errors  Last Runtime    Last Run
---------------------------------------  -----  ---------  --------  ----------  --------------  -------------------
/opt/airflow/dags/steam_pipeline_dag.py                           0           1  0.31s           2025-08-16T15:35:50
================================================================================
[2025-08-16T15:36:22.130+0000] {manager.py:878} INFO - 
================================================================================
DAG File Processing Stats

File Path                                PID    Runtime      # DAGs    # Errors  Last Runtime    Last Run
---------------------------------------  -----  ---------  --------  ----------  --------------  -------------------
/opt/airflow/dags/steam_pipeline_dag.py                           0           1  0.31s           2025-08-16T15:36:21
================================================================================
[2025-08-16T16:01:09.902+0000] {manager.py:737} INFO - Searching for files in /opt/airflow/dags
[2025-08-16T16:01:09.937+0000] {manager.py:740} INFO - There are 1 files in /opt/airflow/dags
[2025-08-16T16:01:12.989+0000] {manager.py:878} INFO - 
================================================================================
DAG File Processing Stats

File Path                                PID    Runtime      # DAGs    # Errors  Last Runtime    Last Run
---------------------------------------  -----  ---------  --------  ----------  --------------  -------------------
/opt/airflow/dags/steam_pipeline_dag.py                           0           1  0.11s           2025-08-16T16:01:10
================================================================================
[2025-08-16T16:10:12.410+0000] {manager.py:737} INFO - Searching for files in /opt/airflow/dags
[2025-08-16T16:10:12.433+0000] {manager.py:740} INFO - There are 1 files in /opt/airflow/dags
[2025-08-16T16:12:13.831+0000] {manager.py:878} INFO - 
================================================================================
DAG File Processing Stats

File Path                                PID    Runtime      # DAGs    # Errors  Last Runtime    Last Run
---------------------------------------  -----  ---------  --------  ----------  --------------  -------------------
/opt/airflow/dags/steam_pipeline_dag.py                           0           1  0.21s           2025-08-16T16:12:07
================================================================================
[2025-08-16T16:12:42.816+0000] {manager.py:878} INFO - 
================================================================================
DAG File Processing Stats

File Path                                PID    Runtime      # DAGs    # Errors  Last Runtime    Last Run
---------------------------------------  -----  ---------  --------  ----------  --------------  -------------------
/opt/airflow/dags/steam_pipeline_dag.py                           0           1  0.33s           2025-08-16T16:12:38
================================================================================
[2025-08-16T16:13:10.985+0000] {manager.py:878} INFO - 
================================================================================
DAG File Processing Stats

File Path                                PID    Runtime      # DAGs    # Errors  Last Runtime    Last Run
---------------------------------------  -----  ---------  --------  ----------  --------------  -------------------
/opt/airflow/dags/steam_pipeline_dag.py                           0           1  0.21s           2025-08-16T16:13:09
================================================================================
[2025-08-16T16:13:40.242+0000] {manager.py:878} INFO - 
================================================================================
DAG File Processing Stats

File Path                                PID    Runtime      # DAGs    # Errors  Last Runtime    Last Run
---------------------------------------  -----  ---------  --------  ----------  --------------  -------------------
/opt/airflow/dags/steam_pipeline_dag.py                           0           1  0.22s           2025-08-16T16:13:39
================================================================================
[2025-08-16T16:14:09.262+0000] {manager.py:878} INFO - 
================================================================================
DAG File Processing Stats

File Path                                PID    Runtime      # DAGs    # Errors  Last Runtime    Last Run
---------------------------------------  -----  ---------  --------  ----------  --------------  -------------------
/opt/airflow/dags/steam_pipeline_dag.py                           0           1  0.22s           2025-08-16T16:13:39
================================================================================
[2025-08-16T16:14:38.623+0000] {manager.py:878} INFO - 
================================================================================
DAG File Processing Stats

File Path                                PID    Runtime      # DAGs    # Errors  Last Runtime    Last Run
---------------------------------------  -----  ---------  --------  ----------  --------------  -------------------
/opt/airflow/dags/steam_pipeline_dag.py                           0           1  0.22s           2025-08-16T16:14:10
================================================================================
[2025-08-16T16:15:08.106+0000] {manager.py:878} INFO - 
================================================================================
DAG File Processing Stats

File Path                                PID    Runtime      # DAGs    # Errors  Last Runtime    Last Run
---------------------------------------  -----  ---------  --------  ----------  --------------  -------------------
/opt/airflow/dags/steam_pipeline_dag.py                           0           1  0.11s           2025-08-16T16:14:40
================================================================================
[2025-08-16T16:15:12.852+0000] {manager.py:737} INFO - Searching for files in /opt/airflow/dags
[2025-08-16T16:15:12.882+0000] {manager.py:740} INFO - There are 1 files in /opt/airflow/dags
[2025-08-16T16:15:37.412+0000] {manager.py:878} INFO - 
================================================================================
DAG File Processing Stats

File Path                                PID    Runtime      # DAGs    # Errors  Last Runtime    Last Run
---------------------------------------  -----  ---------  --------  ----------  --------------  -------------------
/opt/airflow/dags/steam_pipeline_dag.py                           0           1  0.20s           2025-08-16T16:15:11
================================================================================
[2025-08-16T16:16:06.981+0000] {manager.py:878} INFO - 
================================================================================
DAG File Processing Stats

File Path                                PID    Runtime      # DAGs    # Errors  Last Runtime    Last Run
---------------------------------------  -----  ---------  --------  ----------  --------------  -------------------
/opt/airflow/dags/steam_pipeline_dag.py                           0           1  0.20s           2025-08-16T16:15:43
================================================================================
[2025-08-16T16:16:36.441+0000] {manager.py:878} INFO - 
================================================================================
DAG File Processing Stats

File Path                                PID    Runtime      # DAGs    # Errors  Last Runtime    Last Run
---------------------------------------  -----  ---------  --------  ----------  --------------  -------------------
/opt/airflow/dags/steam_pipeline_dag.py                           0           1  0.31s           2025-08-16T16:16:14
================================================================================
[2025-08-16T16:17:05.880+0000] {manager.py:878} INFO - 
================================================================================
DAG File Processing Stats

File Path                                PID    Runtime      # DAGs    # Errors  Last Runtime    Last Run
---------------------------------------  -----  ---------  --------  ----------  --------------  -------------------
/opt/airflow/dags/steam_pipeline_dag.py                           0           1  0.21s           2025-08-16T16:16:45
================================================================================
[2025-08-16T16:17:35.432+0000] {manager.py:878} INFO - 
================================================================================
DAG File Processing Stats

File Path                                PID    Runtime      # DAGs    # Errors  Last Runtime    Last Run
---------------------------------------  -----  ---------  --------  ----------  --------------  -------------------
/opt/airflow/dags/steam_pipeline_dag.py                           0           1  0.21s           2025-08-16T16:17:15
================================================================================
[2025-08-16T16:18:04.822+0000] {manager.py:878} INFO - 
================================================================================
DAG File Processing Stats

File Path                                PID    Runtime      # DAGs    # Errors  Last Runtime    Last Run
---------------------------------------  -----  ---------  --------  ----------  --------------  -------------------
/opt/airflow/dags/steam_pipeline_dag.py                           0           1  0.21s           2025-08-16T16:17:46
================================================================================
[2025-08-16T16:18:34.340+0000] {manager.py:878} INFO - 
================================================================================
DAG File Processing Stats

File Path                                PID    Runtime      # DAGs    # Errors  Last Runtime    Last Run
---------------------------------------  -----  ---------  --------  ----------  --------------  -------------------
/opt/airflow/dags/steam_pipeline_dag.py                           0           1  0.11s           2025-08-16T16:18:17
================================================================================
[2025-08-16T16:19:03.808+0000] {manager.py:878} INFO - 
================================================================================
DAG File Processing Stats

File Path                                PID    Runtime      # DAGs    # Errors  Last Runtime    Last Run
---------------------------------------  -----  ---------  --------  ----------  --------------  -------------------
/opt/airflow/dags/steam_pipeline_dag.py                           0           1  0.21s           2025-08-16T16:18:48
================================================================================
[2025-08-16T16:19:33.221+0000] {manager.py:878} INFO - 
================================================================================
DAG File Processing Stats

File Path                                PID    Runtime      # DAGs    # Errors  Last Runtime    Last Run
---------------------------------------  -----  ---------  --------  ----------  --------------  -------------------
/opt/airflow/dags/steam_pipeline_dag.py                           0           1  0.11s           2025-08-16T16:19:19
================================================================================
[2025-08-16T16:20:01.100+0000] {manager.py:878} INFO - 
================================================================================
DAG File Processing Stats

File Path                                PID    Runtime      # DAGs    # Errors  Last Runtime    Last Run
---------------------------------------  -----  ---------  --------  ----------  --------------  -------------------
/opt/airflow/dags/steam_pipeline_dag.py                           0           1  0.10s           2025-08-16T16:19:50
================================================================================
[2025-08-16T16:20:13.188+0000] {manager.py:737} INFO - Searching for files in /opt/airflow/dags
[2025-08-16T16:20:13.220+0000] {manager.py:740} INFO - There are 1 files in /opt/airflow/dags
[2025-08-16T16:20:29.348+0000] {manager.py:878} INFO - 
================================================================================
DAG File Processing Stats

File Path                                PID    Runtime      # DAGs    # Errors  Last Runtime    Last Run
---------------------------------------  -----  ---------  --------  ----------  --------------  -------------------
/opt/airflow/dags/steam_pipeline_dag.py                           0           1  0.11s           2025-08-16T16:20:20
================================================================================
[2025-08-16T16:20:56.831+0000] {manager.py:878} INFO - 
================================================================================
DAG File Processing Stats

File Path                                PID    Runtime      # DAGs    # Errors  Last Runtime    Last Run
---------------------------------------  -----  ---------  --------  ----------  --------------  -------------------
/opt/airflow/dags/steam_pipeline_dag.py                           0           1  0.22s           2025-08-16T16:20:51
================================================================================
[2025-08-16T16:21:24.924+0000] {manager.py:878} INFO - 
================================================================================
DAG File Processing Stats

File Path                                PID    Runtime      # DAGs    # Errors  Last Runtime    Last Run
---------------------------------------  -----  ---------  --------  ----------  --------------  -------------------
/opt/airflow/dags/steam_pipeline_dag.py                           0           1  0.11s           2025-08-16T16:21:21
================================================================================
[2025-08-16T16:21:52.556+0000] {manager.py:878} INFO - 
================================================================================
DAG File Processing Stats

File Path                                PID    Runtime      # DAGs    # Errors  Last Runtime    Last Run
---------------------------------------  -----  ---------  --------  ----------  --------------  -------------------
/opt/airflow/dags/steam_pipeline_dag.py                           0           1  0.11s           2025-08-16T16:21:52
================================================================================
[2025-08-16T16:22:20.327+0000] {manager.py:878} INFO - 
================================================================================
DAG File Processing Stats

File Path                                PID    Runtime      # DAGs    # Errors  Last Runtime    Last Run
---------------------------------------  -----  ---------  --------  ----------  --------------  -------------------
/opt/airflow/dags/steam_pipeline_dag.py                           0           1  0.11s           2025-08-16T16:21:52
================================================================================
[2025-08-16T16:22:47.989+0000] {manager.py:878} INFO - 
================================================================================
DAG File Processing Stats

File Path                                PID    Runtime      # DAGs    # Errors  Last Runtime    Last Run
---------------------------------------  -----  ---------  --------  ----------  --------------  -------------------
/opt/airflow/dags/steam_pipeline_dag.py                           0           1  0.11s           2025-08-16T16:22:22
================================================================================
[2025-08-16T16:23:15.652+0000] {manager.py:878} INFO - 
================================================================================
DAG File Processing Stats

File Path                                PID    Runtime      # DAGs    # Errors  Last Runtime    Last Run
---------------------------------------  -----  ---------  --------  ----------  --------------  -------------------
/opt/airflow/dags/steam_pipeline_dag.py                           0           1  0.12s           2025-08-16T16:22:53
================================================================================
[2025-08-16T16:23:43.482+0000] {manager.py:878} INFO - 
================================================================================
DAG File Processing Stats

File Path                                PID    Runtime      # DAGs    # Errors  Last Runtime    Last Run
---------------------------------------  -----  ---------  --------  ----------  --------------  -------------------
/opt/airflow/dags/steam_pipeline_dag.py                           0           1  0.21s           2025-08-16T16:23:24
================================================================================
[2025-08-16T16:24:11.257+0000] {manager.py:878} INFO - 
================================================================================
DAG File Processing Stats

File Path                                PID    Runtime      # DAGs    # Errors  Last Runtime    Last Run
---------------------------------------  -----  ---------  --------  ----------  --------------  -------------------
/opt/airflow/dags/steam_pipeline_dag.py                           0           1  0.12s           2025-08-16T16:23:55
================================================================================
[2025-08-16T16:24:42.857+0000] {manager.py:878} INFO - 
================================================================================
DAG File Processing Stats

File Path                                PID    Runtime      # DAGs    # Errors  Last Runtime    Last Run
---------------------------------------  -----  ---------  --------  ----------  --------------  -------------------
/opt/airflow/dags/steam_pipeline_dag.py                           0           1  0.22s           2025-08-16T16:24:26
================================================================================
[2025-08-16T16:25:10.312+0000] {manager.py:878} INFO - 
================================================================================
DAG File Processing Stats

File Path                                PID    Runtime      # DAGs    # Errors  Last Runtime    Last Run
---------------------------------------  -----  ---------  --------  ----------  --------------  -------------------
/opt/airflow/dags/steam_pipeline_dag.py                           0           1  0.11s           2025-08-16T16:24:57
================================================================================
[2025-08-16T16:25:13.396+0000] {manager.py:737} INFO - Searching for files in /opt/airflow/dags
[2025-08-16T16:25:13.431+0000] {manager.py:740} INFO - There are 1 files in /opt/airflow/dags
[2025-08-16T16:25:37.919+0000] {manager.py:878} INFO - 
================================================================================
DAG File Processing Stats

File Path                                PID    Runtime      # DAGs    # Errors  Last Runtime    Last Run
---------------------------------------  -----  ---------  --------  ----------  --------------  -------------------
/opt/airflow/dags/steam_pipeline_dag.py                           0           1  0.21s           2025-08-16T16:25:28
================================================================================
[2025-08-16T16:26:05.541+0000] {manager.py:878} INFO - 
================================================================================
DAG File Processing Stats

File Path                                PID    Runtime      # DAGs    # Errors  Last Runtime    Last Run
---------------------------------------  -----  ---------  --------  ----------  --------------  -------------------
/opt/airflow/dags/steam_pipeline_dag.py                           0           1  0.11s           2025-08-16T16:25:58
================================================================================
[2025-08-16T16:26:33.167+0000] {manager.py:878} INFO - 
================================================================================
DAG File Processing Stats

File Path                                PID    Runtime      # DAGs    # Errors  Last Runtime    Last Run
---------------------------------------  -----  ---------  --------  ----------  --------------  -------------------
/opt/airflow/dags/steam_pipeline_dag.py                           0           1  0.21s           2025-08-16T16:26:29
================================================================================
[2025-08-16T16:27:00.885+0000] {manager.py:878} INFO - 
================================================================================
DAG File Processing Stats

File Path                                PID    Runtime      # DAGs    # Errors  Last Runtime    Last Run
---------------------------------------  -----  ---------  --------  ----------  --------------  -------------------
/opt/airflow/dags/steam_pipeline_dag.py                           0           1  0.21s           2025-08-16T16:27:00
================================================================================
[2025-08-16T16:27:28.561+0000] {manager.py:878} INFO - 
================================================================================
DAG File Processing Stats

File Path                                PID    Runtime      # DAGs    # Errors  Last Runtime    Last Run
---------------------------------------  -----  ---------  --------  ----------  --------------  -------------------
/opt/airflow/dags/steam_pipeline_dag.py                           0           1  0.21s           2025-08-16T16:27:00
================================================================================
[2025-08-16T16:27:56.191+0000] {manager.py:878} INFO - 
================================================================================
DAG File Processing Stats

File Path                                PID    Runtime      # DAGs    # Errors  Last Runtime    Last Run
---------------------------------------  -----  ---------  --------  ----------  --------------  -------------------
/opt/airflow/dags/steam_pipeline_dag.py                           0           1  0.11s           2025-08-16T16:27:30
================================================================================
[2025-08-16T16:28:23.772+0000] {manager.py:878} INFO - 
================================================================================
DAG File Processing Stats

File Path                                PID    Runtime      # DAGs    # Errors  Last Runtime    Last Run
---------------------------------------  -----  ---------  --------  ----------  --------------  -------------------
/opt/airflow/dags/steam_pipeline_dag.py                           0           1  0.11s           2025-08-16T16:28:01
================================================================================
[2025-08-16T16:28:51.354+0000] {manager.py:878} INFO - 
================================================================================
DAG File Processing Stats

File Path                                PID    Runtime      # DAGs    # Errors  Last Runtime    Last Run
---------------------------------------  -----  ---------  --------  ----------  --------------  -------------------
/opt/airflow/dags/steam_pipeline_dag.py                           0           1  0.11s           2025-08-16T16:28:32
================================================================================
[2025-08-16T16:29:19.026+0000] {manager.py:878} INFO - 
================================================================================
DAG File Processing Stats

File Path                                PID    Runtime      # DAGs    # Errors  Last Runtime    Last Run
---------------------------------------  -----  ---------  --------  ----------  --------------  -------------------
/opt/airflow/dags/steam_pipeline_dag.py                           0           1  0.31s           2025-08-16T16:29:03
================================================================================
[2025-08-16T16:29:46.656+0000] {manager.py:878} INFO - 
================================================================================
DAG File Processing Stats

File Path                                PID    Runtime      # DAGs    # Errors  Last Runtime    Last Run
---------------------------------------  -----  ---------  --------  ----------  --------------  -------------------
/opt/airflow/dags/steam_pipeline_dag.py                           0           1  0.31s           2025-08-16T16:29:34
================================================================================
[2025-08-16T16:30:13.886+0000] {manager.py:737} INFO - Searching for files in /opt/airflow/dags
[2025-08-16T16:30:13.920+0000] {manager.py:740} INFO - There are 1 files in /opt/airflow/dags
[2025-08-16T16:30:14.300+0000] {manager.py:878} INFO - 
================================================================================
DAG File Processing Stats

File Path                                PID    Runtime      # DAGs    # Errors  Last Runtime    Last Run
---------------------------------------  -----  ---------  --------  ----------  --------------  -------------------
/opt/airflow/dags/steam_pipeline_dag.py                           0           1  0.23s           2025-08-16T16:30:04
================================================================================
[2025-08-16T16:30:41.767+0000] {manager.py:878} INFO - 
================================================================================
DAG File Processing Stats

File Path                                PID    Runtime      # DAGs    # Errors  Last Runtime    Last Run
---------------------------------------  -----  ---------  --------  ----------  --------------  -------------------
/opt/airflow/dags/steam_pipeline_dag.py                           0           1  0.21s           2025-08-16T16:30:35
================================================================================
[2025-08-16T16:31:09.466+0000] {manager.py:878} INFO - 
================================================================================
DAG File Processing Stats

File Path                                PID    Runtime      # DAGs    # Errors  Last Runtime    Last Run
---------------------------------------  -----  ---------  --------  ----------  --------------  -------------------
/opt/airflow/dags/steam_pipeline_dag.py                           0           1  0.22s           2025-08-16T16:31:06
================================================================================
[2025-08-16T16:31:37.302+0000] {manager.py:878} INFO - 
================================================================================
DAG File Processing Stats

File Path                                PID    Runtime      # DAGs    # Errors  Last Runtime    Last Run
---------------------------------------  -----  ---------  --------  ----------  --------------  -------------------
/opt/airflow/dags/steam_pipeline_dag.py                           0           1  0.21s           2025-08-16T16:31:37
================================================================================
[2025-08-16T16:32:04.967+0000] {manager.py:878} INFO - 
================================================================================
DAG File Processing Stats

File Path                                PID    Runtime      # DAGs    # Errors  Last Runtime    Last Run
---------------------------------------  -----  ---------  --------  ----------  --------------  -------------------
/opt/airflow/dags/steam_pipeline_dag.py                           0           1  0.21s           2025-08-16T16:31:37
================================================================================
[2025-08-16T16:32:32.556+0000] {manager.py:878} INFO - 
================================================================================
DAG File Processing Stats

File Path                                PID    Runtime      # DAGs    # Errors  Last Runtime    Last Run
---------------------------------------  -----  ---------  --------  ----------  --------------  -------------------
/opt/airflow/dags/steam_pipeline_dag.py                           0           1  0.21s           2025-08-16T16:32:07
================================================================================
[2025-08-16T16:33:00.188+0000] {manager.py:878} INFO - 
================================================================================
DAG File Processing Stats

File Path                                PID    Runtime      # DAGs    # Errors  Last Runtime    Last Run
---------------------------------------  -----  ---------  --------  ----------  --------------  -------------------
/opt/airflow/dags/steam_pipeline_dag.py                           0           1  0.22s           2025-08-16T16:32:38
================================================================================
[2025-08-16T16:33:27.859+0000] {manager.py:878} INFO - 
================================================================================
DAG File Processing Stats

File Path                                PID    Runtime      # DAGs    # Errors  Last Runtime    Last Run
---------------------------------------  -----  ---------  --------  ----------  --------------  -------------------
/opt/airflow/dags/steam_pipeline_dag.py                           0           1  0.22s           2025-08-16T16:33:09
================================================================================
[2025-08-16T16:33:55.345+0000] {manager.py:878} INFO - 
================================================================================
DAG File Processing Stats

File Path                                PID    Runtime      # DAGs    # Errors  Last Runtime    Last Run
---------------------------------------  -----  ---------  --------  ----------  --------------  -------------------
/opt/airflow/dags/steam_pipeline_dag.py                           0           1  0.21s           2025-08-16T16:33:40
================================================================================
[2025-08-16T16:34:22.973+0000] {manager.py:878} INFO - 
================================================================================
DAG File Processing Stats

File Path                                PID    Runtime      # DAGs    # Errors  Last Runtime    Last Run
---------------------------------------  -----  ---------  --------  ----------  --------------  -------------------
/opt/airflow/dags/steam_pipeline_dag.py                           0           1  0.22s           2025-08-16T16:34:10
================================================================================
[2025-08-16T16:34:50.668+0000] {manager.py:878} INFO - 
================================================================================
DAG File Processing Stats

File Path                                PID    Runtime      # DAGs    # Errors  Last Runtime    Last Run
---------------------------------------  -----  ---------  --------  ----------  --------------  -------------------
/opt/airflow/dags/steam_pipeline_dag.py                           0           1  0.11s           2025-08-16T16:34:41
================================================================================
[2025-08-16T16:35:14.077+0000] {manager.py:737} INFO - Searching for files in /opt/airflow/dags
[2025-08-16T16:35:14.113+0000] {manager.py:740} INFO - There are 1 files in /opt/airflow/dags
[2025-08-16T16:35:18.375+0000] {manager.py:878} INFO - 
================================================================================
DAG File Processing Stats

File Path                                PID    Runtime      # DAGs    # Errors  Last Runtime    Last Run
---------------------------------------  -----  ---------  --------  ----------  --------------  -------------------
/opt/airflow/dags/steam_pipeline_dag.py                           0           1  0.12s           2025-08-16T16:35:11
================================================================================
[2025-08-16T16:35:46.041+0000] {manager.py:878} INFO - 
================================================================================
DAG File Processing Stats

File Path                                PID    Runtime      # DAGs    # Errors  Last Runtime    Last Run
---------------------------------------  -----  ---------  --------  ----------  --------------  -------------------
/opt/airflow/dags/steam_pipeline_dag.py                           0           1  0.22s           2025-08-16T16:35:41
================================================================================
[2025-08-16T16:36:13.659+0000] {manager.py:878} INFO - 
================================================================================
DAG File Processing Stats

File Path                                PID    Runtime      # DAGs    # Errors  Last Runtime    Last Run
---------------------------------------  -----  ---------  --------  ----------  --------------  -------------------
/opt/airflow/dags/steam_pipeline_dag.py                           0           1  0.22s           2025-08-16T16:36:12
================================================================================
[2025-08-16T16:36:41.231+0000] {manager.py:878} INFO - 
================================================================================
DAG File Processing Stats

File Path                                PID    Runtime      # DAGs    # Errors  Last Runtime    Last Run
---------------------------------------  -----  ---------  --------  ----------  --------------  -------------------
/opt/airflow/dags/steam_pipeline_dag.py                           0           1  0.22s           2025-08-16T16:36:12
================================================================================
[2025-08-16T16:37:08.970+0000] {manager.py:878} INFO - 
================================================================================
DAG File Processing Stats

File Path                                PID    Runtime      # DAGs    # Errors  Last Runtime    Last Run
---------------------------------------  -----  ---------  --------  ----------  --------------  -------------------
/opt/airflow/dags/steam_pipeline_dag.py                           0           1  0.11s           2025-08-16T16:36:43
================================================================================
[2025-08-16T16:37:36.663+0000] {manager.py:878} INFO - 
================================================================================
DAG File Processing Stats

File Path                                PID    Runtime      # DAGs    # Errors  Last Runtime    Last Run
---------------------------------------  -----  ---------  --------  ----------  --------------  -------------------
/opt/airflow/dags/steam_pipeline_dag.py                           0           1  0.12s           2025-08-16T16:37:13
================================================================================
[2025-08-16T16:38:04.195+0000] {manager.py:878} INFO - 
================================================================================
DAG File Processing Stats

File Path                                PID    Runtime      # DAGs    # Errors  Last Runtime    Last Run
---------------------------------------  -----  ---------  --------  ----------  --------------  -------------------
/opt/airflow/dags/steam_pipeline_dag.py                           0           1  0.31s           2025-08-16T16:37:44
================================================================================
[2025-08-16T16:38:31.999+0000] {manager.py:878} INFO - 
================================================================================
DAG File Processing Stats

File Path                                PID    Runtime      # DAGs    # Errors  Last Runtime    Last Run
---------------------------------------  -----  ---------  --------  ----------  --------------  -------------------
/opt/airflow/dags/steam_pipeline_dag.py                           0           1  0.21s           2025-08-16T16:38:14
================================================================================
[2025-08-16T16:38:59.598+0000] {manager.py:878} INFO - 
================================================================================
DAG File Processing Stats

File Path                                PID    Runtime      # DAGs    # Errors  Last Runtime    Last Run
---------------------------------------  -----  ---------  --------  ----------  --------------  -------------------
/opt/airflow/dags/steam_pipeline_dag.py                           0           1  0.11s           2025-08-16T16:38:45
================================================================================
[2025-08-16T16:39:27.209+0000] {manager.py:878} INFO - 
================================================================================
DAG File Processing Stats

File Path                                PID    Runtime      # DAGs    # Errors  Last Runtime    Last Run
---------------------------------------  -----  ---------  --------  ----------  --------------  -------------------
/opt/airflow/dags/steam_pipeline_dag.py                           0           1  0.22s           2025-08-16T16:39:16
================================================================================
[2025-08-16T16:39:54.876+0000] {manager.py:878} INFO - 
================================================================================
DAG File Processing Stats

File Path                                PID    Runtime      # DAGs    # Errors  Last Runtime    Last Run
---------------------------------------  -----  ---------  --------  ----------  --------------  -------------------
/opt/airflow/dags/steam_pipeline_dag.py                           0           1  0.22s           2025-08-16T16:39:47
================================================================================
[2025-08-16T16:40:14.881+0000] {manager.py:737} INFO - Searching for files in /opt/airflow/dags
[2025-08-16T16:40:14.925+0000] {manager.py:740} INFO - There are 1 files in /opt/airflow/dags
[2025-08-16T16:40:22.419+0000] {manager.py:878} INFO - 
================================================================================
DAG File Processing Stats

File Path                                PID    Runtime      # DAGs    # Errors  Last Runtime    Last Run
---------------------------------------  -----  ---------  --------  ----------  --------------  -------------------
/opt/airflow/dags/steam_pipeline_dag.py                           0           1  0.22s           2025-08-16T16:40:18
================================================================================
[2025-08-16T16:40:49.930+0000] {manager.py:878} INFO - 
================================================================================
DAG File Processing Stats

File Path                                PID    Runtime      # DAGs    # Errors  Last Runtime    Last Run
---------------------------------------  -----  ---------  --------  ----------  --------------  -------------------
/opt/airflow/dags/steam_pipeline_dag.py                           0           1  0.12s           2025-08-16T16:40:49
================================================================================
[2025-08-16T16:41:17.515+0000] {manager.py:878} INFO - 
================================================================================
DAG File Processing Stats

File Path                                PID    Runtime      # DAGs    # Errors  Last Runtime    Last Run
---------------------------------------  -----  ---------  --------  ----------  --------------  -------------------
/opt/airflow/dags/steam_pipeline_dag.py                           0           1  0.12s           2025-08-16T16:40:49
================================================================================
[2025-08-16T16:41:45.257+0000] {manager.py:878} INFO - 
================================================================================
DAG File Processing Stats

File Path                                PID    Runtime      # DAGs    # Errors  Last Runtime    Last Run
---------------------------------------  -----  ---------  --------  ----------  --------------  -------------------
/opt/airflow/dags/steam_pipeline_dag.py                           0           1  0.22s           2025-08-16T16:41:20
================================================================================
[2025-08-16T16:42:12.836+0000] {manager.py:878} INFO - 
================================================================================
DAG File Processing Stats

File Path                                PID    Runtime      # DAGs    # Errors  Last Runtime    Last Run
---------------------------------------  -----  ---------  --------  ----------  --------------  -------------------
/opt/airflow/dags/steam_pipeline_dag.py                           0           1  0.22s           2025-08-16T16:41:51
================================================================================
[2025-08-16T16:42:39.119+0000] {manager.py:878} INFO - 
================================================================================
DAG File Processing Stats

File Path                                PID    Runtime      # DAGs    # Errors  Last Runtime    Last Run
---------------------------------------  -----  ---------  --------  ----------  --------------  -------------------
/opt/airflow/dags/steam_pipeline_dag.py                           0           1  0.11s           2025-08-16T16:42:21
================================================================================
[2025-08-16T16:43:08.163+0000] {manager.py:878} INFO - 
================================================================================
DAG File Processing Stats

File Path                                PID    Runtime      # DAGs    # Errors  Last Runtime    Last Run
---------------------------------------  -----  ---------  --------  ----------  --------------  -------------------
/opt/airflow/dags/steam_pipeline_dag.py                           0           1  0.21s           2025-08-16T16:42:52
================================================================================
[2025-08-16T16:43:35.840+0000] {manager.py:878} INFO - 
================================================================================
DAG File Processing Stats

File Path                                PID    Runtime      # DAGs    # Errors  Last Runtime    Last Run
---------------------------------------  -----  ---------  --------  ----------  --------------  -------------------
/opt/airflow/dags/steam_pipeline_dag.py                           0           1  0.11s           2025-08-16T16:43:23
================================================================================
[2025-08-16T16:44:03.423+0000] {manager.py:878} INFO - 
================================================================================
DAG File Processing Stats

File Path                                PID    Runtime      # DAGs    # Errors  Last Runtime    Last Run
---------------------------------------  -----  ---------  --------  ----------  --------------  -------------------
/opt/airflow/dags/steam_pipeline_dag.py                           0           1  0.22s           2025-08-16T16:43:54
================================================================================
[2025-08-16T16:44:31.109+0000] {manager.py:878} INFO - 
================================================================================
DAG File Processing Stats

File Path                                PID    Runtime      # DAGs    # Errors  Last Runtime    Last Run
---------------------------------------  -----  ---------  --------  ----------  --------------  -------------------
/opt/airflow/dags/steam_pipeline_dag.py                           0           1  0.21s           2025-08-16T16:44:24
================================================================================
[2025-08-16T16:44:58.734+0000] {manager.py:878} INFO - 
================================================================================
DAG File Processing Stats

File Path                                PID    Runtime      # DAGs    # Errors  Last Runtime    Last Run
---------------------------------------  -----  ---------  --------  ----------  --------------  -------------------
/opt/airflow/dags/steam_pipeline_dag.py                           0           1  0.22s           2025-08-16T16:44:55
================================================================================
[2025-08-16T16:45:14.983+0000] {manager.py:737} INFO - Searching for files in /opt/airflow/dags
[2025-08-16T16:45:15.025+0000] {manager.py:740} INFO - There are 1 files in /opt/airflow/dags
[2025-08-16T16:45:26.480+0000] {manager.py:878} INFO - 
================================================================================
DAG File Processing Stats

File Path                                PID    Runtime      # DAGs    # Errors  Last Runtime    Last Run
---------------------------------------  -----  ---------  --------  ----------  --------------  -------------------
/opt/airflow/dags/steam_pipeline_dag.py                           0           1  0.21s           2025-08-16T16:45:26
================================================================================
[2025-08-16T16:45:54.088+0000] {manager.py:878} INFO - 
================================================================================
DAG File Processing Stats

File Path                                PID    Runtime      # DAGs    # Errors  Last Runtime    Last Run
---------------------------------------  -----  ---------  --------  ----------  --------------  -------------------
/opt/airflow/dags/steam_pipeline_dag.py                           0           1  0.21s           2025-08-16T16:45:26
================================================================================
[2025-08-16T16:46:20.556+0000] {manager.py:878} INFO - 
================================================================================
DAG File Processing Stats

File Path                                PID    Runtime      # DAGs    # Errors  Last Runtime    Last Run
---------------------------------------  -----  ---------  --------  ----------  --------------  -------------------
/opt/airflow/dags/steam_pipeline_dag.py                           0           1  0.21s           2025-08-16T16:45:57
================================================================================
[2025-08-16T16:46:49.423+0000] {manager.py:878} INFO - 
================================================================================
DAG File Processing Stats

File Path                                PID    Runtime      # DAGs    # Errors  Last Runtime    Last Run
---------------------------------------  -----  ---------  --------  ----------  --------------  -------------------
/opt/airflow/dags/steam_pipeline_dag.py                           0           1  0.12s           2025-08-16T16:46:28
================================================================================
[2025-08-16T16:47:16.941+0000] {manager.py:878} INFO - 
================================================================================
DAG File Processing Stats

File Path                                PID    Runtime      # DAGs    # Errors  Last Runtime    Last Run
---------------------------------------  -----  ---------  --------  ----------  --------------  -------------------
/opt/airflow/dags/steam_pipeline_dag.py                           0           1  0.21s           2025-08-16T16:46:58
================================================================================
[2025-08-16T16:47:44.557+0000] {manager.py:878} INFO - 
================================================================================
DAG File Processing Stats

File Path                                PID    Runtime      # DAGs    # Errors  Last Runtime    Last Run
---------------------------------------  -----  ---------  --------  ----------  --------------  -------------------
/opt/airflow/dags/steam_pipeline_dag.py                           0           1  0.11s           2025-08-16T16:47:29
================================================================================
[2025-08-16T16:48:12.238+0000] {manager.py:878} INFO - 
================================================================================
DAG File Processing Stats

File Path                                PID    Runtime      # DAGs    # Errors  Last Runtime    Last Run
---------------------------------------  -----  ---------  --------  ----------  --------------  -------------------
/opt/airflow/dags/steam_pipeline_dag.py                           0           1  0.22s           2025-08-16T16:47:59
================================================================================
[2025-08-16T16:48:39.814+0000] {manager.py:878} INFO - 
================================================================================
DAG File Processing Stats

File Path                                PID    Runtime      # DAGs    # Errors  Last Runtime    Last Run
---------------------------------------  -----  ---------  --------  ----------  --------------  -------------------
/opt/airflow/dags/steam_pipeline_dag.py                           0           1  0.21s           2025-08-16T16:48:30
================================================================================
[2025-08-16T16:49:07.585+0000] {manager.py:878} INFO - 
================================================================================
DAG File Processing Stats

File Path                                PID    Runtime      # DAGs    # Errors  Last Runtime    Last Run
---------------------------------------  -----  ---------  --------  ----------  --------------  -------------------
/opt/airflow/dags/steam_pipeline_dag.py                           0           1  0.11s           2025-08-16T16:49:00
================================================================================
[2025-08-16T16:49:35.204+0000] {manager.py:878} INFO - 
================================================================================
DAG File Processing Stats

File Path                                PID    Runtime      # DAGs    # Errors  Last Runtime    Last Run
---------------------------------------  -----  ---------  --------  ----------  --------------  -------------------
/opt/airflow/dags/steam_pipeline_dag.py                           0           1  0.21s           2025-08-16T16:49:31
================================================================================
[2025-08-16T16:50:02.883+0000] {manager.py:878} INFO - 
================================================================================
DAG File Processing Stats

File Path                                PID    Runtime      # DAGs    # Errors  Last Runtime    Last Run
---------------------------------------  -----  ---------  --------  ----------  --------------  -------------------
/opt/airflow/dags/steam_pipeline_dag.py                           0           1  0.21s           2025-08-16T16:50:01
================================================================================
[2025-08-16T16:50:15.445+0000] {manager.py:737} INFO - Searching for files in /opt/airflow/dags
[2025-08-16T16:50:15.544+0000] {manager.py:740} INFO - There are 1 files in /opt/airflow/dags
[2025-08-16T16:50:30.604+0000] {manager.py:878} INFO - 
================================================================================
DAG File Processing Stats

File Path                                PID    Runtime      # DAGs    # Errors  Last Runtime    Last Run
---------------------------------------  -----  ---------  --------  ----------  --------------  -------------------
/opt/airflow/dags/steam_pipeline_dag.py                           0           1  0.21s           2025-08-16T16:50:01
================================================================================
[2025-08-16T16:50:58.278+0000] {manager.py:878} INFO - 
================================================================================
DAG File Processing Stats

File Path                                PID    Runtime      # DAGs    # Errors  Last Runtime    Last Run
---------------------------------------  -----  ---------  --------  ----------  --------------  -------------------
/opt/airflow/dags/steam_pipeline_dag.py                           0           1  0.21s           2025-08-16T16:50:32
================================================================================
[2025-08-16T16:51:25.802+0000] {manager.py:878} INFO - 
================================================================================
DAG File Processing Stats

File Path                                PID    Runtime      # DAGs    # Errors  Last Runtime    Last Run
---------------------------------------  -----  ---------  --------  ----------  --------------  -------------------
/opt/airflow/dags/steam_pipeline_dag.py                           0           1  0.22s           2025-08-16T16:51:02
================================================================================
[2025-08-16T16:51:53.520+0000] {manager.py:878} INFO - 
================================================================================
DAG File Processing Stats

File Path                                PID    Runtime      # DAGs    # Errors  Last Runtime    Last Run
---------------------------------------  -----  ---------  --------  ----------  --------------  -------------------
/opt/airflow/dags/steam_pipeline_dag.py                           0           1  0.22s           2025-08-16T16:51:33
================================================================================
[2025-08-16T16:52:21.143+0000] {manager.py:878} INFO - 
================================================================================
DAG File Processing Stats

File Path                                PID    Runtime      # DAGs    # Errors  Last Runtime    Last Run
---------------------------------------  -----  ---------  --------  ----------  --------------  -------------------
/opt/airflow/dags/steam_pipeline_dag.py                           0           1  0.22s           2025-08-16T16:52:04
================================================================================
[2025-08-16T16:52:48.760+0000] {manager.py:878} INFO - 
================================================================================
DAG File Processing Stats

File Path                                PID    Runtime      # DAGs    # Errors  Last Runtime    Last Run
---------------------------------------  -----  ---------  --------  ----------  --------------  -------------------
/opt/airflow/dags/steam_pipeline_dag.py                           0           1  0.11s           2025-08-16T16:52:34
================================================================================
[2025-08-16T16:53:16.297+0000] {manager.py:878} INFO - 
================================================================================
DAG File Processing Stats

File Path                                PID    Runtime      # DAGs    # Errors  Last Runtime    Last Run
---------------------------------------  -----  ---------  --------  ----------  --------------  -------------------
/opt/airflow/dags/steam_pipeline_dag.py                           0           1  0.30s           2025-08-16T16:53:06
================================================================================
[2025-08-16T16:53:43.985+0000] {manager.py:878} INFO - 
================================================================================
DAG File Processing Stats

File Path                                PID    Runtime      # DAGs    # Errors  Last Runtime    Last Run
---------------------------------------  -----  ---------  --------  ----------  --------------  -------------------
/opt/airflow/dags/steam_pipeline_dag.py                           0           1  0.22s           2025-08-16T16:53:36
================================================================================
[2025-08-16T16:54:11.640+0000] {manager.py:878} INFO - 
================================================================================
DAG File Processing Stats

File Path                                PID    Runtime      # DAGs    # Errors  Last Runtime    Last Run
---------------------------------------  -----  ---------  --------  ----------  --------------  -------------------
/opt/airflow/dags/steam_pipeline_dag.py                           0           1  0.21s           2025-08-16T16:54:07
================================================================================
[2025-08-16T16:54:39.343+0000] {manager.py:878} INFO - 
================================================================================
DAG File Processing Stats

File Path                                PID    Runtime      # DAGs    # Errors  Last Runtime    Last Run
---------------------------------------  -----  ---------  --------  ----------  --------------  -------------------
/opt/airflow/dags/steam_pipeline_dag.py                           0           1  0.22s           2025-08-16T16:54:38
================================================================================
[2025-08-16T16:55:06.877+0000] {manager.py:878} INFO - 
================================================================================
DAG File Processing Stats

File Path                                PID    Runtime      # DAGs    # Errors  Last Runtime    Last Run
---------------------------------------  -----  ---------  --------  ----------  --------------  -------------------
/opt/airflow/dags/steam_pipeline_dag.py                           0           1  0.22s           2025-08-16T16:54:38
================================================================================
[2025-08-16T16:55:16.459+0000] {manager.py:737} INFO - Searching for files in /opt/airflow/dags
[2025-08-16T16:55:16.497+0000] {manager.py:740} INFO - There are 1 files in /opt/airflow/dags
[2025-08-16T16:55:34.551+0000] {manager.py:878} INFO - 
================================================================================
DAG File Processing Stats

File Path                                PID    Runtime      # DAGs    # Errors  Last Runtime    Last Run
---------------------------------------  -----  ---------  --------  ----------  --------------  -------------------
/opt/airflow/dags/steam_pipeline_dag.py                           0           1  0.22s           2025-08-16T16:55:09
================================================================================
[2025-08-16T16:56:03.827+0000] {manager.py:878} INFO - 
================================================================================
DAG File Processing Stats

File Path                                PID    Runtime      # DAGs    # Errors  Last Runtime    Last Run
---------------------------------------  -----  ---------  --------  ----------  --------------  -------------------
/opt/airflow/dags/steam_pipeline_dag.py                           0           1  0.21s           2025-08-16T16:55:40
================================================================================
[2025-08-16T16:56:30.093+0000] {manager.py:878} INFO - 
================================================================================
DAG File Processing Stats

File Path                                PID    Runtime      # DAGs    # Errors  Last Runtime    Last Run
---------------------------------------  -----  ---------  --------  ----------  --------------  -------------------
/opt/airflow/dags/steam_pipeline_dag.py                           0           1  0.22s           2025-08-16T16:56:10
================================================================================
[2025-08-16T16:56:57.872+0000] {manager.py:878} INFO - 
================================================================================
DAG File Processing Stats

File Path                                PID    Runtime      # DAGs    # Errors  Last Runtime    Last Run
---------------------------------------  -----  ---------  --------  ----------  --------------  -------------------
/opt/airflow/dags/steam_pipeline_dag.py                           0           1  0.21s           2025-08-16T16:56:41
================================================================================
[2025-08-16T16:57:25.478+0000] {manager.py:878} INFO - 
================================================================================
DAG File Processing Stats

File Path                                PID    Runtime      # DAGs    # Errors  Last Runtime    Last Run
---------------------------------------  -----  ---------  --------  ----------  --------------  -------------------
/opt/airflow/dags/steam_pipeline_dag.py                           0           1  0.22s           2025-08-16T16:57:11
================================================================================
[2025-08-16T16:57:53.089+0000] {manager.py:878} INFO - 
================================================================================
DAG File Processing Stats

File Path                                PID    Runtime      # DAGs    # Errors  Last Runtime    Last Run
---------------------------------------  -----  ---------  --------  ----------  --------------  -------------------
/opt/airflow/dags/steam_pipeline_dag.py                           0           1  0.22s           2025-08-16T16:57:42
================================================================================
[2025-08-16T16:58:20.681+0000] {manager.py:878} INFO - 
================================================================================
DAG File Processing Stats

File Path                                PID    Runtime      # DAGs    # Errors  Last Runtime    Last Run
---------------------------------------  -----  ---------  --------  ----------  --------------  -------------------
/opt/airflow/dags/steam_pipeline_dag.py                           0           1  0.11s           2025-08-16T16:58:12
================================================================================
[2025-08-16T16:58:48.357+0000] {manager.py:878} INFO - 
================================================================================
DAG File Processing Stats

File Path                                PID    Runtime      # DAGs    # Errors  Last Runtime    Last Run
---------------------------------------  -----  ---------  --------  ----------  --------------  -------------------
/opt/airflow/dags/steam_pipeline_dag.py                           0           1  0.21s           2025-08-16T16:58:43
================================================================================
[2025-08-16T16:59:16.015+0000] {manager.py:878} INFO - 
================================================================================
DAG File Processing Stats

File Path                                PID    Runtime      # DAGs    # Errors  Last Runtime    Last Run
---------------------------------------  -----  ---------  --------  ----------  --------------  -------------------
/opt/airflow/dags/steam_pipeline_dag.py                           0           1  0.21s           2025-08-16T16:59:15
================================================================================
[2025-08-16T16:59:43.620+0000] {manager.py:878} INFO - 
================================================================================
DAG File Processing Stats

File Path                                PID    Runtime      # DAGs    # Errors  Last Runtime    Last Run
---------------------------------------  -----  ---------  --------  ----------  --------------  -------------------
/opt/airflow/dags/steam_pipeline_dag.py                           0           1  0.21s           2025-08-16T16:59:15
================================================================================
[2025-08-16T17:00:11.306+0000] {manager.py:878} INFO - 
================================================================================
DAG File Processing Stats

File Path                                PID    Runtime      # DAGs    # Errors  Last Runtime    Last Run
---------------------------------------  -----  ---------  --------  ----------  --------------  -------------------
/opt/airflow/dags/steam_pipeline_dag.py                           0           1  0.21s           2025-08-16T16:59:45
================================================================================
[2025-08-16T17:00:17.124+0000] {manager.py:737} INFO - Searching for files in /opt/airflow/dags
[2025-08-16T17:00:17.162+0000] {manager.py:740} INFO - There are 1 files in /opt/airflow/dags
[2025-08-16T17:00:38.219+0000] {manager.py:878} INFO - 
================================================================================
DAG File Processing Stats

File Path                                PID    Runtime      # DAGs    # Errors  Last Runtime    Last Run
---------------------------------------  -----  ---------  --------  ----------  --------------  -------------------
/opt/airflow/dags/steam_pipeline_dag.py                           0           1  0.11s           2025-08-16T17:00:16
================================================================================
[2025-08-16T17:01:05.817+0000] {manager.py:878} INFO - 
================================================================================
DAG File Processing Stats

File Path                                PID    Runtime      # DAGs    # Errors  Last Runtime    Last Run
---------------------------------------  -----  ---------  --------  ----------  --------------  -------------------
/opt/airflow/dags/steam_pipeline_dag.py                           0           1  0.21s           2025-08-16T17:00:46
================================================================================
[2025-08-16T17:01:31.789+0000] {manager.py:878} INFO - 
================================================================================
DAG File Processing Stats

File Path                                PID    Runtime      # DAGs    # Errors  Last Runtime    Last Run
---------------------------------------  -----  ---------  --------  ----------  --------------  -------------------
/opt/airflow/dags/steam_pipeline_dag.py                           0           1  0.22s           2025-08-16T17:01:17
================================================================================
[2025-08-16T17:01:59.502+0000] {manager.py:878} INFO - 
================================================================================
DAG File Processing Stats

File Path                                PID    Runtime      # DAGs    # Errors  Last Runtime    Last Run
---------------------------------------  -----  ---------  --------  ----------  --------------  -------------------
/opt/airflow/dags/steam_pipeline_dag.py                           0           1  0.22s           2025-08-16T17:01:48
================================================================================
[2025-08-16T17:02:27.159+0000] {manager.py:878} INFO - 
================================================================================
DAG File Processing Stats

File Path                                PID    Runtime      # DAGs    # Errors  Last Runtime    Last Run
---------------------------------------  -----  ---------  --------  ----------  --------------  -------------------
/opt/airflow/dags/steam_pipeline_dag.py                           0           1  0.21s           2025-08-16T17:02:19
================================================================================
